nearest_node,dist_to_node_m,nama_kelurahan,nama_kecamatan,jumlah_penduduk,lon,lat,wilayah_samsat,rasio_ev_wilayah,estimasi_ev
302280706,50.30553821245502,Manjahlega,Rancasari,22353,107.6660914,-6.940647200000004,Soekarno Hatta,0.0024232107542493,54.1660299897364
9307974158,21.1668135288705,Cisaranten Wetan,Cinambo,6670,107.6882496,-6.9267996999999975,Soekarno Hatta,0.0024232107542493,16.162815730843366
5358149097,2.849088551221661,Mekar Mulya,Panyileukan,8059,107.7014762,-6.9243032999999965,Soekarno Hatta,0.0024232107542493,19.52865546849576
12573341903,15.266394370538396,Kujangsari,Bandung Kidul,23091,107.6383848,-6.965355599999993,Soekarno Hatta,0.0024232107542493,55.95435952637244
11369732750,58.98023391368489,Sukahaji,Babakan Ciparay,32479,107.581805,-6.922430199999996,Pajajaran,0.0025141975770577,81.65862310525748
9340200136,6.476403624640206,Sekejati,Buahbatu,26388,107.6531155,-6.951553499999993,Soekarno Hatta,0.0024232107542493,63.943685383132646
11052060891,16.95363719336463,Pasanggrahan,Ujungberung,21969,107.716641,-6.910842199999998,Soekarno Hatta,0.0024232107542493,53.23551706010464
1381644983,17.883741448084653,Sekeloa,Coblong,27466,107.61844063362668,-6.883624041819182,Kawaluyaan,0.0026821646702334,73.66833483263103
5149616893,36.60168031455195,Sekeloa,Coblong,27466,107.61694992147132,-6.88613303254299,Kawaluyaan,0.0026821646702334,73.66833483263103
9814074564,84.25375981778068,Cihapit,Bandung Wetan,4223,107.62473296590936,-6.909832169619745,Kawaluyaan,0.0026821646702334,11.32678140239572
302280706,44.63817872568308,Manjahlega,Rancasari,22353,107.66601948713097,-6.940598893313972,Soekarno Hatta,0.0024232107542493,54.1660299897364
1709854430,12.039980404088157,Dago,Coblong,36061,107.61475977094716,-6.879196674960111,Kawaluyaan,0.0026821646702334,96.72154017328724
5463988167,65.88342512915571,Cipaganti,Coblong,12118,107.60571914117772,-6.89189295733324,Kawaluyaan,0.0026821646702334,32.50247147388855
3373712065,33.81347395767557,Dago,Coblong,36061,107.61768836670848,-6.877109705247971,Kawaluyaan,0.0026821646702334,96.72154017328724
1662376887,18.59854153319156,Dago,Coblong,36061,107.61901469968792,-6.874134771646624,Kawaluyaan,0.0026821646702334,96.72154017328724
1381585534,25.75367197126823,Sekeloa,Coblong,27466,107.6161205500005,-6.881250150001881,Kawaluyaan,0.0026821646702334,73.66833483263103
1381585557,58.68668033085447,Dago,Coblong,36061,107.61515773358124,-6.882362248419709,Kawaluyaan,0.0026821646702334,96.72154017328724
1960168485,34.790688250388214,Dago,Coblong,36061,107.61598419024205,-6.880122588181369,Kawaluyaan,0.0026821646702334,96.72154017328724
2325448480,39.22452833147973,Dago,Coblong,36061,107.61609445454636,-6.879572281398474,Kawaluyaan,0.0026821646702334,96.72154017328724
12079490288,13.143408852721391,Dago,Coblong,36061,107.61588060348264,-6.880987817458385,Kawaluyaan,0.0026821646702334,96.72154017328724
1662377003,30.73267322837047,Dago,Coblong,36061,107.61714580503563,-6.877392504698896,Kawaluyaan,0.0026821646702334,96.72154017328724
1662376887,37.82326003782949,Dago,Coblong,36061,107.61887403790632,-6.874264265581237,Kawaluyaan,0.0026821646702334,96.72154017328724
3806722513,36.88694052457035,Dago,Coblong,36061,107.61668583095968,-6.880283591606983,Kawaluyaan,0.0026821646702334,96.72154017328724
1662376617,30.68713187040326,Dago,Coblong,36061,107.61792494999952,-6.876071500009407,Kawaluyaan,0.0026821646702334,96.72154017328724
1662376617,32.62296854117388,Dago,Coblong,36061,107.61785477532604,-6.876377163246007,Kawaluyaan,0.0026821646702334,96.72154017328724
5463827219,48.31141305780688,Sekeloa,Coblong,27466,107.61494125369228,-6.8831283542643,Kawaluyaan,0.0026821646702334,73.66833483263103
1662377003,49.99986227044266,Dago,Coblong,36061,107.6172910066226,-6.8768076724237455,Kawaluyaan,0.0026821646702334,96.72154017328724
11142011576,42.80680486523277,Dago,Coblong,36061,107.61810066679786,-6.875849702012348,Kawaluyaan,0.0026821646702334,96.72154017328724
1662376617,38.98227257369167,Dago,Coblong,36061,107.6179784896351,-6.875942446926595,Kawaluyaan,0.0026821646702334,96.72154017328724
1662376803,23.79063922441604,Dago,Coblong,36061,107.61814347146104,-6.876511487106403,Kawaluyaan,0.0026821646702334,96.72154017328724
1960168421,26.57053320842982,Dago,Coblong,36061,107.61812900000363,-6.876669099999505,Kawaluyaan,0.0026821646702334,96.72154017328724
1662376865,25.84126216859183,Dago,Coblong,36061,107.6208293950918,-6.868611775824727,Kawaluyaan,0.0026821646702334,96.72154017328724
1662377004,40.39183883398832,Dago,Coblong,36061,107.62091146287727,-6.867749078320267,Kawaluyaan,0.0026821646702334,96.72154017328724
1662376902,42.635795982959294,Dago,Coblong,36061,107.61999840382916,-6.873089109088977,Kawaluyaan,0.0026821646702334,96.72154017328724
1662376887,30.481744406597286,Dago,Coblong,36061,107.61915880000032,-6.8738405000009895,Kawaluyaan,0.0026821646702334,96.72154017328724
9857241871,53.24747775526365,Kebon Pisang,Sumur Bandung,12580,107.62060755781866,-6.920468280668893,Kawaluyaan,0.0026821646702334,33.741631551536386
1658919998,45.5441608408433,Taman Sari,Bandung Wetan,22984,107.60750738818004,-6.899042008644988,Kawaluyaan,0.0026821646702334,61.646872780644856
5455786442,8.284227847232296,Karang Pamulang,Mandalajati,19919,107.6760946130112,-6.8956539735236735,Soekarno Hatta,0.0024232107542493,48.26793501389341
5455786438,19.717223906018127,Karang Pamulang,Mandalajati,19919,107.67588823818213,-6.895200349568349,Soekarno Hatta,0.0024232107542493,48.26793501389341
5455786438,28.53205833104307,Karang Pamulang,Mandalajati,19919,107.67577056542,-6.895352978032633,Soekarno Hatta,0.0024232107542493,48.26793501389341
3443083570,21.19242868469967,Sekeloa,Coblong,27466,107.6182600940514,-6.886652917112985,Kawaluyaan,0.0026821646702334,73.66833483263103
3441810674,51.084241733818224,Sekeloa,Coblong,27466,107.6181283682398,-6.886320219917648,Kawaluyaan,0.0026821646702334,73.66833483263103
3443083570,35.57834628608965,Sekeloa,Coblong,27466,107.61813927641089,-6.886741893861173,Kawaluyaan,0.0026821646702334,73.66833483263103
3443083570,43.53454784630362,Sekeloa,Coblong,27466,107.61806959762475,-6.886759791099812,Kawaluyaan,0.0026821646702334,73.66833483263103
3441810674,40.89694014569312,Sekeloa,Coblong,27466,107.61830297638885,-6.886185984458205,Kawaluyaan,0.0026821646702334,73.66833483263103
3441810670,26.538501859830365,Sekeloa,Coblong,27466,107.6183855730924,-6.885941048525511,Kawaluyaan,0.0026821646702334,73.66833483263103
3441810670,34.01140559740848,Sekeloa,Coblong,27466,107.61848635821816,-6.88601232166669,Kawaluyaan,0.0026821646702334,73.66833483263103
1385463119,14.963542493057233,Sekeloa,Coblong,27466,107.61889138158524,-6.886276661050222,Kawaluyaan,0.0026821646702334,73.66833483263103
11104669202,129.67951975199395,Lebak Gede,Coblong,11156,107.61402535955844,-6.893083675418399,Kawaluyaan,0.0026821646702334,29.922229061124
11143200363,83.68767671737182,Sukawarna,Sukajadi,14842,107.58035546708142,-6.8818266684699125,Pajajaran,0.0025141975770577,37.31572043869058
11014872291,71.7064018410129,Sukawarna,Sukajadi,14842,107.5799216499968,-6.881496000000142,Pajajaran,0.0025141975770577,37.31572043869058
11014872291,82.59066814486745,Sukawarna,Sukajadi,14842,107.58006259927524,-6.881431832434688,Pajajaran,0.0025141975770577,37.31572043869058
11014872291,75.13142867620027,Sukawarna,Sukajadi,14842,107.57977433425134,-6.881703930791477,Pajajaran,0.0025141975770577,37.31572043869058
11143200363,100.7940112219638,Sukawarna,Sukajadi,14842,107.580082038283,-6.881941594036582,Pajajaran,0.0025141975770577,37.31572043869058
11143200363,75.496111024506,Sukawarna,Sukajadi,14842,107.58048372947798,-6.881813408731493,Pajajaran,0.0025141975770577,37.31572043869058
11143200363,75.06028661604698,Sukawarna,Sukajadi,14842,107.58028531311427,-6.882055091778666,Pajajaran,0.0025141975770577,37.31572043869058
11143200363,69.27475881487933,Sukawarna,Sukajadi,14842,107.58036430657585,-6.882022221821092,Pajajaran,0.0025141975770577,37.31572043869058
11143200363,63.25964908244172,Sukawarna,Sukajadi,14842,107.58044157812924,-6.882007394730171,Pajajaran,0.0025141975770577,37.31572043869058
11143200363,57.056649592989714,Sukawarna,Sukajadi,14842,107.58053256448336,-6.881990128986321,Pajajaran,0.0025141975770577,37.31572043869058
11347393969,85.51473310669033,Sukawarna,Sukajadi,14842,107.5802525109334,-6.881395575101317,Pajajaran,0.0025141975770577,37.31572043869058
11347393969,62.4555054175012,Sukawarna,Sukajadi,14842,107.58043467044318,-6.8812841397321085,Pajajaran,0.0025141975770577,37.31572043869058
11143200364,85.24943433420191,Sukawarna,Sukajadi,14842,107.58035379999713,-6.881516800000626,Pajajaran,0.0025141975770577,37.31572043869058
11143200364,95.55024799784933,Sukawarna,Sukajadi,14842,107.5802640017826,-6.88155416870837,Pajajaran,0.0025141975770577,37.31572043869058
11143200363,71.18468432524077,Sukawarna,Sukajadi,14842,107.58069104999473,-6.881749400000286,Pajajaran,0.0025141975770577,37.31572043869058
5458423164,20.07020029041983,Sukagalih,Sukajadi,19076,107.58256915970738,-6.882649327697595,Pajajaran,0.0025141975770577,47.96083297995294
1659928196,18.774967534121725,Sukagalih,Sukajadi,19076,107.58237308220144,-6.882631441518207,Pajajaran,0.0025141975770577,47.96083297995294
5458423162,35.49207916803769,Sukagalih,Sukajadi,19076,107.5829460494241,-6.882636800469466,Pajajaran,0.0025141975770577,47.96083297995294
5458423164,21.83479553695524,Sukagalih,Sukajadi,19076,107.58278224393186,-6.882670403828541,Pajajaran,0.0025141975770577,47.96083297995294
5458423372,57.43381640009654,Sarijadi,Sukasari,27619,107.58089979939724,-6.879238432239737,Pajajaran,0.0025141975770577,69.43962288075699
5458423372,43.35431218543572,Sarijadi,Sukasari,27619,107.58085682787134,-6.879504776439191,Pajajaran,0.0025141975770577,69.43962288075699
5458423372,58.82577303981829,Sarijadi,Sukasari,27619,107.580765295516,-6.879373846519246,Pajajaran,0.0025141975770577,69.43962288075699
5458423372,66.0954600501476,Sarijadi,Sukasari,27619,107.5806487330203,-6.879479225816835,Pajajaran,0.0025141975770577,69.43962288075699
5458423372,70.34617159828824,Sarijadi,Sukasari,27619,107.58058710359262,-6.879628752005573,Pajajaran,0.0025141975770577,69.43962288075699
6443316201,70.62532220936842,Sarijadi,Sukasari,27619,107.58043863969478,-6.879723383621747,Pajajaran,0.0025141975770577,69.43962288075699
6443316201,57.00822086677421,Sarijadi,Sukasari,27619,107.5802910161254,-6.879793778984959,Pajajaran,0.0025141975770577,69.43962288075699
6443316201,44.60118269655408,Sarijadi,Sukasari,27619,107.58018537593954,-6.879884837600717,Pajajaran,0.0025141975770577,69.43962288075699
6443316201,64.84169664987378,Sarijadi,Sukasari,27619,107.58062842251624,-6.8799686420931625,Pajajaran,0.0025141975770577,69.43962288075699
6443316201,49.59911016166483,Sarijadi,Sukasari,27619,107.58048391820525,-6.880003456298905,Pajajaran,0.0025141975770577,69.43962288075699
6443316201,36.30019706280308,Sarijadi,Sukasari,27619,107.58035028906455,-6.880037335906412,Pajajaran,0.0025141975770577,69.43962288075699
6443316201,24.576148587960144,Sarijadi,Sukasari,27619,107.580219284724,-6.880079324348664,Pajajaran,0.0025141975770577,69.43962288075699
5458423358,54.23309197001792,Sarijadi,Sukasari,27619,107.57995974419973,-6.879327293594669,Pajajaran,0.0025141975770577,69.43962288075699
5149655060,76.8486198780983,Sarijadi,Sukasari,27619,107.58022696627928,-6.879427240370625,Pajajaran,0.0025141975770577,69.43962288075699
5149655060,58.317176024576,Sarijadi,Sukasari,27619,107.58019587683184,-6.879238541186152,Pajajaran,0.0025141975770577,69.43962288075699
5149655060,76.92984399736312,Sarijadi,Sukasari,27619,107.58033648545717,-6.87933626666961,Pajajaran,0.0025141975770577,69.43962288075699
5149655060,59.54831863764716,Sarijadi,Sukasari,27619,107.5803019500004,-6.879123750002682,Pajajaran,0.0025141975770577,69.43962288075699
5149655060,78.16687940415277,Sarijadi,Sukasari,27619,107.58043135000116,-6.879234650002686,Pajajaran,0.0025141975770577,69.43962288075699
5149655060,81.37082064072825,Sarijadi,Sukasari,27619,107.58052325172062,-6.879117483205048,Pajajaran,0.0025141975770577,69.43962288075699
5149655060,64.64202729079558,Sarijadi,Sukasari,27619,107.58039380179252,-6.879029933312706,Pajajaran,0.0025141975770577,69.43962288075699
5458423380,52.38541843322365,Sarijadi,Sukasari,27619,107.57974324144708,-6.879616374559407,Pajajaran,0.0025141975770577,69.43962288075699
5458423218,70.66628273626853,Sarijadi,Sukasari,27619,107.57989263801396,-6.879691832875278,Pajajaran,0.0025141975770577,69.43962288075699
3059941385,57.79094641036927,Sarijadi,Sukasari,27619,107.57984950997874,-6.879830313323378,Pajajaran,0.0025141975770577,69.43962288075699
3059941385,41.52947375724191,Sarijadi,Sukasari,27619,107.57985985829846,-6.879989505576281,Pajajaran,0.0025141975770577,69.43962288075699
5458423218,53.92090121103002,Sarijadi,Sukasari,27619,107.57966834330578,-6.879793053974275,Pajajaran,0.0025141975770577,69.43962288075699
10171907475,41.93590948904935,Sarijadi,Sukasari,27619,107.57968693080018,-6.880013067437479,Pajajaran,0.0025141975770577,69.43962288075699
3059941385,24.59319549903447,Sarijadi,Sukasari,27619,107.57989701091816,-6.880152998823096,Pajajaran,0.0025141975770577,69.43962288075699
10171907475,23.10753577347434,Sarijadi,Sukasari,27619,107.57971791891164,-6.880203537585054,Pajajaran,0.0025141975770577,69.43962288075699
5458423357,28.488496090000705,Sarijadi,Sukasari,27619,107.57903256175464,-6.880394251664791,Pajajaran,0.0025141975770577,69.43962288075699
3059940973,20.563444909227485,Sarijadi,Sukasari,27619,107.57838432667724,-6.880483063388678,Pajajaran,0.0025141975770577,69.43962288075699
1667980029,23.67180944200065,Sarijadi,Sukasari,27619,107.57828467742031,-6.880421558983529,Pajajaran,0.0025141975770577,69.43962288075699
5507066787,22.313068183684745,Sarijadi,Sukasari,27619,107.57892039811406,-6.880351572940313,Pajajaran,0.0025141975770577,69.43962288075699
3059938826,22.50520352543353,Sarijadi,Sukasari,27619,107.57873050618096,-6.880267889135748,Pajajaran,0.0025141975770577,69.43962288075699
6443175830,20.91166087188808,Sarijadi,Sukasari,27619,107.57663745120524,-6.88041282267388,Pajajaran,0.0025141975770577,69.43962288075699
1667213304,15.21293926899977,Sarijadi,Sukasari,27619,107.57654156140056,-6.88049890933755,Pajajaran,0.0025141975770577,69.43962288075699
1667213304,16.38602773944212,Sarijadi,Sukasari,27619,107.57648757738744,-6.880606915952492,Pajajaran,0.0025141975770577,69.43962288075699
1667213304,31.655739341967923,Sarijadi,Sukasari,27619,107.5764121299561,-6.880770077119817,Pajajaran,0.0025141975770577,69.43962288075699
1667213304,46.01249897400229,Sarijadi,Sukasari,27619,107.57673385400513,-6.880738569108964,Pajajaran,0.0025141975770577,69.43962288075699
1667980032,27.605045746706047,Sarijadi,Sukasari,27619,107.5774991146602,-6.880713070871203,Pajajaran,0.0025141975770577,69.43962288075699
3059940973,13.592093996016992,Sarijadi,Sukasari,27619,107.57853736381534,-6.880616103247983,Pajajaran,0.0025141975770577,69.43962288075699
3059940973,19.96292402234149,Sarijadi,Sukasari,27619,107.5784511726384,-6.880633665060361,Pajajaran,0.0025141975770577,69.43962288075699
1667980029,15.256538111182206,Sarijadi,Sukasari,27619,107.5782656236282,-6.8807068371494,Pajajaran,0.0025141975770577,69.43962288075699
1667980029,15.451484752668469,Sarijadi,Sukasari,27619,107.57815145000004,-6.880742200000891,Pajajaran,0.0025141975770577,69.43962288075699
1667980029,23.680773971209,Sarijadi,Sukasari,27619,107.5783751867678,-6.880675910844102,Pajajaran,0.0025141975770577,69.43962288075699
2962096532,47.59594412681184,Taman Sari,Bandung Wetan,22984,107.60404991368117,-6.903893658576021,Kawaluyaan,0.0026821646702334,61.646872780644856
25495439,66.09398331282549,Taman Sari,Bandung Wetan,22984,107.60475747399067,-6.903689720826975,Kawaluyaan,0.0026821646702334,61.646872780644856
9189145297,103.12900468869692,Taman Sari,Bandung Wetan,22984,107.60527358800252,-6.902310604860672,Kawaluyaan,0.0026821646702334,61.646872780644856
9189145297,104.00018292774288,Taman Sari,Bandung Wetan,22984,107.60533121769576,-6.902485475173221,Kawaluyaan,0.0026821646702334,61.646872780644856
9189145297,101.09501012364404,Taman Sari,Bandung Wetan,22984,107.60531607466244,-6.902570199422085,Kawaluyaan,0.0026821646702334,61.646872780644856
9189145297,102.00368778383304,Taman Sari,Bandung Wetan,22984,107.60532609335924,-6.902708494492262,Kawaluyaan,0.0026821646702334,61.646872780644856
2007385376,76.17827585696331,Sukarasa,Sukasari,13710,107.582563691502,-6.878008776222669,Pajajaran,0.0025141975770577,34.46964878146125
5458423406,21.72915423695333,Sukarasa,Sukasari,13710,107.58125155285872,-6.8785388082477565,Pajajaran,0.0025141975770577,34.46964878146125
5458423406,41.46873546139743,Sukarasa,Sukasari,13710,107.58143490444218,-6.87847470938687,Pajajaran,0.0025141975770577,34.46964878146125
5458423406,52.304427160291,Sukarasa,Sukasari,13710,107.58149670885778,-6.8783944075254535,Pajajaran,0.0025141975770577,34.46964878146125
2007385376,39.99373228271317,Sukarasa,Sukasari,13710,107.5816762125111,-6.878412494377963,Pajajaran,0.0025141975770577,34.46964878146125
2007385376,29.271530586822404,Sukarasa,Sukasari,13710,107.58166892627143,-6.878271351895736,Pajajaran,0.0025141975770577,34.46964878146125
2007396565,32.915124851892614,Sukarasa,Sukasari,13710,107.5816512640805,-6.877499468594466,Pajajaran,0.0025141975770577,34.46964878146125
2007396565,32.55195141705498,Sukarasa,Sukasari,13710,107.581634761793,-6.877689914621038,Pajajaran,0.0025141975770577,34.46964878146125
2007396565,12.080052688133938,Sukarasa,Sukasari,13710,107.58181353737646,-6.877639829880509,Pajajaran,0.0025141975770577,34.46964878146125
2007396565,21.838595983709745,Sukarasa,Sukasari,13710,107.58175637120526,-6.877515823545989,Pajajaran,0.0025141975770577,34.46964878146125
2007396570,23.80847372660557,Sukarasa,Sukasari,13710,107.58328469075865,-6.877466830167282,Pajajaran,0.0025141975770577,34.46964878146125
2007396570,32.687731865749896,Sukarasa,Sukasari,13710,107.58314207912444,-6.877502653522688,Pajajaran,0.0025141975770577,34.46964878146125
2007396570,46.90736697532829,Sukarasa,Sukasari,13710,107.5830053697519,-6.87749051604432,Pajajaran,0.0025141975770577,34.46964878146125
2007396570,67.33932136951404,Sukarasa,Sukasari,13710,107.58281159061374,-6.877487682882251,Pajajaran,0.0025141975770577,34.46964878146125
2007396565,78.65217028175017,Sukarasa,Sukasari,13710,107.58262425148855,-6.8775140364065575,Pajajaran,0.0025141975770577,34.46964878146125
2007396565,60.662432652537206,Sukarasa,Sukasari,13710,107.58245134963344,-6.877481682652498,Pajajaran,0.0025141975770577,34.46964878146125
2007396565,44.80352551586339,Sukarasa,Sukasari,13710,107.58229338826024,-6.877463054571675,Pajajaran,0.0025141975770577,34.46964878146125
2007396565,28.336438706220047,Sukarasa,Sukasari,13710,107.58213373319886,-6.877480278292232,Pajajaran,0.0025141975770577,34.46964878146125
2007396565,27.54562245242949,Sukarasa,Sukasari,13710,107.5821129387483,-6.877783267881406,Pajajaran,0.0025141975770577,34.46964878146125
2007385373,39.1139458963773,Sukarasa,Sukasari,13710,107.58285145000096,-6.878350600000589,Pajajaran,0.0025141975770577,34.46964878146125
2007385373,37.880900843348186,Sukarasa,Sukasari,13710,107.58269194999968,-6.878340599998445,Pajajaran,0.0025141975770577,34.46964878146125
2007385373,33.507876782934304,Sukarasa,Sukasari,13710,107.5830112603052,-6.878578303768718,Pajajaran,0.0025141975770577,34.46964878146125
1654067465,44.62024724930262,Sukarasa,Sukasari,13710,107.5830143500014,-6.878351200001208,Pajajaran,0.0025141975770577,34.46964878146125
2007385367,30.17440065980313,Sukarasa,Sukasari,13710,107.58314701415688,-6.878562739189554,Pajajaran,0.0025141975770577,34.46964878146125
1654067465,25.40227166665003,Sukarasa,Sukasari,13710,107.58321965228195,-6.8783520172456765,Pajajaran,0.0025141975770577,34.46964878146125
1654067465,23.09478443620927,Sukarasa,Sukasari,13710,107.58325225866272,-6.878032678510117,Pajajaran,0.0025141975770577,34.46964878146125
1654067465,39.252340359954864,Sukarasa,Sukasari,13710,107.5830793669859,-6.878013968458188,Pajajaran,0.0025141975770577,34.46964878146125
1654067465,48.44653077960389,Sukarasa,Sukasari,13710,107.5829856552521,-6.878014664232178,Pajajaran,0.0025141975770577,34.46964878146125
2007396570,23.47194755926715,Sukarasa,Sukasari,13710,107.58327441331586,-6.87782141247282,Pajajaran,0.0025141975770577,34.46964878146125
2007396570,37.27308251965525,Sukarasa,Sukasari,13710,107.58309691123208,-6.877799565075524,Pajajaran,0.0025141975770577,34.46964878146125
2007396570,49.460801511729855,Sukarasa,Sukasari,13710,107.58297479644015,-6.877792194204764,Pajajaran,0.0025141975770577,34.46964878146125
2007396570,64.41972710074869,Sukarasa,Sukasari,13710,107.58284123171364,-6.877818566255501,Pajajaran,0.0025141975770577,34.46964878146125
2007396570,77.72104570435891,Sukarasa,Sukasari,13710,107.58271548745698,-6.87781439344177,Pajajaran,0.0025141975770577,34.46964878146125
2007396565,78.0000884614431,Sukarasa,Sukasari,13710,107.58260182671287,-6.877810183808274,Pajajaran,0.0025141975770577,34.46964878146125
2007396565,63.195729464436,Sukarasa,Sukasari,13710,107.58247009926563,-6.877784079941961,Pajajaran,0.0025141975770577,34.46964878146125
2007396565,47.166997768596985,Sukarasa,Sukasari,13710,107.58230717085074,-6.877806100817402,Pajajaran,0.0025141975770577,34.46964878146125
1654067465,65.08346982059173,Sukarasa,Sukasari,13710,107.582831035782,-6.877996445798926,Pajajaran,0.0025141975770577,34.46964878146125
2007385376,49.04473804840461,Sukarasa,Sukasari,13710,107.58231141441723,-6.878000546750544,Pajajaran,0.0025141975770577,34.46964878146125
2007385376,19.488830672947923,Sukarasa,Sukasari,13710,107.58175888916077,-6.877991466970191,Pajajaran,0.0025141975770577,34.46964878146125
2007385376,18.913887146692648,Sukarasa,Sukasari,13710,107.5817143466224,-6.878142728204002,Pajajaran,0.0025141975770577,34.46964878146125
5458423365,62.95559145271862,Sukarasa,Sukasari,13710,107.58223270482156,-6.879660724722422,Pajajaran,0.0025141975770577,34.46964878146125
1654067495,32.4185642267429,Sukarasa,Sukasari,13710,107.58189142654592,-6.879525313396395,Pajajaran,0.0025141975770577,34.46964878146125
5458423365,24.23562135965693,Sukarasa,Sukasari,13710,107.58182947178948,-6.879899340791697,Pajajaran,0.0025141975770577,34.46964878146125
5458423372,11.42823751270594,Sarijadi,Sukasari,27619,107.58128473335096,-6.879561877839762,Pajajaran,0.0025141975770577,69.43962288075699
5458423372,10.604521576919057,Sarijadi,Sukasari,27619,107.58124171923826,-6.879738688263497,Pajajaran,0.0025141975770577,69.43962288075699
5458423372,19.18705993029604,Sarijadi,Sukasari,27619,107.5813436179296,-6.879769333732809,Pajajaran,0.0025141975770577,69.43962288075699
5458423372,25.884779603305454,Sarijadi,Sukasari,27619,107.58141007812098,-6.879785276919487,Pajajaran,0.0025141975770577,69.43962288075699
5458423365,22.372043864407,Sarijadi,Sukasari,27619,107.58147388748118,-6.8797972057771934,Pajajaran,0.0025141975770577,69.43962288075699
5458423365,12.848511151826534,Sarijadi,Sukasari,27619,107.58156863632831,-6.879805002372429,Pajajaran,0.0025141975770577,69.43962288075699
5458423372,25.16199065287039,Sarijadi,Sukasari,27619,107.58144698751975,-6.879604763978626,Pajajaran,0.0025141975770577,69.43962288075699
5458423365,14.058531936245595,Sarijadi,Sukasari,27619,107.58160757553308,-6.879638296718817,Pajajaran,0.0025141975770577,69.43962288075699
5458423365,70.03803959655437,Sukarasa,Sukasari,13710,107.58229427966975,-6.879640556717669,Pajajaran,0.0025141975770577,34.46964878146125
9753461929,43.17230538006461,Sukarasa,Sukasari,13710,107.5825836756231,-6.879527575944057,Pajajaran,0.0025141975770577,34.46964878146125
9753461929,20.08509921081294,Sukarasa,Sukasari,13710,107.58280894548852,-6.879577957114599,Pajajaran,0.0025141975770577,34.46964878146125
2007385373,19.11796502145258,Sukarasa,Sukasari,13710,107.58275346176836,-6.878851821121571,Pajajaran,0.0025141975770577,34.46964878146125
2007385373,38.42089440479643,Sukarasa,Sukasari,13710,107.58293875524429,-6.878955915981976,Pajajaran,0.0025141975770577,34.46964878146125
10230353035,35.51593039164966,Sukarasa,Sukasari,13710,107.58307270694016,-6.878901040878354,Pajajaran,0.0025141975770577,34.46964878146125
10230353035,23.418281763838696,Sukarasa,Sukasari,13710,107.5831838614394,-6.878920163320263,Pajajaran,0.0025141975770577,34.46964878146125
10230353035,13.801175070513976,Sukarasa,Sukasari,13710,107.58329105776794,-6.878922143023179,Pajajaran,0.0025141975770577,34.46964878146125
10230353035,25.975837171693257,Sukarasa,Sukasari,13710,107.58316756482968,-6.879132131213963,Pajajaran,0.0025141975770577,34.46964878146125
9753461929,38.55946579222931,Sukarasa,Sukasari,13710,107.58288859174743,-6.879162232308143,Pajajaran,0.0025141975770577,34.46964878146125
1654067495,58.52696220824002,Sukarasa,Sukasari,13710,107.58225996665844,-6.879332400900798,Pajajaran,0.0025141975770577,34.46964878146125
1654067495,68.16149264797816,Sukarasa,Sukasari,13710,107.58234275572268,-6.879185371003927,Pajajaran,0.0025141975770577,34.46964878146125
9753461929,44.13794159339172,Sukarasa,Sukasari,13710,107.58263846287448,-6.879282928219146,Pajajaran,0.0025141975770577,34.46964878146125
9753461929,67.27746479459853,Sukarasa,Sukasari,13710,107.58239614904367,-6.879307508006312,Pajajaran,0.0025141975770577,34.46964878146125
1654067495,43.80016649515253,Sukarasa,Sukasari,13710,107.58194148886508,-6.878941655051405,Pajajaran,0.0025141975770577,34.46964878146125
1654067495,35.43666977945268,Sukarasa,Sukasari,13710,107.5817856919025,-6.878962538861274,Pajajaran,0.0025141975770577,34.46964878146125
1654067495,23.26988333041529,Sukarasa,Sukasari,13710,107.58191033568794,-6.879164536025639,Pajajaran,0.0025141975770577,34.46964878146125
1654067495,10.330464493883492,Sukarasa,Sukasari,13710,107.58173861034945,-6.879185284432283,Pajajaran,0.0025141975770577,34.46964878146125
1654067495,63.31612725747097,Sukarasa,Sukasari,13710,107.58200345594976,-6.878773917614534,Pajajaran,0.0025141975770577,34.46964878146125
1654067495,53.39122492911096,Sukarasa,Sukasari,13710,107.58197054074532,-6.878858170118702,Pajajaran,0.0025141975770577,34.46964878146125
1654067495,60.02764637860786,Sukarasa,Sukasari,13710,107.58187770795575,-6.878755531393151,Pajajaran,0.0025141975770577,34.46964878146125
1654067512,15.574699888051471,Sarijadi,Sukasari,27619,107.581496473044,-6.879329565980438,Pajajaran,0.0025141975770577,69.43962288075699
1654067512,29.24186988538018,Sarijadi,Sukasari,27619,107.58143865062232,-6.879464138343993,Pajajaran,0.0025141975770577,69.43962288075699
1654067512,23.429003569133915,Sarijadi,Sukasari,27619,107.58130183309946,-6.879358923980907,Pajajaran,0.0025141975770577,69.43962288075699
5458423406,37.567929907064006,Sukarasa,Sukasari,13710,107.58146918597222,-6.878718323544285,Pajajaran,0.0025141975770577,34.46964878146125
1654067512,28.447870234111026,Sukarasa,Sukasari,13710,107.58136495687732,-6.878954526704285,Pajajaran,0.0025141975770577,34.46964878146125
5458423406,23.64069884531808,Sarijadi,Sukasari,27619,107.58099896302107,-6.878861883446836,Pajajaran,0.0025141975770577,69.43962288075699
5458423406,37.96707428364977,Sarijadi,Sukasari,27619,107.580815175636,-6.878829320521899,Pajajaran,0.0025141975770577,69.43962288075699
5458423406,54.43533671262829,Sarijadi,Sukasari,27619,107.58064882352733,-6.878795164360624,Pajajaran,0.0025141975770577,69.43962288075699
5458423414,64.9790788968319,Sarijadi,Sukasari,27619,107.58053144092491,-6.878748511720465,Pajajaran,0.0025141975770577,69.43962288075699
5149616893,81.12165759450404,Sekeloa,Coblong,27466,107.61710437463714,-6.886647461271414,Kawaluyaan,0.0026821646702334,73.66833483263103
5149616893,12.190325185554842,Sekeloa,Coblong,27466,107.6172619000002,-6.886014999999997,Kawaluyaan,0.0026821646702334,73.66833483263103
5465992835,39.68935328459299,Sekeloa,Coblong,27466,107.61755377227838,-6.886037251613139,Kawaluyaan,0.0026821646702334,73.66833483263103
5149616893,46.45661818252744,Sekeloa,Coblong,27466,107.6175598499998,-6.886144449999023,Kawaluyaan,0.0026821646702334,73.66833483263103
5149616893,40.22523215871648,Sekeloa,Coblong,27466,107.61750752055472,-6.886121656780777,Kawaluyaan,0.0026821646702334,73.66833483263103
5465992835,41.753843882108136,Sekeloa,Coblong,27466,107.61800273729206,-6.885467123915226,Kawaluyaan,0.0026821646702334,73.66833483263103
5465992835,32.74316461251418,Sekeloa,Coblong,27466,107.61783809614748,-6.885448448752974,Kawaluyaan,0.0026821646702334,73.66833483263103
5465992835,38.06010508985171,Sekeloa,Coblong,27466,107.61795128490851,-6.885463318272292,Kawaluyaan,0.0026821646702334,73.66833483263103
5465992835,45.00711629018133,Sekeloa,Coblong,27466,107.61796231291014,-6.885391858725103,Kawaluyaan,0.0026821646702334,73.66833483263103
5465992835,55.544970186027655,Sekeloa,Coblong,27466,107.61798428287672,-6.885292242464276,Kawaluyaan,0.0026821646702334,73.66833483263103
5465992835,50.81359818453132,Sekeloa,Coblong,27466,107.61799259919124,-6.885348993763177,Kawaluyaan,0.0026821646702334,73.66833483263103
5465992835,63.07016056676468,Sekeloa,Coblong,27466,107.6178402794845,-6.8851634719746855,Kawaluyaan,0.0026821646702334,73.66833483263103
5465992835,25.589764088759395,Sekeloa,Coblong,27466,107.61791617519556,-6.885592900981853,Kawaluyaan,0.0026821646702334,73.66833483263103
5465992835,26.951688383556352,Sekeloa,Coblong,27466,107.6178654951184,-6.885523245419721,Kawaluyaan,0.0026821646702334,73.66833483263103
5465992835,33.942477266226504,Sekeloa,Coblong,27466,107.61789110000018,-6.885464250000287,Kawaluyaan,0.0026821646702334,73.66833483263103
5465992835,25.32282192947008,Sekeloa,Coblong,27466,107.61780450000022,-6.885507250000362,Kawaluyaan,0.0026821646702334,73.66833483263103
5465992835,40.9282097695212,Sekeloa,Coblong,27466,107.61782322984116,-6.885365145058245,Kawaluyaan,0.0026821646702334,73.66833483263103
5465992835,27.33717702963285,Sekeloa,Coblong,27466,107.61771412153536,-6.885474553141117,Kawaluyaan,0.0026821646702334,73.66833483263103
5465992835,32.98764185447391,Sekeloa,Coblong,27466,107.61773383638132,-6.885423471274453,Kawaluyaan,0.0026821646702334,73.66833483263103
5465992835,35.845323744126915,Sekeloa,Coblong,27466,107.6176533420919,-6.885405224617267,Kawaluyaan,0.0026821646702334,73.66833483263103
5465992835,50.84681635875164,Sekeloa,Coblong,27466,107.61770361982347,-6.885262358319282,Kawaluyaan,0.0026821646702334,73.66833483263103
1381569136,47.49307695083577,Sekeloa,Coblong,27466,107.61766637518149,-6.8851996444688055,Kawaluyaan,0.0026821646702334,73.66833483263103
5465992835,49.23253309360376,Sekeloa,Coblong,27466,107.61785223058638,-6.8852954198528105,Kawaluyaan,0.0026821646702334,73.66833483263103
3443083570,57.25236231640895,Sekeloa,Coblong,27466,107.6180056290306,-6.88640093147918,Kawaluyaan,0.0026821646702334,73.66833483263103
3443083602,79.3201006387364,Sekeloa,Coblong,27466,107.61736060837224,-6.8866326088714125,Kawaluyaan,0.0026821646702334,73.66833483263103
3443083602,62.69492819142798,Sekeloa,Coblong,27466,107.61747913797836,-6.886753072346495,Kawaluyaan,0.0026821646702334,73.66833483263103
5149616893,61.62953114923242,Sekeloa,Coblong,27466,107.6168779844348,-6.886372802636664,Kawaluyaan,0.0026821646702334,73.66833483263103
5149616893,67.38601696753508,Sekeloa,Coblong,27466,107.61704486714852,-6.886508982779625,Kawaluyaan,0.0026821646702334,73.66833483263103
3443083602,81.34121992404619,Sekeloa,Coblong,27466,107.61717619311024,-6.88671201904649,Kawaluyaan,0.0026821646702334,73.66833483263103
5149616893,78.7330052070369,Sekeloa,Coblong,27466,107.61717275529288,-6.886631992352917,Kawaluyaan,0.0026821646702334,73.66833483263103
3443083602,76.06882810665887,Sekeloa,Coblong,27466,107.61729536472936,-6.886693769731694,Kawaluyaan,0.0026821646702334,73.66833483263103
3443083602,59.44155853830376,Sekeloa,Coblong,27466,107.61738456959075,-6.886817285431243,Kawaluyaan,0.0026821646702334,73.66833483263103
3443083602,62.64403691711932,Sekeloa,Coblong,27466,107.61733041880528,-6.8868128511588,Kawaluyaan,0.0026821646702334,73.66833483263103
5149616893,79.11127200422625,Sekeloa,Coblong,27466,107.61692964407872,-6.886581389435964,Kawaluyaan,0.0026821646702334,73.66833483263103
5149616893,76.73758519289309,Sekeloa,Coblong,27466,107.61697407828018,-6.886575439265407,Kawaluyaan,0.0026821646702334,73.66833483263103
5149616893,82.29586271745288,Sekeloa,Coblong,27466,107.61694052448702,-6.88661666521895,Kawaluyaan,0.0026821646702334,73.66833483263103
5149616901,85.13155342848692,Sekeloa,Coblong,27466,107.6169253104587,-6.886654760984173,Kawaluyaan,0.0026821646702334,73.66833483263103
5149616893,82.88858450428981,Sekeloa,Coblong,27466,107.61698541418316,-6.886637641842454,Kawaluyaan,0.0026821646702334,73.66833483263103
3443083602,85.21149447354952,Sekeloa,Coblong,27466,107.61709639304794,-6.886732034770764,Kawaluyaan,0.0026821646702334,73.66833483263103
3443083602,85.51007259498932,Sekeloa,Coblong,27466,107.6170442821928,-6.886779754975562,Kawaluyaan,0.0026821646702334,73.66833483263103
3443083602,79.90659222143377,Sekeloa,Coblong,27466,107.61709627722516,-6.886798574247455,Kawaluyaan,0.0026821646702334,73.66833483263103
5465992976,86.1839867972609,Sekeloa,Coblong,27466,107.61689428782292,-6.886792457490502,Kawaluyaan,0.0026821646702334,73.66833483263103
5149616893,89.7439102431444,Sekeloa,Coblong,27466,107.61701526339796,-6.886709920429195,Kawaluyaan,0.0026821646702334,73.66833483263103
5149616901,88.79061512069988,Sekeloa,Coblong,27466,107.61692074660677,-6.886711852949744,Kawaluyaan,0.0026821646702334,73.66833483263103
3443083602,72.38756704914216,Sekeloa,Coblong,27466,107.61709817050988,-6.886899236250013,Kawaluyaan,0.0026821646702334,73.66833483263103
5465992976,75.80994416593184,Sekeloa,Coblong,27466,107.61701403405088,-6.886905532334747,Kawaluyaan,0.0026821646702334,73.66833483263103
5465992976,49.23233338697888,Sekeloa,Coblong,27466,107.6169039153805,-6.887128633501868,Kawaluyaan,0.0026821646702334,73.66833483263103
5465992976,57.23575007023986,Sekeloa,Coblong,27466,107.61680366280184,-6.887054347150897,Kawaluyaan,0.0026821646702334,73.66833483263103
5465992976,65.84097979005614,Sekeloa,Coblong,27466,107.61671719040356,-6.886988999734879,Kawaluyaan,0.0026821646702334,73.66833483263103
5465992976,68.43679472831954,Sekeloa,Coblong,27466,107.61665340971706,-6.886982204772413,Kawaluyaan,0.0026821646702334,73.66833483263103
5465992977,71.23469472600567,Sekeloa,Coblong,27466,107.616594985002,-6.886946653363446,Kawaluyaan,0.0026821646702334,73.66833483263103
5465992976,79.42090140430865,Sekeloa,Coblong,27466,107.61679774999963,-6.886853749999397,Kawaluyaan,0.0026821646702334,73.66833483263103
5149616901,82.94871676230814,Sekeloa,Coblong,27466,107.61681485651368,-6.8867429323568725,Kawaluyaan,0.0026821646702334,73.66833483263103
5149616901,78.01155925566736,Sekeloa,Coblong,27466,107.61670038908731,-6.886773424331656,Kawaluyaan,0.0026821646702334,73.66833483263103
5149616901,78.54591849370361,Sekeloa,Coblong,27466,107.61687064063658,-6.886627811306618,Kawaluyaan,0.0026821646702334,73.66833483263103
5149616901,66.85522816661324,Sekeloa,Coblong,27466,107.61662042342964,-6.886704033776885,Kawaluyaan,0.0026821646702334,73.66833483263103
5149616901,63.302681767243264,Sekeloa,Coblong,27466,107.61669601728534,-6.886610952563945,Kawaluyaan,0.0026821646702334,73.66833483263103
5149616901,71.37681466706448,Sekeloa,Coblong,27466,107.61679925205291,-6.88661157073188,Kawaluyaan,0.0026821646702334,73.66833483263103
5149616901,67.40135570031254,Sekeloa,Coblong,27466,107.61679778805797,-6.886557625266336,Kawaluyaan,0.0026821646702334,73.66833483263103
5149616901,58.29117842090721,Sekeloa,Coblong,27466,107.61670573096208,-6.886538553312282,Kawaluyaan,0.0026821646702334,73.66833483263103
5149616901,51.46238924638497,Sekeloa,Coblong,27466,107.6167037797324,-6.886442408056208,Kawaluyaan,0.0026821646702334,73.66833483263103
5149616901,61.46571047884621,Sekeloa,Coblong,27466,107.61680035878464,-6.886458703013129,Kawaluyaan,0.0026821646702334,73.66833483263103
5149616901,57.520993314696696,Sekeloa,Coblong,27466,107.6168189018978,-6.886325585942298,Kawaluyaan,0.0026821646702334,73.66833483263103
5149616901,55.004854307658896,Sekeloa,Coblong,27466,107.6168126760462,-6.886245155416414,Kawaluyaan,0.0026821646702334,73.66833483263103
5149616893,62.25984297062436,Sekeloa,Coblong,27466,107.6174346551945,-6.886434475230633,Kawaluyaan,0.0026821646702334,73.66833483263103
5149616893,53.05835674265487,Sekeloa,Coblong,27466,107.61728732069524,-6.886393401171282,Kawaluyaan,0.0026821646702334,73.66833483263103
5149616893,27.81356741991571,Sekeloa,Coblong,27466,107.61743774031606,-6.886014217097733,Kawaluyaan,0.0026821646702334,73.66833483263103
5149616893,20.691627253668287,Sekeloa,Coblong,27466,107.6173304497282,-6.886059106111282,Kawaluyaan,0.0026821646702334,73.66833483263103
5149616893,41.921332030189085,Sekeloa,Coblong,27466,107.61709466716516,-6.886283898376165,Kawaluyaan,0.0026821646702334,73.66833483263103
5149616893,41.03770929682748,Sekeloa,Coblong,27466,107.61735855892525,-6.886258389343266,Kawaluyaan,0.0026821646702334,73.66833483263103
5149616893,40.60064778546423,Sekeloa,Coblong,27466,107.61725512431772,-6.886284532771357,Kawaluyaan,0.0026821646702334,73.66833483263103
5149616893,32.634291435208105,Sekeloa,Coblong,27466,107.61724811822154,-6.886212804996697,Kawaluyaan,0.0026821646702334,73.66833483263103
5149616893,31.55160597672247,Sekeloa,Coblong,27466,107.61736775000094,-6.886154750001697,Kawaluyaan,0.0026821646702334,73.66833483263103
5149616893,24.076216093007528,Sekeloa,Coblong,27466,107.6172467760274,-6.886134547008673,Kawaluyaan,0.0026821646702334,73.66833483263103
5149616893,25.828565819062025,Sekeloa,Coblong,27466,107.61713187482052,-6.886143162205618,Kawaluyaan,0.0026821646702334,73.66833483263103
5149616893,14.125752076967595,Sekeloa,Coblong,27466,107.61711813038964,-6.886015607318795,Kawaluyaan,0.0026821646702334,73.66833483263103
5149616893,8.044405224484121,Sekeloa,Coblong,27466,107.61714872091532,-6.885874067941088,Kawaluyaan,0.0026821646702334,73.66833483263103
5465992835,27.65430993951584,Sekeloa,Coblong,27466,107.61752613470796,-6.8858744614149305,Kawaluyaan,0.0026821646702334,73.66833483263103
5465992835,15.412680930565536,Sekeloa,Coblong,27466,107.61758451019796,-6.885725975485257,Kawaluyaan,0.0026821646702334,73.66833483263103
5465992835,13.390483047154518,Sekeloa,Coblong,27466,107.61762369426708,-6.885653330652194,Kawaluyaan,0.0026821646702334,73.66833483263103
1381569136,23.68074874100504,Sekeloa,Coblong,27466,107.6174122320557,-6.88520818968488,Kawaluyaan,0.0026821646702334,73.66833483263103
1381569136,39.03970874343653,Sekeloa,Coblong,27466,107.61754370948591,-6.8852681982341055,Kawaluyaan,0.0026821646702334,73.66833483263103
5465992835,42.86061792603334,Sekeloa,Coblong,27466,107.617500348123,-6.8854049435419125,Kawaluyaan,0.0026821646702334,73.66833483263103
5465992835,37.17856899068104,Sekeloa,Coblong,27466,107.61744873991404,-6.885528239733778,Kawaluyaan,0.0026821646702334,73.66833483263103
5465992835,39.52129853156515,Sekeloa,Coblong,27466,107.61738916767166,-6.885596066677165,Kawaluyaan,0.0026821646702334,73.66833483263103
5465992835,33.96353002577694,Sekeloa,Coblong,27466,107.61743725000032,-6.885611000000118,Kawaluyaan,0.0026821646702334,73.66833483263103
5465992835,24.547242482473788,Sekeloa,Coblong,27466,107.61752535464542,-6.885622030601973,Kawaluyaan,0.0026821646702334,73.66833483263103
5465992835,26.93469323481697,Sekeloa,Coblong,27466,107.61748293027782,-6.885685391111459,Kawaluyaan,0.0026821646702334,73.66833483263103
11057129571,33.425397416708485,Sekeloa,Coblong,27466,107.61737793828809,-6.885351737193789,Kawaluyaan,0.0026821646702334,73.66833483263103
11057129571,35.9760939732018,Sekeloa,Coblong,27466,107.61733740000044,-6.885474950000307,Kawaluyaan,0.0026821646702334,73.66833483263103
5149616893,41.6722877877804,Sekeloa,Coblong,27466,107.61733348372864,-6.885567517522201,Kawaluyaan,0.0026821646702334,73.66833483263103
11057129571,38.84444264200249,Sekeloa,Coblong,27466,107.6172798500002,-6.88556019999934,Kawaluyaan,0.0026821646702334,73.66833483263103
5149616893,21.50413545741737,Sekeloa,Coblong,27466,107.61727702223152,-6.885741057764111,Kawaluyaan,0.0026821646702334,73.66833483263103
5149616893,31.06566686167377,Sekeloa,Coblong,27466,107.61727066129546,-6.885648465551506,Kawaluyaan,0.0026821646702334,73.66833483263103
11057129571,30.496878543537623,Sekeloa,Coblong,27466,107.6172257500002,-6.885504900000254,Kawaluyaan,0.0026821646702334,73.66833483263103
11057129571,28.00361801532387,Sekeloa,Coblong,27466,107.61727409494571,-6.885437818734972,Kawaluyaan,0.0026821646702334,73.66833483263103
5149616893,30.57941230116837,Sekeloa,Coblong,27466,107.61717695,-6.885646199999928,Kawaluyaan,0.0026821646702334,73.66833483263103
11057129571,31.749713387646644,Sekeloa,Coblong,27466,107.61716422408668,-6.8855427408566445,Kawaluyaan,0.0026821646702334,73.66833483263103
11057129571,22.62545173569956,Sekeloa,Coblong,27466,107.61715391006418,-6.885459691170556,Kawaluyaan,0.0026821646702334,73.66833483263103
11057129571,23.435309575887054,Sekeloa,Coblong,27466,107.61729751463002,-6.8852984874905605,Kawaluyaan,0.0026821646702334,73.66833483263103
11057129571,15.034540630077863,Sekeloa,Coblong,27466,107.61721965594184,-6.885300346520556,Kawaluyaan,0.0026821646702334,73.66833483263103
11057129571,16.662775916877038,Sekeloa,Coblong,27466,107.61717861504928,-6.885386475049062,Kawaluyaan,0.0026821646702334,73.66833483263103
11057129571,8.324808693866673,Sekeloa,Coblong,27466,107.61712506128046,-6.885331635142491,Kawaluyaan,0.0026821646702334,73.66833483263103
5458423399,86.58642339766165,Sukarasa,Sukasari,13710,107.58114315000071,-6.877822505463847,Pajajaran,0.0025141975770577,34.46964878146125
5458423409,34.344572888337055,Sarijadi,Sukasari,27619,107.58067856504296,-6.877661814238397,Pajajaran,0.0025141975770577,69.43962288075699
5458423409,13.391226100267543,Sarijadi,Sukasari,27619,107.58048844021546,-6.877655871165863,Pajajaran,0.0025141975770577,69.43962288075699
5149655060,24.7608450250112,Sarijadi,Sukasari,27619,107.57961477949542,-6.878880629621825,Pajajaran,0.0025141975770577,69.43962288075699
2019226406,27.81377301478276,Sarijadi,Sukasari,27619,107.57821219841956,-6.879434567700988,Pajajaran,0.0025141975770577,69.43962288075699
2019226406,42.033528748221855,Sarijadi,Sukasari,27619,107.5783329000026,-6.879500599998934,Pajajaran,0.0025141975770577,69.43962288075699
5458423218,15.968467374219395,Sarijadi,Sukasari,27619,107.5793944655756,-6.8795858954802345,Pajajaran,0.0025141975770577,69.43962288075699
3059933416,21.40916691511129,Sarijadi,Sukasari,27619,107.57940644290692,-6.878034121297844,Pajajaran,0.0025141975770577,69.43962288075699
3059933416,16.508700880396905,Sarijadi,Sukasari,27619,107.57945864149556,-6.878070307893241,Pajajaran,0.0025141975770577,69.43962288075699
3059933417,21.822788175080014,Sarijadi,Sukasari,27619,107.57933493001066,-6.8781588333367845,Pajajaran,0.0025141975770577,69.43962288075699
10171907475,41.29893685888714,Sarijadi,Sukasari,27619,107.57936528764488,-6.88010732610923,Pajajaran,0.0025141975770577,69.43962288075699
5458423358,69.4866209463662,Sarijadi,Sukasari,27619,107.57997060375828,-6.8795417119930615,Pajajaran,0.0025141975770577,69.43962288075699
5149655060,55.08978602131656,Sarijadi,Sukasari,27619,107.58008030442102,-6.879286863975223,Pajajaran,0.0025141975770577,69.43962288075699
5458423380,51.09027842081453,Sarijadi,Sukasari,27619,107.5797946851131,-6.879492768484757,Pajajaran,0.0025141975770577,69.43962288075699
5458423358,17.32156499497706,Sarijadi,Sukasari,27619,107.57956941621798,-6.879247899706199,Pajajaran,0.0025141975770577,69.43962288075699
5458423380,17.807373949069472,Sarijadi,Sukasari,27619,107.57951613928525,-6.879374015790744,Pajajaran,0.0025141975770577,69.43962288075699
5458423406,33.31477966270808,Sarijadi,Sukasari,27619,107.5808866563666,-6.878516483948035,Pajajaran,0.0025141975770577,69.43962288075699
5456175376,67.0613099695055,Sukarasa,Sukasari,13710,107.58104791293256,-6.87759466869295,Pajajaran,0.0025141975770577,34.46964878146125
5458423409,68.31518952720592,Sukarasa,Sukasari,13710,107.580975284896,-6.877782880430893,Pajajaran,0.0025141975770577,34.46964878146125
5458423399,56.019487920319,Sukarasa,Sukasari,13710,107.58094908944236,-6.877574230911298,Pajajaran,0.0025141975770577,34.46964878146125
2007396565,71.05906569636959,Sukarasa,Sukasari,13710,107.58129108534136,-6.87750024659306,Pajajaran,0.0025141975770577,34.46964878146125
2007396565,61.1608618700494,Sukarasa,Sukasari,13710,107.58136908162864,-6.877599971430813,Pajajaran,0.0025141975770577,34.46964878146125
2007396565,46.49259321679779,Sukarasa,Sukasari,13710,107.58150175547726,-6.8776022796071485,Pajajaran,0.0025141975770577,34.46964878146125
2007396565,45.88508497056346,Sukarasa,Sukasari,13710,107.58156077217072,-6.877828599214045,Pajajaran,0.0025141975770577,34.46964878146125
2007396565,54.48459954615328,Sukarasa,Sukasari,13710,107.58145932454867,-6.877794159475767,Pajajaran,0.0025141975770577,34.46964878146125
2007385376,73.0076866483754,Sukarasa,Sukasari,13710,107.5812441886417,-6.877950925633796,Pajajaran,0.0025141975770577,34.46964878146125
2007385376,74.1009014672017,Sukarasa,Sukasari,13710,107.58121979377236,-6.878022871032538,Pajajaran,0.0025141975770577,34.46964878146125
5458423409,76.75283387707209,Sukarasa,Sukasari,13710,107.5809996601593,-6.877956882453173,Pajajaran,0.0025141975770577,34.46964878146125
5458423409,56.43875892769349,Sarijadi,Sukasari,27619,107.58084121387496,-6.877860519260503,Pajajaran,0.0025141975770577,69.43962288075699
5458423409,37.6482043294681,Sarijadi,Sukasari,27619,107.58065352111603,-6.877854730994797,Pajajaran,0.0025141975770577,69.43962288075699
5458423409,44.64011007490501,Sarijadi,Sukasari,27619,107.58072710125737,-6.877853722042862,Pajajaran,0.0025141975770577,69.43962288075699
5458423411,37.29917925568408,Sarijadi,Sukasari,27619,107.58058237117427,-6.87794028645655,Pajajaran,0.0025141975770577,69.43962288075699
5458423409,57.13254653389759,Sarijadi,Sukasari,27619,107.58080913280553,-6.87793817023091,Pajajaran,0.0025141975770577,69.43962288075699
5458423411,46.68407773049984,Sarijadi,Sukasari,27619,107.58054217610947,-6.878260716917034,Pajajaran,0.0025141975770577,69.43962288075699
5458423411,62.31764643133703,Sarijadi,Sukasari,27619,107.58076454044854,-6.878180118932623,Pajajaran,0.0025141975770577,69.43962288075699
5458423411,59.85779781625885,Sarijadi,Sukasari,27619,107.58076738922824,-6.878104526465138,Pajajaran,0.0025141975770577,69.43962288075699
5458423411,60.73061979998224,Sarijadi,Sukasari,27619,107.58079127005936,-6.878022941990321,Pajajaran,0.0025141975770577,69.43962288075699
5458423406,78.15445615499436,Sukarasa,Sukasari,13710,107.58111823389235,-6.877987230291909,Pajajaran,0.0025141975770577,34.46964878146125
5458423406,74.4745753610141,Sukarasa,Sukasari,13710,107.58099538589124,-6.878034045295927,Pajajaran,0.0025141975770577,34.46964878146125
5458423406,64.62190336913648,Sukarasa,Sukasari,13710,107.58107479000044,-6.878112068579055,Pajajaran,0.0025141975770577,34.46964878146125
5458423411,69.62924298867976,Sarijadi,Sukasari,27619,107.5808582362203,-6.878105950800653,Pajajaran,0.0025141975770577,69.43962288075699
5458423406,59.31790737698924,Sukarasa,Sukasari,13710,107.5810030362796,-6.878172681316083,Pajajaran,0.0025141975770577,34.46964878146125
5458423406,52.44921150087478,Sukarasa,Sukasari,13710,107.58099982091328,-6.878237740798815,Pajajaran,0.0025141975770577,34.46964878146125
5458423406,59.4464156534621,Sukarasa,Sukasari,13710,107.5813525358875,-6.878204205422745,Pajajaran,0.0025141975770577,34.46964878146125
5458423406,25.57036844051834,Sukarasa,Sukasari,13710,107.58113943411142,-6.878462499472237,Pajajaran,0.0025141975770577,34.46964878146125
5458423406,63.38892177779167,Sarijadi,Sukasari,27619,107.58086238434578,-6.87818704097106,Pajajaran,0.0025141975770577,69.43962288075699
5458423406,58.360041175479445,Sarijadi,Sukasari,27619,107.58087299229558,-6.878233002649923,Pajajaran,0.0025141975770577,69.43962288075699
5458423411,62.054657178450014,Sarijadi,Sukasari,27619,107.58072017015547,-6.878259775594873,Pajajaran,0.0025141975770577,69.43962288075699
2493841788,14.483942075457724,Neglasari,Cibeunying Kaler,9811,107.63798567881608,-6.895324346615436,Kawaluyaan,0.0026821646702334,26.31471757966005
3274613169,17.261619989965705,Neglasari,Cibeunying Kaler,9811,107.63820275000228,-6.894507400004708,Kawaluyaan,0.0026821646702334,26.31471757966005
3274613169,15.772030977854662,Neglasari,Cibeunying Kaler,9811,107.63815450000148,-6.894647400003029,Kawaluyaan,0.0026821646702334,26.31471757966005
3274613169,39.58394667714326,Neglasari,Cibeunying Kaler,9811,107.63828745000126,-6.894817700004617,Kawaluyaan,0.0026821646702334,26.31471757966005
3274613169,46.302159655032575,Neglasari,Cibeunying Kaler,9811,107.63826802938468,-6.894906669098655,Kawaluyaan,0.0026821646702334,26.31471757966005
3274613164,27.65246699122041,Neglasari,Cibeunying Kaler,9811,107.63618289972268,-6.894391334473682,Kawaluyaan,0.0026821646702334,26.31471757966005
3274613169,95.26612454066462,Neglasari,Cibeunying Kaler,9811,107.637191279332,-6.89458032449526,Kawaluyaan,0.0026821646702334,26.31471757966005
3274613169,83.43932161239815,Neglasari,Cibeunying Kaler,9811,107.63729912781034,-6.894595839538376,Kawaluyaan,0.0026821646702334,26.31471757966005
2493841788,59.46750242282047,Neglasari,Cibeunying Kaler,9811,107.63741721480578,-6.894973430449934,Kawaluyaan,0.0026821646702334,26.31471757966005
3274613169,65.67342156357851,Neglasari,Cibeunying Kaler,9811,107.6374630000012,-6.894622999999039,Kawaluyaan,0.0026821646702334,26.31471757966005
5474692028,42.68440943442316,Neglasari,Cibeunying Kaler,9811,107.63640867817595,-6.894099561561483,Kawaluyaan,0.0026821646702334,26.31471757966005
13751828694,36.32705807632822,Pasirkaliki,Cicendo,9144,107.6023584431864,-6.909944774347339,Pajajaran,0.0025141975770577,22.98982264461573
11359244717,56.83269154846284,Sukagalih,Sukajadi,19076,107.5885383456109,-6.882620474738724,Pajajaran,0.0025141975770577,47.96083297995294
4167718058,27.99324252944845,Sukagalih,Sukajadi,19076,107.59004443071734,-6.881624423041068,Pajajaran,0.0025141975770577,47.96083297995294
29378495,46.691612574225246,Sukagalih,Sukajadi,19076,107.58716423519417,-6.8801740219535406,Pajajaran,0.0025141975770577,47.96083297995294
29378453,119.7162938623955,Sukagalih,Sukajadi,19076,107.5863841999942,-6.880344400000654,Pajajaran,0.0025141975770577,47.96083297995294
29378453,122.29645940630624,Sukagalih,Sukajadi,19076,107.58624404692684,-6.880366030747788,Pajajaran,0.0025141975770577,47.96083297995294
29378453,124.552165219282,Sukagalih,Sukajadi,19076,107.58610693361636,-6.880408981887664,Pajajaran,0.0025141975770577,47.96083297995294
29378469,123.69922624084931,Sukagalih,Sukajadi,19076,107.58597785414108,-6.88045521979891,Pajajaran,0.0025141975770577,47.96083297995294
29378469,109.49328953115165,Sukagalih,Sukajadi,19076,107.58585119405564,-6.8804778193036,Pajajaran,0.0025141975770577,47.96083297995294
2315686463,22.82167032913988,Sukagalih,Sukajadi,19076,107.58740575922783,-6.881585901526626,Pajajaran,0.0025141975770577,47.96083297995294
29377827,97.32716884682276,Sukagalih,Sukajadi,19076,107.58768939106376,-6.882317322726724,Pajajaran,0.0025141975770577,47.96083297995294
2315686463,92.23067759117237,Sukagalih,Sukajadi,19076,107.58766630000156,-6.882187450002571,Pajajaran,0.0025141975770577,47.96083297995294
29378453,68.28651995060963,Sukagalih,Sukajadi,19076,107.58606235000047,-6.881223150000664,Pajajaran,0.0025141975770577,47.96083297995294
29378456,96.57822347980996,Sukagalih,Sukajadi,19076,107.58579837228612,-6.881134072640903,Pajajaran,0.0025141975770577,47.96083297995294
4167718058,32.90548944545484,Sukagalih,Sukajadi,19076,107.58997765000316,-6.88212655000495,Pajajaran,0.0025141975770577,47.96083297995294
29378760,37.19975703188356,Sukagalih,Sukajadi,19076,107.58982368154878,-6.882291148482099,Pajajaran,0.0025141975770577,47.96083297995294
29378760,40.69737105001835,Sukagalih,Sukajadi,19076,107.58989919999888,-6.882409449997931,Pajajaran,0.0025141975770577,47.96083297995294
29378760,44.41534157342719,Sukagalih,Sukajadi,19076,107.5898912936997,-6.882650008574763,Pajajaran,0.0025141975770577,47.96083297995294
11359244717,39.84122682140053,Sukagalih,Sukajadi,19076,107.58871534999956,-6.882652449999186,Pajajaran,0.0025141975770577,47.96083297995294
11359244717,31.989800599952144,Sukagalih,Sukajadi,19076,107.5888096175646,-6.882666788099932,Pajajaran,0.0025141975770577,47.96083297995294
11359244717,23.10234982870725,Sukagalih,Sukajadi,19076,107.58896449999892,-6.882681049997821,Pajajaran,0.0025141975770577,47.96083297995294
11359244717,21.20053780097735,Sukagalih,Sukajadi,19076,107.58908114999888,-6.88266974999788,Pajajaran,0.0025141975770577,47.96083297995294
11359244717,25.33962996572868,Sukagalih,Sukajadi,19076,107.58918579999948,-6.8826554499989,Pajajaran,0.0025141975770577,47.96083297995294
29378760,32.90480292392803,Sukagalih,Sukajadi,19076,107.58930444999822,-6.882651799996569,Pajajaran,0.0025141975770577,47.96083297995294
29378760,24.80184409624587,Sukagalih,Sukajadi,19076,107.5894325533293,-6.882663424650978,Pajajaran,0.0025141975770577,47.96083297995294
11359244717,47.92366579580369,Sukagalih,Sukajadi,19076,107.58863624999915,-6.882656449998428,Pajajaran,0.0025141975770577,47.96083297995294
11359244717,67.62604701091381,Sukagalih,Sukajadi,19076,107.58843609999846,-6.882613199997177,Pajajaran,0.0025141975770577,47.96083297995294
29377827,82.52849287316573,Sukagalih,Sukajadi,19076,107.58815029090144,-6.882623470959849,Pajajaran,0.0025141975770577,47.96083297995294
29377827,66.35939488713274,Sukagalih,Sukajadi,19076,107.58771043847892,-6.882598194270531,Pajajaran,0.0025141975770577,47.96083297995294
29377827,52.791788721448334,Sukagalih,Sukajadi,19076,107.58769915000336,-6.882720350005185,Pajajaran,0.0025141975770577,47.96083297995294
29377827,62.4867969758818,Sukagalih,Sukajadi,19076,107.58744565000448,-6.882679700007101,Pajajaran,0.0025141975770577,47.96083297995294
2315686463,38.53129679191701,Sukagalih,Sukajadi,19076,107.58710735000456,-6.881802350007281,Pajajaran,0.0025141975770577,47.96083297995294
2315686463,45.72731917167834,Sukagalih,Sukajadi,19076,107.58710875000423,-6.88187155000674,Pajajaran,0.0025141975770577,47.96083297995294
29378425,31.53681906260151,Sukagalih,Sukajadi,19076,107.58696554999936,-6.882506699998817,Pajajaran,0.0025141975770577,47.96083297995294
29378425,25.5022839657552,Sukagalih,Sukajadi,19076,107.5869081999994,-6.882506999998884,Pajajaran,0.0025141975770577,47.96083297995294
29378425,19.91723372377545,Sukagalih,Sukajadi,19076,107.58685289999931,-6.882508349998732,Pajajaran,0.0025141975770577,47.96083297995294
29378425,14.013003913723963,Sukagalih,Sukajadi,19076,107.58678984999962,-6.882508649999229,Pajajaran,0.0025141975770577,47.96083297995294
29378426,89.73370525103329,Sukagalih,Sukajadi,19076,107.58572770000254,-6.881705750003518,Pajajaran,0.0025141975770577,47.96083297995294
10975877211,79.70537150329007,Sukagalih,Sukajadi,19076,107.58554672602538,-6.881705234323425,Pajajaran,0.0025141975770577,47.96083297995294
9387184808,30.74430661404228,Sukagalih,Sukajadi,19076,107.5849370499988,-6.88198569999702,Pajajaran,0.0025141975770577,47.96083297995294
10975877211,41.1010672086582,Sukagalih,Sukajadi,19076,107.5850373500006,-6.881951400000839,Pajajaran,0.0025141975770577,47.96083297995294
10975877211,56.58401969825879,Sukagalih,Sukajadi,19076,107.58533942443272,-6.881673215776123,Pajajaran,0.0025141975770577,47.96083297995294
29378454,65.32987237780888,Sukagalih,Sukajadi,19076,107.58610626880248,-6.881729835831318,Pajajaran,0.0025141975770577,47.96083297995294
29378453,22.31652105725844,Sukagalih,Sukajadi,19076,107.58649484999822,-6.881512349996521,Pajajaran,0.0025141975770577,47.96083297995294
29378453,16.329212051252835,Sukagalih,Sukajadi,19076,107.58657929999818,-6.881517349996768,Pajajaran,0.0025141975770577,47.96083297995294
29378426,67.86873041481198,Sukagalih,Sukajadi,19076,107.58579612541826,-6.882025991805316,Pajajaran,0.0025141975770577,47.96083297995294
29378426,81.47813220402912,Sukagalih,Sukajadi,19076,107.58595409327704,-6.882042395489624,Pajajaran,0.0025141975770577,47.96083297995294
29378452,51.218379749283656,Sukagalih,Sukajadi,19076,107.58629366142492,-6.882689429851334,Pajajaran,0.0025141975770577,47.96083297995294
29378425,67.17121103145,Sukagalih,Sukajadi,19076,107.58611899424984,-6.882633174784422,Pajajaran,0.0025141975770577,47.96083297995294
29378426,77.82514828737183,Sukagalih,Sukajadi,19076,107.58598652449196,-6.882598259718982,Pajajaran,0.0025141975770577,47.96083297995294
29378426,39.8135795504312,Sukagalih,Sukajadi,19076,107.58561509540893,-6.882593924658316,Pajajaran,0.0025141975770577,47.96083297995294
29378424,14.114759976145002,Sukagalih,Sukajadi,19076,107.58478257522368,-6.882255138450943,Pajajaran,0.0025141975770577,47.96083297995294
9387184808,13.71556640369154,Sukagalih,Sukajadi,19076,107.5846974311706,-6.8822531359861605,Pajajaran,0.0025141975770577,47.96083297995294
9387184808,16.420087337167168,Sukagalih,Sukajadi,19076,107.58460755,-6.882246099999711,Pajajaran,0.0025141975770577,47.96083297995294
9387184808,22.751095622923675,Sukagalih,Sukajadi,19076,107.5845287815365,-6.882244664047429,Pajajaran,0.0025141975770577,47.96083297995294
29378495,18.78237865058134,Sukagalih,Sukajadi,19076,107.58728844999412,-6.879697400000106,Pajajaran,0.0025141975770577,47.96083297995294
29378495,25.551549982819,Sukagalih,Sukajadi,19076,107.58719429860388,-6.879721231670128,Pajajaran,0.0025141975770577,47.96083297995294
29378495,35.90297038747212,Sukagalih,Sukajadi,19076,107.58708759753122,-6.879739580751582,Pajajaran,0.0025141975770577,47.96083297995294
29378495,52.85243143991327,Sukagalih,Sukajadi,19076,107.58692710000209,-6.8797621000019324,Pajajaran,0.0025141975770577,47.96083297995294
29378495,48.93945656127797,Sukagalih,Sukajadi,19076,107.58695999058268,-6.8798623800720495,Pajajaran,0.0025141975770577,47.96083297995294
29378495,66.36891603088199,Sukagalih,Sukajadi,19076,107.58680077007008,-6.879825036579888,Pajajaran,0.0025141975770577,47.96083297995294
29378495,81.38763125726179,Sukagalih,Sukajadi,19076,107.58666777177118,-6.879888768015177,Pajajaran,0.0025141975770577,47.96083297995294
1396740159,82.63075102582482,Sukarasa,Sukasari,13710,107.58763967187056,-6.878757187075872,Pajajaran,0.0025141975770577,34.46964878146125
1396740159,68.1288144786867,Sukarasa,Sukasari,13710,107.58761735000613,-6.878615050005358,Pajajaran,0.0025141975770577,34.46964878146125
1773594472,80.32075806278475,Sukarasa,Sukasari,13710,107.5874489650398,-6.8788275215225125,Pajajaran,0.0025141975770577,34.46964878146125
10167710741,93.63360744337348,Sukarasa,Sukasari,13710,107.5865592000017,-6.879061400002319,Pajajaran,0.0025141975770577,34.46964878146125
29378469,40.504861482338974,Sukagalih,Sukajadi,19076,107.58520534482152,-6.880734674705066,Pajajaran,0.0025141975770577,47.96083297995294
29378469,26.835980898428463,Sukagalih,Sukajadi,19076,107.58506080000028,-6.880739600001807,Pajajaran,0.0025141975770577,47.96083297995294
29378469,77.29921731224846,Sukagalih,Sukajadi,19076,107.5854691666571,-6.880236566686303,Pajajaran,0.0025141975770577,47.96083297995294
29378469,65.81156814958372,Sukagalih,Sukajadi,19076,107.58536242836212,-6.880261927188651,Pajajaran,0.0025141975770577,47.96083297995294
29378469,50.81527505095882,Sukagalih,Sukajadi,19076,107.58524084999712,-6.880324500000556,Pajajaran,0.0025141975770577,47.96083297995294
29378469,39.69566455089677,Sukagalih,Sukajadi,19076,107.58511475267336,-6.880332269690552,Pajajaran,0.0025141975770577,47.96083297995294
29378469,27.595906652744887,Sukagalih,Sukajadi,19076,107.58499185353315,-6.880376220273555,Pajajaran,0.0025141975770577,47.96083297995294
29378469,20.27234191588666,Sukagalih,Sukajadi,19076,107.58486530131395,-6.8804094183479165,Pajajaran,0.0025141975770577,47.96083297995294
29378469,17.46368519774469,Sukagalih,Sukajadi,19076,107.58476774999475,-6.88047050000007,Pajajaran,0.0025141975770577,47.96083297995294
29378469,26.1193763428355,Sukagalih,Sukajadi,19076,107.58465864999452,-6.880482950000196,Pajajaran,0.0025141975770577,47.96083297995294
29378469,36.499573934401226,Sukagalih,Sukajadi,19076,107.58454290000088,-6.880534600002343,Pajajaran,0.0025141975770577,47.96083297995294
5458423133,41.5650092631416,Sukagalih,Sukajadi,19076,107.5843962867654,-6.880578660346779,Pajajaran,0.0025141975770577,47.96083297995294
11347398625,27.53742686895792,Sukarasa,Sukasari,13710,107.58475324472803,-6.879186979727997,Pajajaran,0.0025141975770577,34.46964878146125
11347398625,48.08227792527354,Sukarasa,Sukasari,13710,107.58498989999993,-6.8791504500014895,Pajajaran,0.0025141975770577,34.46964878146125
29378469,84.9495181901337,Sukagalih,Sukajadi,19076,107.58527373258984,-6.8799408727095965,Pajajaran,0.0025141975770577,47.96083297995294
29378469,98.90319736916734,Sukagalih,Sukajadi,19076,107.5854757499942,-6.879937100002839,Pajajaran,0.0025141975770577,47.96083297995294
29378495,124.9116923870161,Sukagalih,Sukajadi,19076,107.58628334485356,-6.879988290949074,Pajajaran,0.0025141975770577,47.96083297995294
29378469,144.3641634469359,Sukagalih,Sukajadi,19076,107.58607954510651,-6.880107381036555,Pajajaran,0.0025141975770577,47.96083297995294
29378469,134.33563497718785,Sukagalih,Sukajadi,19076,107.58599360000092,-6.880136700000844,Pajajaran,0.0025141975770577,47.96083297995294
29378469,124.69714092026322,Sukagalih,Sukajadi,19076,107.58589444999944,-6.880126650000781,Pajajaran,0.0025141975770577,47.96083297995294
29378495,102.79408834995796,Sukagalih,Sukajadi,19076,107.5865067433882,-6.87957088035829,Pajajaran,0.0025141975770577,47.96083297995294
10167710741,121.59017289155253,Sukagalih,Sukajadi,19076,107.58620530279376,-6.879668918907021,Pajajaran,0.0025141975770577,47.96083297995294
10167710741,129.09294852945376,Sukagalih,Sukajadi,19076,107.58603513153332,-6.879785211958093,Pajajaran,0.0025141975770577,47.96083297995294
1773594472,31.635832707966653,Sukarasa,Sukasari,13710,107.58703538214154,-6.878481477585583,Pajajaran,0.0025141975770577,34.46964878146125
1773594472,46.63490576094121,Sukarasa,Sukasari,13710,107.58684099675648,-6.878544010447672,Pajajaran,0.0025141975770577,34.46964878146125
10167710741,76.35181050142565,Sukarasa,Sukasari,13710,107.58651689664023,-6.878638530447812,Pajajaran,0.0025141975770577,34.46964878146125
10167710741,66.2065125856531,Sukarasa,Sukasari,13710,107.58641709999009,-6.878735249999013,Pajajaran,0.0025141975770577,34.46964878146125
10167710741,52.32569335465837,Sukarasa,Sukasari,13710,107.58629434999852,-6.878707950000834,Pajajaran,0.0025141975770577,34.46964878146125
10167710741,42.53906527386604,Sukarasa,Sukasari,13710,107.58619989999578,-6.878729700000152,Pajajaran,0.0025141975770577,34.46964878146125
10167710741,30.982937119472783,Sukarasa,Sukasari,13710,107.5860514379302,-6.878804306153856,Pajajaran,0.0025141975770577,34.46964878146125
10167710741,27.51929521420911,Sukarasa,Sukasari,13710,107.58580695668948,-6.8788853201622535,Pajajaran,0.0025141975770577,34.46964878146125
10167710741,39.78436687931727,Sukarasa,Sukasari,13710,107.58562479999568,-6.878935100000321,Pajajaran,0.0025141975770577,34.46964878146125
10167710741,63.58167511268481,Sukarasa,Sukasari,13710,107.58538860390804,-6.879009716991641,Pajajaran,0.0025141975770577,34.46964878146125
11347398625,66.8311724146264,Sukarasa,Sukasari,13710,107.58518083724078,-6.879059578812875,Pajajaran,0.0025141975770577,34.46964878146125
11347398625,69.17180261578685,Sukarasa,Sukasari,13710,107.58488705875008,-6.879553396539283,Pajajaran,0.0025141975770577,34.46964878146125
2035848405,29.018521034348968,Sukarasa,Sukasari,13710,107.5852134159814,-6.878240887784633,Pajajaran,0.0025141975770577,34.46964878146125
2035848405,24.4382807284134,Sukarasa,Sukasari,13710,107.58536125935996,-6.878189367441801,Pajajaran,0.0025141975770577,34.46964878146125
2035848399,14.709184314815056,Sukarasa,Sukasari,13710,107.58621108468915,-6.877589764584379,Pajajaran,0.0025141975770577,34.46964878146125
2035848399,34.21230682174619,Sukarasa,Sukasari,13710,107.58601200000103,-6.8776000500004,Pajajaran,0.0025141975770577,34.46964878146125
2035848399,45.99092085093633,Sukarasa,Sukasari,13710,107.58599694039675,-6.8774050746776405,Pajajaran,0.0025141975770577,34.46964878146125
2035848401,42.89804475860462,Sukarasa,Sukasari,13710,107.58569503771332,-6.877457824460191,Pajajaran,0.0025141975770577,34.46964878146125
2035848405,58.22178248651281,Sukarasa,Sukasari,13710,107.58511042413164,-6.877486259122477,Pajajaran,0.0025141975770577,34.46964878146125
2035848401,28.931401245189992,Sukarasa,Sukasari,13710,107.58569986616544,-6.8775889828390175,Pajajaran,0.0025141975770577,34.46964878146125
2035848401,15.31079516377091,Sukarasa,Sukasari,13710,107.58568409197233,-6.877750778166413,Pajajaran,0.0025141975770577,34.46964878146125
2035848405,36.28171111847557,Sukarasa,Sukasari,13710,107.5854801255398,-6.877730039160282,Pajajaran,0.0025141975770577,34.46964878146125
2035848405,60.48470082930412,Sukarasa,Sukasari,13710,107.58472862568028,-6.878008107108551,Pajajaran,0.0025141975770577,34.46964878146125
2035848405,28.910980807491608,Sukarasa,Sukasari,13710,107.58510674511804,-6.877786124822696,Pajajaran,0.0025141975770577,34.46964878146125
1773594475,36.83473141325285,Sukarasa,Sukasari,13710,107.5867663500034,-6.877828400004354,Pajajaran,0.0025141975770577,34.46964878146125
1773594472,44.96242690571781,Sukarasa,Sukasari,13710,107.58669269705484,-6.878090588813908,Pajajaran,0.0025141975770577,34.46964878146125
2035848399,32.773791370304174,Sukarasa,Sukasari,13710,107.58622174999392,-6.877958899999166,Pajajaran,0.0025141975770577,34.46964878146125
2035848399,59.18418345926521,Sukarasa,Sukasari,13710,107.58624444999414,-6.878207300000325,Pajajaran,0.0025141975770577,34.46964878146125
5867237371,48.84856126134485,Sukarasa,Sukasari,13710,107.58612724999696,-6.878248050001793,Pajajaran,0.0025141975770577,34.46964878146125
5867237371,32.79558563072941,Sukarasa,Sukasari,13710,107.58598811988426,-6.878317545489071,Pajajaran,0.0025141975770577,34.46964878146125
5867237371,25.20587770635684,Sukarasa,Sukasari,13710,107.5858266029751,-6.878325619201658,Pajajaran,0.0025141975770577,34.46964878146125
2035848405,30.876780880237263,Sukarasa,Sukasari,13710,107.58549614999716,-6.878156450001168,Pajajaran,0.0025141975770577,34.46964878146125
5867237371,34.04546097205195,Sukarasa,Sukasari,13710,107.5855205000044,-6.8784413000051385,Pajajaran,0.0025141975770577,34.46964878146125
2035848405,57.23333851851895,Sukarasa,Sukasari,13710,107.58525897990909,-6.878502959586813,Pajajaran,0.0025141975770577,34.46964878146125
5867237373,57.4089696388279,Sukarasa,Sukasari,13710,107.58467423038874,-6.878428261049263,Pajajaran,0.0025141975770577,34.46964878146125
1666931589,50.416577449721935,Sukarasa,Sukasari,13710,107.58450187614928,-6.878454217361433,Pajajaran,0.0025141975770577,34.46964878146125
5867237373,61.12267668141177,Sukarasa,Sukasari,13710,107.58499144999962,-6.878595150001652,Pajajaran,0.0025141975770577,34.46964878146125
5867237373,46.697771251982914,Sukarasa,Sukasari,13710,107.58484979999854,-6.87863165000133,Pajajaran,0.0025141975770577,34.46964878146125
5867237373,34.79761169908785,Sukarasa,Sukasari,13710,107.58468852516268,-6.878648632701245,Pajajaran,0.0025141975770577,34.46964878146125
5867237373,25.00272743715494,Sukarasa,Sukasari,13710,107.58454226641102,-6.8787073683238,Pajajaran,0.0025141975770577,34.46964878146125
2007396570,33.06157918187221,Sukarasa,Sukasari,13710,107.58359076183308,-6.877420524592108,Pajajaran,0.0025141975770577,34.46964878146125
2007396570,31.2045738534388,Sukarasa,Sukasari,13710,107.58363227457514,-6.877491344966388,Pajajaran,0.0025141975770577,34.46964878146125
2007396570,27.621718839423693,Sukarasa,Sukasari,13710,107.58364020000228,-6.877586100003381,Pajajaran,0.0025141975770577,34.46964878146125
2007396570,28.18037678942732,Sukarasa,Sukasari,13710,107.58364980000457,-6.877692150006687,Pajajaran,0.0025141975770577,34.46964878146125
2007396570,34.30822640747364,Sukarasa,Sukasari,13710,107.58366913716006,-6.877801130492309,Pajajaran,0.0025141975770577,34.46964878146125
1654067465,39.26726994618853,Sukarasa,Sukasari,13710,107.58365297539032,-6.877959809717308,Pajajaran,0.0025141975770577,34.46964878146125
2007396570,57.23771644247614,Sukarasa,Sukasari,13710,107.58384809999995,-6.877905800000078,Pajajaran,0.0025141975770577,34.46964878146125
1666931589,29.035093904760725,Sukarasa,Sukasari,13710,107.58384387549326,-6.878242103944842,Pajajaran,0.0025141975770577,34.46964878146125
1666931589,43.45663996427185,Sukarasa,Sukasari,13710,107.58379457454316,-6.878106795616634,Pajajaran,0.0025141975770577,34.46964878146125
1654067465,25.871253735458584,Sukarasa,Sukasari,13710,107.58360690000085,-6.878117500001252,Pajajaran,0.0025141975770577,34.46964878146125
1654067465,25.958571775381664,Sukarasa,Sukasari,13710,107.58361005000172,-6.878261950002552,Pajajaran,0.0025141975770577,34.46964878146125
1654067465,33.3504639199505,Sukarasa,Sukasari,13710,107.58362997459224,-6.878369894218198,Pajajaran,0.0025141975770577,34.46964878146125
1666931589,23.159117530191185,Sukarasa,Sukasari,13710,107.58384788489076,-6.878346476709831,Pajajaran,0.0025141975770577,34.46964878146125
2007385367,33.11316729768002,Sukarasa,Sukasari,13710,107.58360185771052,-6.878520718229176,Pajajaran,0.0025141975770577,34.46964878146125
1666931589,23.09426203535517,Sukarasa,Sukasari,13710,107.58385803770328,-6.878492077924937,Pajajaran,0.0025141975770577,34.46964878146125
2007385367,26.92112325278756,Sukarasa,Sukasari,13710,107.58361457490088,-6.878749656088307,Pajajaran,0.0025141975770577,34.46964878146125
2007385367,35.000500274253646,Sukarasa,Sukasari,13710,107.5836528764822,-6.878863487912246,Pajajaran,0.0025141975770577,34.46964878146125
10230353035,37.60488303615758,Sukarasa,Sukasari,13710,107.5837120500053,-6.879005650008386,Pajajaran,0.0025141975770577,34.46964878146125
5458423133,82.25683069498541,Sukagalih,Sukajadi,19076,107.58339921921618,-6.881056388177425,Pajajaran,0.0025141975770577,47.96083297995294
29378427,40.40713294280666,Sukagalih,Sukajadi,19076,107.5839337355333,-6.882281724298338,Pajajaran,0.0025141975770577,47.96083297995294
9387184809,36.5434678780136,Sukagalih,Sukajadi,19076,107.58397027415964,-6.882171154283486,Pajajaran,0.0025141975770577,47.96083297995294
9387184809,15.16013158689454,Sukagalih,Sukajadi,19076,107.58417983819274,-6.882194430367816,Pajajaran,0.0025141975770577,47.96083297995294
29378427,14.892511399803594,Sukagalih,Sukajadi,19076,107.58416505000504,-6.88230765000893,Pajajaran,0.0025141975770577,47.96083297995294
29378427,17.166606387128496,Sukagalih,Sukajadi,19076,107.5841535746562,-6.882420805938232,Pajajaran,0.0025141975770577,47.96083297995294
29378427,41.65517747890354,Sukagalih,Sukajadi,19076,107.58413551043316,-6.882693624304025,Pajajaran,0.0025141975770577,47.96083297995294
29378427,39.12103105682386,Sukagalih,Sukajadi,19076,107.5839403500045,-6.882386000008856,Pajajaran,0.0025141975770577,47.96083297995294
2016397703,32.63423177686226,Sukagalih,Sukajadi,19076,107.58393635000508,-6.882522300009962,Pajajaran,0.0025141975770577,47.96083297995294
5458423179,43.093616331630734,Sukagalih,Sukajadi,19076,107.58361874792674,-6.8821111215739394,Pajajaran,0.0025141975770577,47.96083297995294
2016397703,48.24283844747156,Sukagalih,Sukajadi,19076,107.58354705546805,-6.882243330699619,Pajajaran,0.0025141975770577,47.96083297995294
2016397703,42.41902320757482,Sukagalih,Sukajadi,19076,107.5834788536482,-6.8823308144437485,Pajajaran,0.0025141975770577,47.96083297995294
2016397703,36.355257910960816,Sukagalih,Sukajadi,19076,107.58362081322292,-6.88233602262152,Pajajaran,0.0025141975770577,47.96083297995294
2016397703,34.973139345810694,Sukagalih,Sukajadi,19076,107.58348017761868,-6.882411361086433,Pajajaran,0.0025141975770577,47.96083297995294
2016397703,17.344640266088746,Sukagalih,Sukajadi,19076,107.58359779664848,-6.8825237906460295,Pajajaran,0.0025141975770577,47.96083297995294
2016397703,31.13656665068724,Sukagalih,Sukajadi,19076,107.5834374174973,-6.8825096440465225,Pajajaran,0.0025141975770577,47.96083297995294
2016397703,25.56473393668236,Sukagalih,Sukajadi,19076,107.58345109353496,-6.882604134619275,Pajajaran,0.0025141975770577,47.96083297995294
2016397703,46.023254792195424,Sukagalih,Sukajadi,19076,107.58326560076856,-6.8825875536743695,Pajajaran,0.0025141975770577,47.96083297995294
1658431473,66.23196580255691,Sukagalih,Sukajadi,19076,107.58184683638552,-6.8818595016489645,Pajajaran,0.0025141975770577,47.96083297995294
10248097486,68.44539953143872,Pasirkaliki,Cicendo,9144,107.60290095000111,-6.909425700002054,Pajajaran,0.0025141975770577,22.98982264461573
5353778490,27.684663512595243,Pasirkaliki,Cicendo,9144,107.60287784424956,-6.909939574301586,Pajajaran,0.0025141975770577,22.98982264461573
5353778490,53.09862231834485,Pasirkaliki,Cicendo,9144,107.60280964539338,-6.909707073918394,Pajajaran,0.0025141975770577,22.98982264461573
13751828694,52.47247086994317,Pasirkaliki,Cicendo,9144,107.6024422241978,-6.909822329362145,Pajajaran,0.0025141975770577,22.98982264461573
13751828694,46.27052588806778,Pasirkaliki,Cicendo,9144,107.60234430000136,-6.90981705000199,Pajajaran,0.0025141975770577,22.98982264461573
5646758265,54.83441768641328,Sukagalih,Sukajadi,19076,107.58979053053868,-6.880265171399648,Pajajaran,0.0025141975770577,47.96083297995294
5460926826,35.77835381326642,Sukagalih,Sukajadi,19076,107.58962735000148,-6.879985250002658,Pajajaran,0.0025141975770577,47.96083297995294
5460926826,49.52430056968413,Sukagalih,Sukajadi,19076,107.58943367328374,-6.880011976134109,Pajajaran,0.0025141975770577,47.96083297995294
5646758265,62.38908214307848,Sukagalih,Sukajadi,19076,107.5893876900358,-6.880241562969035,Pajajaran,0.0025141975770577,47.96083297995294
5460926826,65.08493990171254,Sukagalih,Sukajadi,19076,107.58934730682915,-6.880123378594089,Pajajaran,0.0025141975770577,47.96083297995294
5460926826,51.52289196426655,Sukagalih,Sukajadi,19076,107.58958975588926,-6.880122725900812,Pajajaran,0.0025141975770577,47.96083297995294
5646758265,52.71934470428144,Sukagalih,Sukajadi,19076,107.58955440981876,-6.880273841938451,Pajajaran,0.0025141975770577,47.96083297995294
4167718058,71.10313144764636,Sukagalih,Sukajadi,19076,107.58953976858024,-6.881589965263169,Pajajaran,0.0025141975770577,47.96083297995294
5646758265,44.11617578923403,Sukagalih,Sukajadi,19076,107.58932526377434,-6.88097148368592,Pajajaran,0.0025141975770577,47.96083297995294
5646758265,39.73948002933778,Sukagalih,Sukajadi,19076,107.5894196364102,-6.880465219009973,Pajajaran,0.0025141975770577,47.96083297995294
5646758265,55.27744105399109,Sukagalih,Sukajadi,19076,107.58932690000128,-6.880359700001906,Pajajaran,0.0025141975770577,47.96083297995294
5646758265,23.227769867828776,Sukagalih,Sukajadi,19076,107.589800039872,-6.880593206061639,Pajajaran,0.0025141975770577,47.96083297995294
5646758265,30.407847462244607,Sukagalih,Sukajadi,19076,107.58941905000084,-6.880592000001191,Pajajaran,0.0025141975770577,47.96083297995294
5646758265,20.27098729311922,Sukagalih,Sukajadi,19076,107.58953475543493,-6.880598374731604,Pajajaran,0.0025141975770577,47.96083297995294
5646758265,45.85749043485155,Sukagalih,Sukajadi,19076,107.58928335302846,-6.880547696293104,Pajajaran,0.0025141975770577,47.96083297995294
29378759,30.42672169813814,Sukagalih,Sukajadi,19076,107.59008286979086,-6.880766915554616,Pajajaran,0.0025141975770577,47.96083297995294
29378809,16.334864567876657,Sukagalih,Sukajadi,19076,107.5902951500005,-6.8808533500007485,Pajajaran,0.0025141975770577,47.96083297995294
29378809,48.02911573233061,Cipedes,Sukajadi,30647,107.59067611264398,-6.880718672709188,Pajajaran,0.0025141975770577,77.05261314408774
29378809,58.413588961413375,Cipedes,Sukajadi,30647,107.59070939999982,-6.880616300009487,Pajajaran,0.0025141975770577,77.05261314408774
5287118964,36.75886868269622,Cipedes,Sukajadi,30647,107.59098246007709,-6.880905473063259,Pajajaran,0.0025141975770577,77.05261314408774
5646758242,23.75085864958242,Cipedes,Sukajadi,30647,107.59049295904444,-6.882237426204729,Pajajaran,0.0025141975770577,77.05261314408774
4167718058,34.941103851350874,Cipedes,Sukajadi,30647,107.59039855000402,-6.881715750015342,Pajajaran,0.0025141975770577,77.05261314408774
5646758242,15.320236470181658,Cipedes,Sukajadi,30647,107.59046595000106,-6.882375150001805,Pajajaran,0.0025141975770577,77.05261314408774
5646758242,25.164104921252303,Cipedes,Sukajadi,30647,107.59037364556148,-6.882372173998088,Pajajaran,0.0025141975770577,77.05261314408774
4167718058,33.22428165388468,Cipedes,Sukajadi,30647,107.59026854439594,-6.882126956863445,Pajajaran,0.0025141975770577,77.05261314408774
29378759,58.1979639549345,Sukagalih,Sukajadi,19076,107.58946120000104,-6.881240449999408,Pajajaran,0.0025141975770577,47.96083297995294
5646758265,29.8137581547591,Sukagalih,Sukajadi,19076,107.58947663316007,-6.880946485772891,Pajajaran,0.0025141975770577,47.96083297995294
29378759,31.07088037949984,Sukagalih,Sukajadi,19076,107.5896844100405,-6.881103045839778,Pajajaran,0.0025141975770577,47.96083297995294
29378759,17.01505934523189,Sukagalih,Sukajadi,19076,107.58971967645375,-6.880972492240908,Pajajaran,0.0025141975770577,47.96083297995294
5646758265,13.22946648551915,Sukagalih,Sukajadi,19076,107.58967660000012,-6.880857150000138,Pajajaran,0.0025141975770577,47.96083297995294
4167718058,52.80556645398882,Sukagalih,Sukajadi,19076,107.58989923196584,-6.881442834004106,Pajajaran,0.0025141975770577,47.96083297995294
29378759,53.36091367510882,Sukagalih,Sukajadi,19076,107.5899636000025,-6.881320700012661,Pajajaran,0.0025141975770577,47.96083297995294
8408252955,86.52258540102365,Sukagalih,Sukajadi,19076,107.5885272500056,-6.881395800012827,Pajajaran,0.0025141975770577,47.96083297995294
5646758265,98.10614517639388,Sukagalih,Sukajadi,19076,107.58904908993684,-6.881392322335572,Pajajaran,0.0025141975770577,47.96083297995294
5646758265,107.8176765299256,Sukagalih,Sukajadi,19076,107.5890385677436,-6.8814990768169535,Pajajaran,0.0025141975770577,47.96083297995294
11359244717,100.15647852702696,Sukagalih,Sukajadi,19076,107.58902477689313,-6.881579046086643,Pajajaran,0.0025141975770577,47.96083297995294
11359244717,90.21548215080466,Sukagalih,Sukajadi,19076,107.5890167934426,-6.881669013615143,Pajajaran,0.0025141975770577,47.96083297995294
11359244717,65.94939699378432,Sukagalih,Sukajadi,19076,107.58900727888958,-6.881888715018527,Pajajaran,0.0025141975770577,47.96083297995294
11359244717,55.06766704038974,Sukagalih,Sukajadi,19076,107.58894321686483,-6.881994765329133,Pajajaran,0.0025141975770577,47.96083297995294
11359244717,41.77739828210572,Sukagalih,Sukajadi,19076,107.58895620569383,-6.882114614007203,Pajajaran,0.0025141975770577,47.96083297995294
4167718058,66.94075959917443,Sukagalih,Sukajadi,19076,107.58952460262734,-6.881759477539155,Pajajaran,0.0025141975770577,47.96083297995294
29378760,76.65931121059869,Sukagalih,Sukajadi,19076,107.58929745000124,-6.881813500003445,Pajajaran,0.0025141975770577,47.96083297995294
11359244717,65.93766979914332,Sukagalih,Sukajadi,19076,107.5892629054046,-6.881933978017974,Pajajaran,0.0025141975770577,47.96083297995294
11359244717,52.6261246381287,Sukagalih,Sukajadi,19076,107.58925022319632,-6.88206055657627,Pajajaran,0.0025141975770577,47.96083297995294
11359244717,40.41197390573826,Sukagalih,Sukajadi,19076,107.58922380000118,-6.882172150001481,Pajajaran,0.0025141975770577,47.96083297995294
29378760,61.47290358633552,Sukagalih,Sukajadi,19076,107.58947311773522,-6.88191216582841,Pajajaran,0.0025141975770577,47.96083297995294
29378760,17.81300624849639,Sukagalih,Sukajadi,19076,107.58938761782944,-6.8823999423495605,Pajajaran,0.0025141975770577,47.96083297995294
11359244717,30.368263045268595,Sukagalih,Sukajadi,19076,107.5891942699908,-6.882261401785961,Pajajaran,0.0025141975770577,47.96083297995294
11359244717,24.996342577578048,Sukagalih,Sukajadi,19076,107.58919315000156,-6.882323900005657,Pajajaran,0.0025141975770577,47.96083297995294
11359244717,19.54300342378525,Sukagalih,Sukajadi,19076,107.58919242118031,-6.8824062531073285,Pajajaran,0.0025141975770577,47.96083297995294
29377827,112.92748522313131,Sukagalih,Sukajadi,19076,107.58796902463196,-6.882220044019862,Pajajaran,0.0025141975770577,47.96083297995294
29377827,102.865671476467,Sukagalih,Sukajadi,19076,107.58799050938596,-6.88232298905969,Pajajaran,0.0025141975770577,47.96083297995294
32042025,56.68281642342081,Sukarasa,Sukasari,13710,107.58825245000456,-6.877696050005753,Pajajaran,0.0025141975770577,34.46964878146125
1396740161,47.92887296275157,Sukarasa,Sukasari,13710,107.5881457499994,-6.877500400001824,Pajajaran,0.0025141975770577,34.46964878146125
1396740161,34.335419155448584,Sukarasa,Sukasari,13710,107.588009603998,-6.877543020716894,Pajajaran,0.0025141975770577,34.46964878146125
1396740161,23.06024803331932,Sukarasa,Sukasari,13710,107.5878793499971,-6.877570850000152,Pajajaran,0.0025141975770577,34.46964878146125
1773594475,21.536594730659424,Sukarasa,Sukasari,13710,107.58706345000174,-6.877503100002635,Pajajaran,0.0025141975770577,34.46964878146125
1396740159,42.30190442200413,Sukarasa,Sukasari,13710,107.5874711545075,-6.877849792587687,Pajajaran,0.0025141975770577,34.46964878146125
1773594472,45.791060068318814,Sukarasa,Sukasari,13710,107.58717067140864,-6.877795095652601,Pajajaran,0.0025141975770577,34.46964878146125
1773594475,34.83563559830933,Sukarasa,Sukasari,13710,107.58715176037435,-6.877650221523144,Pajajaran,0.0025141975770577,34.46964878146125
29378841,53.58092629060947,Sukarasa,Sukasari,13710,107.58879549161044,-6.8783219251202805,Pajajaran,0.0025141975770577,34.46964878146125
32042025,57.01877823679699,Sukarasa,Sukasari,13710,107.5889033538435,-6.878290648391083,Pajajaran,0.0025141975770577,34.46964878146125
32042025,68.00475780155702,Sukarasa,Sukasari,13710,107.58904629425125,-6.87833836703075,Pajajaran,0.0025141975770577,34.46964878146125
29378841,18.55422353896045,Sukarasa,Sukasari,13710,107.58839849454972,-6.878561324004819,Pajajaran,0.0025141975770577,34.46964878146125
29378841,28.48993776109817,Sukarasa,Sukasari,13710,107.58828394702697,-6.878549273914657,Pajajaran,0.0025141975770577,34.46964878146125
29378842,49.59017856750612,Sukagalih,Sukajadi,19076,107.58812502069163,-6.879361557115395,Pajajaran,0.0025141975770577,47.96083297995294
29378842,33.52274506938172,Sukagalih,Sukajadi,19076,107.58807785000158,-6.8795066500008,Pajajaran,0.0025141975770577,47.96083297995294
29378842,20.07522061545673,Sukagalih,Sukajadi,19076,107.58802930000212,-6.879641100000735,Pajajaran,0.0025141975770577,47.96083297995294
5460926855,53.19868033541727,Sukagalih,Sukajadi,19076,107.58771244310329,-6.880213274886895,Pajajaran,0.0025141975770577,47.96083297995294
29378814,14.29323676919376,Sukagalih,Sukajadi,19076,107.58938611000497,-6.879232223312344,Pajajaran,0.0025141975770577,47.96083297995294
2315686450,25.68455884761424,Sukagalih,Sukajadi,19076,107.58941717990032,-6.8791223946885385,Pajajaran,0.0025141975770577,47.96083297995294
11359244718,40.734899705895394,Sukagalih,Sukajadi,19076,107.58932919999924,-6.8789483499986055,Pajajaran,0.0025141975770577,47.96083297995294
11359244718,50.75132539860058,Sukagalih,Sukajadi,19076,107.58926342431108,-6.878851474437841,Pajajaran,0.0025141975770577,47.96083297995294
29378816,53.9889872616497,Sukagalih,Sukajadi,19076,107.58926137382636,-6.878770908588263,Pajajaran,0.0025141975770577,47.96083297995294
11359244718,19.448967182366808,Sukagalih,Sukajadi,19076,107.58924337021044,-6.879135228021563,Pajajaran,0.0025141975770577,47.96083297995294
8408252955,16.44518823141524,Sukagalih,Sukajadi,19076,107.58800906246717,-6.8809913336031325,Pajajaran,0.0025141975770577,47.96083297995294
8408252955,19.42041114420402,Sukagalih,Sukajadi,19076,107.58786039999836,-6.8809864499982565,Pajajaran,0.0025141975770577,47.96083297995294
29378494,20.33271600529964,Sukagalih,Sukajadi,19076,107.58778627580314,-6.8809934662150125,Pajajaran,0.0025141975770577,47.96083297995294
29378494,11.95865300994449,Sukagalih,Sukajadi,19076,107.58769514999902,-6.881002699998549,Pajajaran,0.0025141975770577,47.96083297995294
5460926702,40.235848105386005,Sukagalih,Sukajadi,19076,107.58982094999986,-6.878492699999415,Pajajaran,0.0025141975770577,47.96083297995294
29378816,16.718903485888827,Sukagalih,Sukajadi,19076,107.58969726948412,-6.8787465410958895,Pajajaran,0.0025141975770577,47.96083297995294
29378816,41.5820831368349,Sukagalih,Sukajadi,19076,107.58972246312472,-6.878517506139355,Pajajaran,0.0025141975770577,47.96083297995294
29378816,42.710492651301394,Sukagalih,Sukajadi,19076,107.58961745654672,-6.878525125340832,Pajajaran,0.0025141975770577,47.96083297995294
29378816,45.888231415329045,Sukagalih,Sukajadi,19076,107.58947682220897,-6.878567672833194,Pajajaran,0.0025141975770577,47.96083297995294
5460926701,9.075796140844124,Sukarasa,Sukasari,13710,107.59029868306185,-6.878375183621824,Pajajaran,0.0025141975770577,34.46964878146125
5460926701,16.98938398698469,Sukarasa,Sukasari,13710,107.59030745000187,-6.878193250003022,Pajajaran,0.0025141975770577,34.46964878146125
5460926701,23.871345086764595,Sukarasa,Sukasari,13710,107.59020164999932,-6.87811354999872,Pajajaran,0.0025141975770577,34.46964878146125
5455661685,44.06488660108638,Sukarasa,Sukasari,13710,107.5902033743698,-6.877874749325687,Pajajaran,0.0025141975770577,34.46964878146125
1396740187,31.5281732427185,Sukarasa,Sukasari,13710,107.58939819999924,-6.877903399991989,Pajajaran,0.0025141975770577,34.46964878146125
1396740187,40.08908177341368,Sukarasa,Sukasari,13710,107.58950480029088,-6.877993264592345,Pajajaran,0.0025141975770577,34.46964878146125
1396740187,28.02322318245587,Sukarasa,Sukasari,13710,107.58950896161647,-6.877883579956034,Pajajaran,0.0025141975770577,34.46964878146125
32042025,34.06088958027254,Sukarasa,Sukasari,13710,107.58868015000128,-6.877498600005464,Pajajaran,0.0025141975770577,34.46964878146125
32042025,55.24997301855818,Sukarasa,Sukasari,13710,107.58839260731322,-6.877453415142141,Pajajaran,0.0025141975770577,34.46964878146125
32042025,48.87419446649454,Sukarasa,Sukasari,13710,107.58846125306782,-6.87746712963616,Pajajaran,0.0025141975770577,34.46964878146125
32042025,28.81331756724144,Sukarasa,Sukasari,13710,107.588545867346,-6.87764177647819,Pajajaran,0.0025141975770577,34.46964878146125
1778148796,69.27591058705647,Burangrang,Lengkong,9806,107.61914672693538,-6.925600343795086,Kawaluyaan,0.0026821646702334,26.30130675630889
9855469332,20.25263993697637,Paledang,Lengkong,6171,107.6166867526244,-6.926153830177177,Kawaluyaan,0.0026821646702334,16.551638180010414
12606352975,32.07736224924623,Paledang,Lengkong,6171,107.61713137208729,-6.923595505685437,Kawaluyaan,0.0026821646702334,16.551638180010414
3277363480,40.6870736900986,Paledang,Lengkong,6171,107.61686612883072,-6.9233839446617855,Kawaluyaan,0.0026821646702334,16.551638180010414
7179028072,49.32599784608589,Paledang,Lengkong,6171,107.6171773443802,-6.922835573991583,Kawaluyaan,0.0026821646702334,16.551638180010414
9858134732,61.14452861796714,Burangrang,Lengkong,9806,107.61882000000033,-6.925687500001853,Kawaluyaan,0.0026821646702334,26.30130675630889
5360198801,83.58055940763751,Burangrang,Lengkong,9806,107.61853572089488,-6.926349606038198,Kawaluyaan,0.0026821646702334,26.30130675630889
13769892149,9.44471257827642,Burangrang,Lengkong,9806,107.61763461219704,-6.925838627899912,Kawaluyaan,0.0026821646702334,26.30130675630889
9858134732,49.32014054405108,Burangrang,Lengkong,9806,107.61828330000051,-6.925618850001932,Kawaluyaan,0.0026821646702334,26.30130675630889
5360198801,15.8948289684209,Burangrang,Lengkong,9806,107.61803383134657,-6.925955642882492,Kawaluyaan,0.0026821646702334,26.30130675630889
9858134732,48.93728120200593,Burangrang,Lengkong,9806,107.61806540000067,-6.925274049999653,Kawaluyaan,0.0026821646702334,26.30130675630889
9858134732,54.96388431532628,Burangrang,Lengkong,9806,107.6180389345071,-6.925402568526923,Kawaluyaan,0.0026821646702334,26.30130675630889
9858134732,25.058593801903665,Burangrang,Lengkong,9806,107.61862630000044,-6.925424600000235,Kawaluyaan,0.0026821646702334,26.30130675630889
5360198801,58.394253372419136,Burangrang,Lengkong,9806,107.61839618887632,-6.92610752630346,Kawaluyaan,0.0026821646702334,26.30130675630889
5360198801,68.56297157394717,Burangrang,Lengkong,9806,107.6184193455598,-6.92627965444086,Kawaluyaan,0.0026821646702334,26.30130675630889
6411581704,124.71396980306557,Margasari,Buahbatu,43282,107.65207786632212,-6.95438163049274,Soekarno Hatta,0.0024232107542493,104.88140786542168
4118980728,50.59962055778135,Cisaranten Kulon,Arcamanik,27910,107.68295720000076,-6.920698400000761,Soekarno Hatta,0.0024232107542493,67.6318121511002
5348686324,13.945100139711316,Cisaranten Endah,Arcamanik,21356,107.6721404999993,-6.924338600000803,Soekarno Hatta,0.0024232107542493,51.75008886774977
3115483158,40.54843044772208,Suka Asih,Bojongloa Kaler,20219,107.58549111805378,-6.930898130604685,Pajajaran,0.0025141975770577,50.83456081052991
1857160707,39.95129334177789,Lebak Gede,Coblong,11156,107.61754254653329,-6.896729967006802,Kawaluyaan,0.0026821646702334,29.922229061124
312086672,76.68751925210304,Dago,Coblong,36061,107.61188845000328,-6.882198900005991,Kawaluyaan,0.0026821646702334,96.72154017328724
6425732155,20.942261012447982,Sukawarna,Sukajadi,14842,107.57551727044988,-6.887141080144158,Pajajaran,0.0025141975770577,37.31572043869058
9352364614,17.211130854889646,Sukawarna,Sukajadi,14842,107.575736353431,-6.887164825524421,Pajajaran,0.0025141975770577,37.31572043869058
1396407901,22.475822011212024,Sukawarna,Sukajadi,14842,107.57601537611411,-6.887179633170414,Pajajaran,0.0025141975770577,37.31572043869058
1396407885,16.8337655082301,Sukawarna,Sukajadi,14842,107.57630096934768,-6.887191435428498,Pajajaran,0.0025141975770577,37.31572043869058
1396407885,27.237786634977816,Sukawarna,Sukajadi,14842,107.5761457923102,-6.887181775201164,Pajajaran,0.0025141975770577,37.31572043869058
1870972239,20.48456165700928,Sukawarna,Sukajadi,14842,107.57666484913145,-6.887212648384632,Pajajaran,0.0025141975770577,37.31572043869058
1870972239,31.22041193111069,Sukawarna,Sukajadi,14842,107.57680547551332,-6.887208721401816,Pajajaran,0.0025141975770577,37.31572043869058
1870972239,47.455810205797086,Sukawarna,Sukajadi,14842,107.57694801495325,-6.88725585465285,Pajajaran,0.0025141975770577,37.31572043869058
1396407885,18.919912122071104,Sukawarna,Sukajadi,14842,107.57641779308616,-6.887206560130188,Pajajaran,0.0025141975770577,37.31572043869058
1870972239,16.79416967718023,Sukawarna,Sukajadi,14842,107.57654532393254,-6.887203848351641,Pajajaran,0.0025141975770577,37.31572043869058
6425732155,31.80612054647317,Sukawarna,Sukajadi,14842,107.57550245938296,-6.887272950158664,Pajajaran,0.0025141975770577,37.31572043869058
9352364614,30.18630577252751,Sukawarna,Sukajadi,14842,107.57572990181372,-6.88728360595376,Pajajaran,0.0025141975770577,37.31572043869058
1396407901,38.02769800608193,Sukawarna,Sukajadi,14842,107.5760172620601,-6.88734259362855,Pajajaran,0.0025141975770577,37.31572043869058
9352364614,45.82562492946147,Sukawarna,Sukajadi,14842,107.57571894023002,-6.887425021204056,Pajajaran,0.0025141975770577,37.31572043869058
1396407901,50.62930875082501,Sukawarna,Sukajadi,14842,107.57600129890692,-6.887468464732344,Pajajaran,0.0025141975770577,37.31572043869058
1396407892,51.160366640542094,Sukawarna,Sukajadi,14842,107.57572071942818,-6.887540116364123,Pajajaran,0.0025141975770577,37.31572043869058
1396407906,56.004667769639454,Sukawarna,Sukajadi,14842,107.57603065283094,-6.887590108786857,Pajajaran,0.0025141975770577,37.31572043869058
1396407892,42.05907512761898,Sukawarna,Sukajadi,14842,107.57571229467284,-6.887672522085549,Pajajaran,0.0025141975770577,37.31572043869058
1396407892,20.39773645905426,Sukawarna,Sukajadi,14842,107.57550634064827,-6.887717800389505,Pajajaran,0.0025141975770577,37.31572043869058
1396407892,21.89080494504007,Sukawarna,Sukajadi,14842,107.57522202581345,-6.887719441588348,Pajajaran,0.0025141975770577,37.31572043869058
1396407906,40.26584077068178,Sukawarna,Sukajadi,14842,107.57598836918628,-6.887726714103546,Pajajaran,0.0025141975770577,37.31572043869058
1396407906,32.03380687412359,Sukawarna,Sukajadi,14842,107.57571482843466,-6.887797301511439,Pajajaran,0.0025141975770577,37.31572043869058
1396407892,14.314319366903716,Sukawarna,Sukajadi,14842,107.57550235597824,-6.8878295070028255,Pajajaran,0.0025141975770577,37.31572043869058
1396407892,20.44558517663153,Sukawarna,Sukajadi,14842,107.57519028011706,-6.887825527860936,Pajajaran,0.0025141975770577,37.31572043869058
1396407906,29.68328378718136,Sukawarna,Sukajadi,14842,107.5760057489471,-6.88784825959736,Pajajaran,0.0025141975770577,37.31572043869058
1396407906,19.041919680248657,Sukawarna,Sukajadi,14842,107.57572222793144,-6.887932513802075,Pajajaran,0.0025141975770577,37.31572043869058
1396407906,17.74178175019965,Sukawarna,Sukajadi,14842,107.57598184011049,-6.887985121635474,Pajajaran,0.0025141975770577,37.31572043869058
1396407906,13.815849296849557,Sukawarna,Sukajadi,14842,107.57571593916138,-6.888078431429544,Pajajaran,0.0025141975770577,37.31572043869058
1396407906,16.3380984339208,Sukawarna,Sukajadi,14842,107.5759815876989,-6.888098435210971,Pajajaran,0.0025141975770577,37.31572043869058
1396407890,21.73164048144993,Sukawarna,Sukajadi,14842,107.57653814187869,-6.886742021661389,Pajajaran,0.0025141975770577,37.31572043869058
1396407883,21.53702436634362,Sukawarna,Sukajadi,14842,107.57553026747738,-6.88675953002128,Pajajaran,0.0025141975770577,37.31572043869058
9352364614,25.17976689553536,Sukawarna,Sukajadi,14842,107.57566597385753,-6.886817882021367,Pajajaran,0.0025141975770577,37.31572043869058
1870972239,21.5090782934392,Sukawarna,Sukajadi,14842,107.5766136303502,-6.8868647166718935,Pajajaran,0.0025141975770577,37.31572043869058
1396407901,15.912186156671266,Sukawarna,Sukajadi,14842,107.57592350558744,-6.88688939717786,Pajajaran,0.0025141975770577,37.31572043869058
1396407890,18.82348533349389,Sukawarna,Sukajadi,14842,107.5762048308436,-6.886894773586383,Pajajaran,0.0025141975770577,37.31572043869058
1396407901,23.404460863543616,Sukawarna,Sukajadi,14842,107.57605308114567,-6.886903221443702,Pajajaran,0.0025141975770577,37.31572043869058
1396407883,19.502141955077985,Sukawarna,Sukajadi,14842,107.57519874716576,-6.886904201035312,Pajajaran,0.0025141975770577,37.31572043869058
6425732155,20.108303819409187,Sukawarna,Sukajadi,14842,107.57519772681296,-6.887048316506507,Pajajaran,0.0025141975770577,37.31572043869058
1666513185,15.804094856912512,Sukawarna,Sukajadi,14842,107.5764665322246,-6.884278530000197,Pajajaran,0.0025141975770577,37.31572043869058
1666513374,24.93785549680309,Sukawarna,Sukajadi,14842,107.57654262395404,-6.884373160565882,Pajajaran,0.0025141975770577,37.31572043869058
1666513374,24.48319961543985,Sukawarna,Sukajadi,14842,107.57658834508396,-6.884480661312634,Pajajaran,0.0025141975770577,37.31572043869058
1666513374,21.77285153275203,Sukawarna,Sukajadi,14842,107.576562531794,-6.884560452880048,Pajajaran,0.0025141975770577,37.31572043869058
1666513374,24.17884958701289,Sukawarna,Sukajadi,14842,107.57654418099833,-6.884650730271924,Pajajaran,0.0025141975770577,37.31572043869058
1666513374,29.452694211374588,Sukawarna,Sukajadi,14842,107.5765394085091,-6.884723938289315,Pajajaran,0.0025141975770577,37.31572043869058
1396407907,28.109476209661576,Sukawarna,Sukajadi,14842,107.57654049686052,-6.885329416892965,Pajajaran,0.0025141975770577,37.31572043869058
9352121862,34.3309491496064,Sukawarna,Sukajadi,14842,107.57654671231592,-6.885616688257724,Pajajaran,0.0025141975770577,37.31572043869058
9352121862,28.87008312131654,Sukawarna,Sukajadi,14842,107.57654636900216,-6.88573842849039,Pajajaran,0.0025141975770577,37.31572043869058
9352121862,20.074010949281465,Sukawarna,Sukajadi,14842,107.57639787707646,-6.88593922916343,Pajajaran,0.0025141975770577,37.31572043869058
8767592326,16.59829858114162,Sukawarna,Sukajadi,14842,107.57656196044238,-6.885976005958049,Pajajaran,0.0025141975770577,37.31572043869058
6425732165,18.366190201700803,Sukawarna,Sukajadi,14842,107.5757307722564,-6.886107157065244,Pajajaran,0.0025141975770577,37.31572043869058
6425732165,27.061521337560777,Sukawarna,Sukajadi,14842,107.575851562414,-6.886127473232031,Pajajaran,0.0025141975770577,37.31572043869058
1396407871,35.079063501091795,Sukawarna,Sukajadi,14842,107.5759607531444,-6.886166654436573,Pajajaran,0.0025141975770577,37.31572043869058
1396407871,20.925000023462133,Sukawarna,Sukajadi,14842,107.57610568542438,-6.886179551615251,Pajajaran,0.0025141975770577,37.31572043869058
8767592326,23.78026498795056,Sukawarna,Sukajadi,14842,107.57642267459342,-6.886313301729465,Pajajaran,0.0025141975770577,37.31572043869058
1396407873,27.676685370847203,Sukawarna,Sukajadi,14842,107.57561624114524,-6.886261799858694,Pajajaran,0.0025141975770577,37.31572043869058
1396407873,37.60599363787692,Sukawarna,Sukajadi,14842,107.5757215173823,-6.8863027273117785,Pajajaran,0.0025141975770577,37.31572043869058
6425732165,47.486783892051406,Sukawarna,Sukajadi,14842,107.57583592234552,-6.886349466722396,Pajajaran,0.0025141975770577,37.31572043869058
1396407868,36.81689618968152,Sukawarna,Sukajadi,14842,107.57594752626692,-6.886361678623069,Pajajaran,0.0025141975770577,37.31572043869058
1396407868,25.27435316866348,Sukawarna,Sukajadi,14842,107.5760934143158,-6.886368371190454,Pajajaran,0.0025141975770577,37.31572043869058
12922445636,21.43798193269972,Sukawarna,Sukajadi,14842,107.57520763664472,-6.886484192981994,Pajajaran,0.0025141975770577,37.31572043869058
1396407868,18.77401854298025,Sukawarna,Sukajadi,14842,107.57637542072122,-6.886516848200002,Pajajaran,0.0025141975770577,37.31572043869058
1396407873,27.98939446619398,Sukawarna,Sukajadi,14842,107.57552909886742,-6.886569970465739,Pajajaran,0.0025141975770577,37.31572043869058
1396407873,38.45135153129754,Sukawarna,Sukajadi,14842,107.57564645418478,-6.886591763319772,Pajajaran,0.0025141975770577,37.31572043869058
9352364614,41.64523752397667,Sukawarna,Sukajadi,14842,107.57578512449663,-6.88663900108489,Pajajaran,0.0025141975770577,37.31572043869058
1396407890,22.14547206548829,Sukawarna,Sukajadi,14842,107.57644186883655,-6.8866432943947045,Pajajaran,0.0025141975770577,37.31572043869058
1396407868,37.67734661315573,Sukawarna,Sukajadi,14842,107.57588992320406,-6.88667394623374,Pajajaran,0.0025141975770577,37.31572043869058
1396407883,32.195884668171885,Sukawarna,Sukajadi,14842,107.57519685137922,-6.886641391871188,Pajajaran,0.0025141975770577,37.31572043869058
1666513374,21.10034763573412,Sukawarna,Sukajadi,14842,107.57621882167936,-6.884402328405103,Pajajaran,0.0025141975770577,37.31572043869058
1666513374,21.384271286814933,Sukawarna,Sukajadi,14842,107.57627225312812,-6.884685022702549,Pajajaran,0.0025141975770577,37.31572043869058
1666513374,39.21704988235268,Sukawarna,Sukajadi,14842,107.57624842981994,-6.884851252897336,Pajajaran,0.0025141975770577,37.31572043869058
1396407907,36.41003619611789,Sukawarna,Sukajadi,14842,107.576192899459,-6.8849573050926525,Pajajaran,0.0025141975770577,37.31572043869058
1396407907,24.818352423353783,Sukawarna,Sukajadi,14842,107.57615618804611,-6.88509306767641,Pajajaran,0.0025141975770577,37.31572043869058
1396407907,16.50569576862592,Sukawarna,Sukajadi,14842,107.57615156828362,-6.8852236448486765,Pajajaran,0.0025141975770577,37.31572043869058
1396407907,21.611661925899263,Sukawarna,Sukajadi,14842,107.57611697058384,-6.885355108922788,Pajajaran,0.0025141975770577,37.31572043869058
1396407907,28.49170039100903,Sukawarna,Sukajadi,14842,107.57614464226732,-6.885481063029248,Pajajaran,0.0025141975770577,37.31572043869058
6425732164,10.60168411928344,Sukawarna,Sukajadi,14842,107.57559493949032,-6.885593142305528,Pajajaran,0.0025141975770577,37.31572043869058
9352121862,25.91202382836361,Sukawarna,Sukajadi,14842,107.57612416220375,-6.885628183022111,Pajajaran,0.0025141975770577,37.31572043869058
6425732164,15.971660401985696,Sukawarna,Sukajadi,14842,107.57575043534057,-6.8857760546863656,Pajajaran,0.0025141975770577,37.31572043869058
6425732164,12.142195039365069,Sukawarna,Sukajadi,14842,107.5755598397126,-6.885708773103808,Pajajaran,0.0025141975770577,37.31572043869058
9352121862,20.02341275136109,Sukawarna,Sukajadi,14842,107.57611483926652,-6.885750781742072,Pajajaran,0.0025141975770577,37.31572043869058
6425732165,27.51632124907525,Sukawarna,Sukajadi,14842,107.57591994332972,-6.885862339038798,Pajajaran,0.0025141975770577,37.31572043869058
6425732165,16.944877741441346,Sukawarna,Sukajadi,14842,107.5755688854702,-6.885848677003384,Pajajaran,0.0025141975770577,37.31572043869058
9352121862,21.38332678244468,Sukawarna,Sukajadi,14842,107.57612542378216,-6.885892399886409,Pajajaran,0.0025141975770577,37.31572043869058
6425732165,23.04408418828524,Sukawarna,Sukajadi,14842,107.57547783113452,-6.885940594502689,Pajajaran,0.0025141975770577,37.31572043869058
6425732165,33.62104940025334,Sukawarna,Sukajadi,14842,107.5753983407631,-6.886045333636361,Pajajaran,0.0025141975770577,37.31572043869058
12922445636,20.02250017061408,Sukawarna,Sukajadi,14842,107.57532741886992,-6.886147072273906,Pajajaran,0.0025141975770577,37.31572043869058
11079014966,40.465424375229006,Sukabungah,Sukajadi,21712,107.5901190974373,-6.893670866897316,Pajajaran,0.0025141975770577,54.58825779307707
8944527145,14.326885966190057,Karang Pamulang,Mandalajati,19919,107.67566523316262,-6.896121048441257,Soekarno Hatta,0.0024232107542493,48.26793501389341
8944527145,9.568874838926074,Karang Pamulang,Mandalajati,19919,107.67547864999928,-6.89603105000266,Soekarno Hatta,0.0024232107542493,48.26793501389341
8944527145,14.891874700072842,Karang Pamulang,Mandalajati,19919,107.6755345655577,-6.895958797182668,Soekarno Hatta,0.0024232107542493,48.26793501389341
8944527145,21.854321795394704,Karang Pamulang,Mandalajati,19919,107.6755855499992,-6.895901450002341,Soekarno Hatta,0.0024232107542493,48.26793501389341
5455786442,27.95968554493476,Karang Pamulang,Mandalajati,19919,107.67591120894572,-6.895793984300758,Soekarno Hatta,0.0024232107542493,48.26793501389341
5455786442,15.268468141164869,Karang Pamulang,Mandalajati,19919,107.67592025886162,-6.895586380411974,Soekarno Hatta,0.0024232107542493,48.26793501389341
5455786438,32.352238298308336,Karang Pamulang,Mandalajati,19919,107.67559822775502,-6.895350459631995,Soekarno Hatta,0.0024232107542493,48.26793501389341
5455786438,21.53494100951936,Karang Pamulang,Mandalajati,19919,107.67561612775503,-6.89524395963201,Soekarno Hatta,0.0024232107542493,48.26793501389341
5455786438,32.43182586556867,Karang Pamulang,Mandalajati,19919,107.67583320000112,-6.895375549999797,Soekarno Hatta,0.0024232107542493,48.26793501389341
5455786442,12.790918623973733,Karang Pamulang,Mandalajati,19919,107.67607222775504,-6.895473759631996,Soekarno Hatta,0.0024232107542493,48.26793501389341
5455786442,16.575171890705185,Karang Pamulang,Mandalajati,19919,107.6760071688318,-6.895447709201309,Soekarno Hatta,0.0024232107542493,48.26793501389341
5455786442,13.157513525905877,Karang Pamulang,Mandalajati,19919,107.67613816542,-6.895500378032654,Soekarno Hatta,0.0024232107542493,48.26793501389341
5455786443,12.09747939575104,Karang Pamulang,Mandalajati,19919,107.67624733116536,-6.895543440785675,Soekarno Hatta,0.0024232107542493,48.26793501389341
5455786443,10.6791810034423,Karang Pamulang,Mandalajati,19919,107.67631783117042,-6.895569490798355,Soekarno Hatta,0.0024232107542493,48.26793501389341
5455786442,22.30152661742741,Karang Pamulang,Mandalajati,19919,107.67594260000112,-6.895423449999815,Soekarno Hatta,0.0024232107542493,48.26793501389341
5455786438,34.337747825019086,Karang Pamulang,Mandalajati,19919,107.67601253116536,-6.895251140785659,Soekarno Hatta,0.0024232107542493,48.26793501389341
5455786442,34.45119091862678,Karang Pamulang,Mandalajati,19919,107.67607695000112,-6.895277749999838,Soekarno Hatta,0.0024232107542493,48.26793501389341
5455786437,31.965820676134552,Karang Pamulang,Mandalajati,19919,107.67613793116536,-6.895302640785687,Soekarno Hatta,0.0024232107542493,48.26793501389341
5455786437,24.997789916589426,Karang Pamulang,Mandalajati,19919,107.6761985000011,-6.895327749999836,Soekarno Hatta,0.0024232107542493,48.26793501389341
5455786437,18.23625333745671,Karang Pamulang,Mandalajati,19919,107.6762592000011,-6.895352549999822,Soekarno Hatta,0.0024232107542493,48.26793501389341
5455786437,11.941683560880763,Karang Pamulang,Mandalajati,19919,107.67632073116538,-6.895376440785669,Soekarno Hatta,0.0024232107542493,48.26793501389341
5455786437,7.73870634516827,Karang Pamulang,Mandalajati,19919,107.6763823034142,-6.895400831165273,Soekarno Hatta,0.0024232107542493,48.26793501389341
5455786437,9.433356415290788,Karang Pamulang,Mandalajati,19919,107.676444296588,-6.89542736883436,Soekarno Hatta,0.0024232107542493,48.26793501389341
5455786437,15.8542293535472,Karang Pamulang,Mandalajati,19919,107.67649784659962,-6.895221868824643,Soekarno Hatta,0.0024232107542493,48.26793501389341
5455786437,16.763957498884295,Karang Pamulang,Mandalajati,19919,107.67642705000112,-6.895193149999839,Soekarno Hatta,0.0024232107542493,48.26793501389341
5455786437,26.8048092602608,Karang Pamulang,Mandalajati,19919,107.67628683116536,-6.895144840785672,Soekarno Hatta,0.0024232107542493,48.26793501389341
5455786437,34.14904754338439,Karang Pamulang,Mandalajati,19919,107.67621545000112,-6.895116949999845,Soekarno Hatta,0.0024232107542493,48.26793501389341
5455786437,41.99602340657983,Karang Pamulang,Mandalajati,19919,107.67614362775502,-6.895088559631979,Soekarno Hatta,0.0024232107542493,48.26793501389341
5455786438,36.640673075446784,Karang Pamulang,Mandalajati,19919,107.6760727000011,-6.895061149999851,Soekarno Hatta,0.0024232107542493,48.26793501389341
5455786438,29.14718002827268,Karang Pamulang,Mandalajati,19919,107.675998196588,-6.895029668834386,Soekarno Hatta,0.0024232107542493,48.26793501389341
5455786438,38.46828824365456,Karang Pamulang,Mandalajati,19919,107.67599808591808,-6.894859960739805,Soekarno Hatta,0.0024232107542493,48.26793501389341
5455786438,42.63064928764658,Karang Pamulang,Mandalajati,19919,107.67606655000114,-6.894886749999824,Soekarno Hatta,0.0024232107542493,48.26793501389341
5455786438,47.909178641708976,Karang Pamulang,Mandalajati,19919,107.67613445000111,-6.894910549999832,Soekarno Hatta,0.0024232107542493,48.26793501389341
5455786437,52.06508486258876,Karang Pamulang,Mandalajati,19919,107.67619870000112,-6.894931449999827,Soekarno Hatta,0.0024232107542493,48.26793501389341
5455786437,46.41601975109117,Karang Pamulang,Mandalajati,19919,107.676266796588,-6.894955668834379,Soekarno Hatta,0.0024232107542493,48.26793501389341
5455786437,38.761466448036174,Karang Pamulang,Mandalajati,19919,107.676397096588,-6.8949953688343975,Soekarno Hatta,0.0024232107542493,48.26793501389341
7207562389,51.275988377112334,Karang Pamulang,Mandalajati,19919,107.67602645340264,-6.894643431175028,Soekarno Hatta,0.0024232107542493,48.26793501389341
7207562389,49.03163722332947,Karang Pamulang,Mandalajati,19919,107.67608760000113,-6.894668399999818,Soekarno Hatta,0.0024232107542493,48.26793501389341
7207562389,48.031809383685705,Karang Pamulang,Mandalajati,19919,107.67614782775505,-6.894695159632004,Soekarno Hatta,0.0024232107542493,48.26793501389341
7207562389,47.81864554060296,Karang Pamulang,Mandalajati,19919,107.67620896542,-6.894719278032647,Soekarno Hatta,0.0024232107542493,48.26793501389341
7207562389,48.6813396250345,Karang Pamulang,Mandalajati,19919,107.67627099658802,-6.894743368834394,Soekarno Hatta,0.0024232107542493,48.26793501389341
7207562389,50.71047950001317,Karang Pamulang,Mandalajati,19919,107.67633302775504,-6.894768359632009,Soekarno Hatta,0.0024232107542493,48.26793501389341
5455786437,42.16601116351351,Karang Pamulang,Mandalajati,19919,107.67633302775504,-6.894974559631993,Soekarno Hatta,0.0024232107542493,48.26793501389341
7207562389,53.98822883016775,Karang Pamulang,Mandalajati,19919,107.6763951000011,-6.894796049999822,Soekarno Hatta,0.0024232107542493,48.26793501389341
29378888,30.1851899785735,Sukabungah,Sukajadi,21712,107.5905027624871,-6.89251860951158,Pajajaran,0.0025141975770577,54.58825779307707
1708607306,53.58792334391912,Dago,Coblong,36061,107.61283115000067,-6.872515200002139,Kawaluyaan,0.0026821646702334,96.72154017328724
5472211905,13.958390837079916,Jatihandap,Mandalajati,28466,107.66274908276904,-6.894809493056924,Soekarno Hatta,0.0024232107542493,68.97911733046286
3278058148,51.43758842740304,Citarum,Bandung Wetan,2285,107.61902575652675,-6.907089574220677,Kawaluyaan,0.0026821646702334,6.128746271483357
1396407868,22.691750900039388,Sukawarna,Sukajadi,14842,107.57607134080716,-6.886712612360534,Pajajaran,0.0025141975770577,37.31572043869058
1396407907,36.32670332619744,Sukawarna,Sukajadi,14842,107.57653851088877,-6.885489025358792,Pajajaran,0.0025141975770577,37.31572043869058
9352364614,17.34463918019125,Sukawarna,Sukajadi,14842,107.57578285000491,-6.886858599996604,Pajajaran,0.0025141975770577,37.31572043869058
1666513374,12.038041235642742,Sukawarna,Sukajadi,14842,107.57626147421009,-6.884513121382591,Pajajaran,0.0025141975770577,37.31572043869058
8416946671,62.15186557373503,Sukawarna,Sukajadi,14842,107.57686390365257,-6.885244321698972,Pajajaran,0.0025141975770577,37.31572043869058
6408734422,105.8575838003905,Cisaranten Kidul,Gedebage,22102,107.69953577149528,-6.963241890525332,Soekarno Hatta,0.0024232107542493,53.5578040904198
6408734422,111.1319322378901,Cisaranten Kidul,Gedebage,22102,107.69962975000216,-6.963280549999891,Soekarno Hatta,0.0024232107542493,53.5578040904198
6408734422,96.4206718403556,Cisaranten Kidul,Gedebage,22102,107.69956570000218,-6.963421649999897,Soekarno Hatta,0.0024232107542493,53.5578040904198
6408734422,90.64506924948527,Cisaranten Kidul,Gedebage,22102,107.69946659689468,-6.963372468452766,Soekarno Hatta,0.0024232107542493,53.5578040904198
6408734422,103.23750401958162,Cisaranten Kidul,Gedebage,22102,107.6996594684516,-6.9634620585367735,Soekarno Hatta,0.0024232107542493,53.5578040904198
6408734422,110.13668087597448,Cisaranten Kidul,Gedebage,22102,107.69974795000216,-6.963505099999881,Soekarno Hatta,0.0024232107542493,53.5578040904198
6408734422,118.19873340036742,Cisaranten Kidul,Gedebage,22102,107.69983910000217,-6.963540249999895,Soekarno Hatta,0.0024232107542493,53.5578040904198
6408734422,129.25729416784037,Cisaranten Kidul,Gedebage,22102,107.69996038254789,-6.963597442809599,Soekarno Hatta,0.0024232107542493,53.5578040904198
6405993950,131.93860306412077,Cisaranten Kidul,Gedebage,22102,107.70004015000248,-6.963648050000156,Soekarno Hatta,0.0024232107542493,53.5578040904198
6405993950,124.04875179836534,Cisaranten Kidul,Gedebage,22102,107.70011855000246,-6.963693600000164,Soekarno Hatta,0.0024232107542493,53.5578040904198
6405993950,116.90096930144696,Cisaranten Kidul,Gedebage,22102,107.70019825000246,-6.963734850000161,Soekarno Hatta,0.0024232107542493,53.5578040904198
6405993950,91.89884263877464,Cisaranten Kidul,Gedebage,22102,107.70051675000248,-6.963914550000169,Soekarno Hatta,0.0024232107542493,53.5578040904198
6405993950,97.31211864742755,Cisaranten Kidul,Gedebage,22102,107.70044055000244,-6.9638681500001685,Soekarno Hatta,0.0024232107542493,53.5578040904198
6405993950,111.10149610586984,Cisaranten Kidul,Gedebage,22102,107.7005157481568,-6.963741017519652,Soekarno Hatta,0.0024232107542493,53.5578040904198
6405993950,142.8117053013794,Cisaranten Kidul,Gedebage,22102,107.70011803247952,-6.963514592706725,Soekarno Hatta,0.0024232107542493,53.5578040904198
6408734422,133.00375302797855,Cisaranten Kidul,Gedebage,22102,107.69993285000248,-6.963411450000158,Soekarno Hatta,0.0024232107542493,53.5578040904198
6408734422,117.0220746340974,Cisaranten Kidul,Gedebage,22102,107.69972005000216,-6.963317249999879,Soekarno Hatta,0.0024232107542493,53.5578040904198
6408734422,124.91355132649242,Cisaranten Kidul,Gedebage,22102,107.69982975000217,-6.963364649999893,Soekarno Hatta,0.0024232107542493,53.5578040904198
6408734422,141.58869106456757,Cisaranten Kidul,Gedebage,22102,107.70003605000252,-6.9634626500002215,Soekarno Hatta,0.0024232107542493,53.5578040904198
6405993950,135.42445898097745,Cisaranten Kidul,Gedebage,22102,107.70020235000251,-6.963559850000214,Soekarno Hatta,0.0024232107542493,53.5578040904198
6405993950,128.30932060548813,Cisaranten Kidul,Gedebage,22102,107.70028148266654,-6.963607743013297,Soekarno Hatta,0.0024232107542493,53.5578040904198
6405993950,109.05996157461232,Cisaranten Kidul,Gedebage,22102,107.70027269847962,-6.9637878173320455,Soekarno Hatta,0.0024232107542493,53.5578040904198
6405993950,102.1507602266568,Cisaranten Kidul,Gedebage,22102,107.70035095000252,-6.963835250000233,Soekarno Hatta,0.0024232107542493,53.5578040904198
6405993950,117.29685955637568,Cisaranten Kidul,Gedebage,22102,107.70044345000252,-6.963686950000221,Soekarno Hatta,0.0024232107542493,53.5578040904198
6405993950,122.46968993800964,Cisaranten Kidul,Gedebage,22102,107.700364182665,-6.963647593002062,Soekarno Hatta,0.0024232107542493,53.5578040904198
2255512773,13.71688784769216,Sekejati,Buahbatu,26388,107.66173817138534,-6.945987759044181,Soekarno Hatta,0.0024232107542493,63.943685383132646
2255512773,21.05790302859859,Sekejati,Buahbatu,26388,107.6618154500008,-6.946004950000177,Soekarno Hatta,0.0024232107542493,63.943685383132646
2255512760,21.402810364898404,Sekejati,Buahbatu,26388,107.6618927500008,-6.946022150000202,Soekarno Hatta,0.0024232107542493,63.943685383132646
2255512760,22.93452206737184,Sekejati,Buahbatu,26388,107.66197002861628,-6.946039340956214,Soekarno Hatta,0.0024232107542493,63.943685383132646
2255512777,23.937556623933474,Sekejati,Buahbatu,26388,107.66204727138536,-6.946056559044153,Soekarno Hatta,0.0024232107542493,63.943685383132646
2255512777,15.94895293103501,Sekejati,Buahbatu,26388,107.6621245500008,-6.946073750000194,Soekarno Hatta,0.0024232107542493,63.943685383132646
2255512777,9.433586827896306,Sekejati,Buahbatu,26388,107.6622018500008,-6.946090950000163,Soekarno Hatta,0.0024232107542493,63.943685383132646
2255512777,8.770482680653844,Sekejati,Buahbatu,26388,107.6622791500008,-6.946108200000177,Soekarno Hatta,0.0024232107542493,63.943685383132646
2255512777,8.40282474899829,Sekejati,Buahbatu,26388,107.66217999268504,-6.946227471559529,Soekarno Hatta,0.0024232107542493,63.943685383132646
2255512777,15.004587599492488,Sekejati,Buahbatu,26388,107.66210107887396,-6.94621053631348,Soekarno Hatta,0.0024232107542493,63.943685383132646
2255512777,23.220172560232285,Sekejati,Buahbatu,26388,107.66202212844183,-6.946193592134732,Soekarno Hatta,0.0024232107542493,63.943685383132646
2255512777,31.82047873585567,Sekejati,Buahbatu,26388,107.66194320000068,-6.946176700000604,Soekarno Hatta,0.0024232107542493,63.943685383132646
2255512773,28.66874256075867,Sekejati,Buahbatu,26388,107.66186426423816,-6.94615977942419,Soekarno Hatta,0.0024232107542493,63.943685383132646
2255512773,20.08485139119413,Sekejati,Buahbatu,26388,107.66178533576326,-6.946142820577031,Soekarno Hatta,0.0024232107542493,63.943685383132646
2255512773,12.01529297076408,Sekejati,Buahbatu,26388,107.66170640000068,-6.946125900000615,Soekarno Hatta,0.0024232107542493,63.943685383132646
11014872291,77.2417989757793,Sukawarna,Sukajadi,14842,107.57999615312004,-6.881463419363882,Pajajaran,0.0025141975770577,37.31572043869058
5463988167,19.953769840210988,Cipaganti,Coblong,12118,107.60564327096996,-6.89239978214946,Kawaluyaan,0.0026821646702334,32.50247147388855
5463988167,92.26492327094547,Cipaganti,Coblong,12118,107.6052663251702,-6.891844514489468,Kawaluyaan,0.0026821646702334,32.50247147388855
5463988167,68.60612162510218,Cipaganti,Coblong,12118,107.60519899070334,-6.8923438885595445,Kawaluyaan,0.0026821646702334,32.50247147388855
5098301280,18.67357446505861,Hegarmanah,Cidadap,20613,107.60363457184258,-6.874279606507876,Kawaluyaan,0.0026821646702334,55.287460347521424
12448324850,6.489909408382203,Sindang Jaya,Mandalajati,15568,107.68449141734102,-6.901016129133935,Soekarno Hatta,0.0024232107542493,37.72454502215435
7562048168,63.53698476943906,Cisaranten Kidul,Gedebage,22102,107.6977744966237,-6.962162719166386,Soekarno Hatta,0.0024232107542493,53.5578040904198
7562048168,103.06568941463593,Cisaranten Kidul,Gedebage,22102,107.69812938801005,-6.962105461623676,Soekarno Hatta,0.0024232107542493,53.5578040904198
7562048168,130.5502500426732,Cisaranten Kidul,Gedebage,22102,107.69838044843262,-6.962200262763912,Soekarno Hatta,0.0024232107542493,53.5578040904198
7562048168,65.60484837739523,Cisaranten Kidul,Gedebage,22102,107.69775193545884,-6.961959242502568,Soekarno Hatta,0.0024232107542493,53.5578040904198
7562048168,117.08762663807649,Cisaranten Kidul,Gedebage,22102,107.69825868329391,-6.962153784881191,Soekarno Hatta,0.0024232107542493,53.5578040904198
7562048168,88.79026815648264,Cisaranten Kidul,Gedebage,22102,107.69799328983514,-6.962052247902572,Soekarno Hatta,0.0024232107542493,53.5578040904198
7562048168,76.27094567724171,Cisaranten Kidul,Gedebage,22102,107.69786811632753,-6.9620053465311305,Soekarno Hatta,0.0024232107542493,53.5578040904198
7562048168,169.2064354093998,Cisaranten Kidul,Gedebage,22102,107.69872299143344,-6.962325669049619,Soekarno Hatta,0.0024232107542493,53.5578040904198
7562048168,108.74139930660942,Cisaranten Kidul,Gedebage,22102,107.69817330640936,-6.962317739952577,Soekarno Hatta,0.0024232107542493,53.5578040904198
6405993952,166.96538911775127,Cisaranten Kidul,Gedebage,22102,107.69882393606606,-6.962362170475105,Soekarno Hatta,0.0024232107542493,53.5578040904198
6405993952,141.70582475636388,Cisaranten Kidul,Gedebage,22102,107.69892693398232,-6.962598326402333,Soekarno Hatta,0.0024232107542493,53.5578040904198
6405993952,158.07360332019957,Cisaranten Kidul,Gedebage,22102,107.69918922488614,-6.9625019822948815,Soekarno Hatta,0.0024232107542493,53.5578040904198
6405993952,139.3333072126583,Cisaranten Kidul,Gedebage,22102,107.69902934115964,-6.962636320953599,Soekarno Hatta,0.0024232107542493,53.5578040904198
7562048168,157.475011779055,Cisaranten Kidul,Gedebage,22102,107.69861980810715,-6.962288104184444,Soekarno Hatta,0.0024232107542493,53.5578040904198
7562048168,149.7768127087746,Cisaranten Kidul,Gedebage,22102,107.69852668014909,-6.962450026349914,Soekarno Hatta,0.0024232107542493,53.5578040904198
7562048168,74.46756682591351,Cisaranten Kidul,Gedebage,22102,107.69787305549973,-6.962201844484949,Soekarno Hatta,0.0024232107542493,53.5578040904198
7562048168,98.16938949550332,Cisaranten Kidul,Gedebage,22102,107.698081323118,-6.962284321826982,Soekarno Hatta,0.0024232107542493,53.5578040904198
7562048168,86.19372410983631,Cisaranten Kidul,Gedebage,22102,107.69797663742932,-6.962244274444101,Soekarno Hatta,0.0024232107542493,53.5578040904198
6405993952,144.96362589818492,Cisaranten Kidul,Gedebage,22102,107.69882480068308,-6.9625611114513335,Soekarno Hatta,0.0024232107542493,53.5578040904198
6405993952,149.11821769333724,Cisaranten Kidul,Gedebage,22102,107.69872731230684,-6.96252374621799,Soekarno Hatta,0.0024232107542493,53.5578040904198
5461006030,151.80585341823758,Cisaranten Kidul,Gedebage,22102,107.69862225015298,-6.962485955874133,Soekarno Hatta,0.0024232107542493,53.5578040904198
7562048168,53.004709738349646,Cisaranten Kidul,Gedebage,22102,107.69767642581814,-6.962123383755491,Soekarno Hatta,0.0024232107542493,53.5578040904198
6405993952,138.06931626481634,Cisaranten Kidul,Gedebage,22102,107.69912689740396,-6.962672068612432,Soekarno Hatta,0.0024232107542493,53.5578040904198
7562048168,127.81599023948276,Cisaranten Kidul,Gedebage,22102,107.69833738048784,-6.962383115895324,Soekarno Hatta,0.0024232107542493,53.5578040904198
7562048168,118.376991624695,Cisaranten Kidul,Gedebage,22102,107.69825629466963,-6.962351161860065,Soekarno Hatta,0.0024232107542493,53.5578040904198
6405993952,163.14863721004272,Cisaranten Kidul,Gedebage,22102,107.698935905912,-6.9624043665828665,Soekarno Hatta,0.0024232107542493,53.5578040904198
6405993952,159.93709350327157,Cisaranten Kidul,Gedebage,22102,107.69906321404876,-6.962453222124599,Soekarno Hatta,0.0024232107542493,53.5578040904198
7562048168,140.78084699313325,Cisaranten Kidul,Gedebage,22102,107.69844933730238,-6.962422026661196,Soekarno Hatta,0.0024232107542493,53.5578040904198
7562048168,146.22208896946972,Cisaranten Kidul,Gedebage,22102,107.69852030522304,-6.9622512798906495,Soekarno Hatta,0.0024232107542493,53.5578040904198
6408734422,139.7565317993206,Cisaranten Kidul,Gedebage,22102,107.6994987489726,-6.962815434967366,Soekarno Hatta,0.0024232107542493,53.5578040904198
6408734422,163.02962950160415,Cisaranten Kidul,Gedebage,22102,107.699625512289,-6.962646760783399,Soekarno Hatta,0.0024232107542493,53.5578040904198
6408734422,173.71697853471258,Cisaranten Kidul,Gedebage,22102,107.7002168141691,-6.963152626567711,Soekarno Hatta,0.0024232107542493,53.5578040904198
6408734422,149.5945174947964,Cisaranten Kidul,Gedebage,22102,107.69980505000444,-6.962950999998809,Soekarno Hatta,0.0024232107542493,53.5578040904198
6408734422,179.9785568209706,Cisaranten Kidul,Gedebage,22102,107.70008402689328,-6.962851726414156,Soekarno Hatta,0.0024232107542493,53.5578040904198
10962685934,181.18386413237383,Cisaranten Kidul,Gedebage,22102,107.70057762083272,-6.963102312497858,Soekarno Hatta,0.0024232107542493,53.5578040904198
6408734422,191.7235888674544,Cisaranten Kidul,Gedebage,22102,107.70029553652265,-6.962963644822242,Soekarno Hatta,0.0024232107542493,53.5578040904198
6408734422,142.07423924994023,Cisaranten Kidul,Gedebage,22102,107.69960231268392,-6.962861356995607,Soekarno Hatta,0.0024232107542493,53.5578040904198
6408734422,165.71817164099164,Cisaranten Kidul,Gedebage,22102,107.69974623055846,-6.962702390570893,Soekarno Hatta,0.0024232107542493,53.5578040904198
6408734422,161.6532544076045,Cisaranten Kidul,Gedebage,22102,107.6995130000043,-6.962595299999536,Soekarno Hatta,0.0024232107542493,53.5578040904198
6408734422,154.3478913703077,Cisaranten Kidul,Gedebage,22102,107.69990153499158,-6.962994637232186,Soekarno Hatta,0.0024232107542493,53.5578040904198
6405993950,166.67395635479463,Cisaranten Kidul,Gedebage,22102,107.7003813240032,-6.963244134861641,Soekarno Hatta,0.0024232107542493,53.5578040904198
6408734422,185.23678155629128,Cisaranten Kidul,Gedebage,22102,107.70017598018562,-6.9628923526147,Soekarno Hatta,0.0024232107542493,53.5578040904198
6408734422,138.49542512779357,Cisaranten Kidul,Gedebage,22102,107.69939767989356,-6.96277121053499,Soekarno Hatta,0.0024232107542493,53.5578040904198
6408734422,165.69458468378002,Cisaranten Kidul,Gedebage,22102,107.7000894341694,-6.963078071589485,Soekarno Hatta,0.0024232107542493,53.5578040904198
6405993950,192.41622114676096,Cisaranten Kidul,Gedebage,22102,107.70038804206234,-6.963010340100796,Soekarno Hatta,0.0024232107542493,53.5578040904198
6408734422,169.70058509170204,Cisaranten Kidul,Gedebage,22102,107.69986936047326,-6.962759529586515,Soekarno Hatta,0.0024232107542493,53.5578040904198
6408734422,159.74489424770954,Cisaranten Kidul,Gedebage,22102,107.69999674204674,-6.963037665082303,Soekarno Hatta,0.0024232107542493,53.5578040904198
6405993950,160.2787190915011,Cisaranten Kidul,Gedebage,22102,107.70047678395296,-6.9632969486892105,Soekarno Hatta,0.0024232107542493,53.5578040904198
6405993950,186.70510423615403,Cisaranten Kidul,Gedebage,22102,107.700486138645,-6.963057967565389,Soekarno Hatta,0.0024232107542493,53.5578040904198
6405993950,154.82869880868515,Cisaranten Kidul,Gedebage,22102,107.70056342520026,-6.963346974199964,Soekarno Hatta,0.0024232107542493,53.5578040904198
6408734422,174.73678631471532,Cisaranten Kidul,Gedebage,22102,107.6999828581169,-6.9628082450976585,Soekarno Hatta,0.0024232107542493,53.5578040904198
6408734422,145.43727095278226,Cisaranten Kidul,Gedebage,22102,107.69970509563026,-6.962906590222075,Soekarno Hatta,0.0024232107542493,53.5578040904198
6405993950,172.99878345812144,Cisaranten Kidul,Gedebage,22102,107.70029695795066,-6.9631959283658,Soekarno Hatta,0.0024232107542493,53.5578040904198
6405993952,80.01619214506817,Cisaranten Kidul,Gedebage,22102,107.69891696582428,-6.963160474491686,Soekarno Hatta,0.0024232107542493,53.5578040904198
5461006030,89.74646254093095,Cisaranten Kidul,Gedebage,22102,107.69860857679107,-6.963052000642973,Soekarno Hatta,0.0024232107542493,53.5578040904198
6406042416,95.38749831185226,Cisaranten Kidul,Gedebage,22102,107.69834548121084,-6.962957189956878,Soekarno Hatta,0.0024232107542493,53.5578040904198
6406042416,92.3984592556889,Cisaranten Kidul,Gedebage,22102,107.69826335713188,-6.962923683903553,Soekarno Hatta,0.0024232107542493,53.5578040904198
5461006030,111.76853275145704,Cisaranten Kidul,Gedebage,22102,107.69858119110552,-6.962845471526425,Soekarno Hatta,0.0024232107542493,53.5578040904198
7562048168,65.23826093654654,Cisaranten Kidul,Gedebage,22102,107.69755173496976,-6.96265024039768,Soekarno Hatta,0.0024232107542493,53.5578040904198
6405993952,82.9030853036363,Cisaranten Kidul,Gedebage,22102,107.69881414449948,-6.963121918440299,Soekarno Hatta,0.0024232107542493,53.5578040904198
6406042416,109.27105108158706,Cisaranten Kidul,Gedebage,22102,107.69814255642962,-6.962679587185602,Soekarno Hatta,0.0024232107542493,53.5578040904198
7562048168,108.30781086410624,Cisaranten Kidul,Gedebage,22102,107.6980588397804,-6.962647560361687,Soekarno Hatta,0.0024232107542493,53.5578040904198
5461006030,110.13984336688844,Cisaranten Kidul,Gedebage,22102,107.69867277679108,-6.9628775006429775,Soekarno Hatta,0.0024232107542493,53.5578040904198
6405993952,106.28308988424932,Cisaranten Kidul,Gedebage,22102,107.69877376492056,-6.962909836283802,Soekarno Hatta,0.0024232107542493,53.5578040904198
6406042416,88.8111363419408,Cisaranten Kidul,Gedebage,22102,107.69796097107208,-6.962812934342264,Soekarno Hatta,0.0024232107542493,53.5578040904198
6406042416,89.72036528006632,Cisaranten Kidul,Gedebage,22102,107.6981588185012,-6.962884013001427,Soekarno Hatta,0.0024232107542493,53.5578040904198
7562048168,50.62461179032554,Cisaranten Kidul,Gedebage,22102,107.69755859421446,-6.962461399013129,Soekarno Hatta,0.0024232107542493,53.5578040904198
7562048168,73.27325150174526,Cisaranten Kidul,Gedebage,22102,107.69775665940108,-6.962536208203829,Soekarno Hatta,0.0024232107542493,53.5578040904198
7562048168,61.84468596279911,Cisaranten Kidul,Gedebage,22102,107.69765716294216,-6.962498943841087,Soekarno Hatta,0.0024232107542493,53.5578040904198
5461006030,114.19272899019724,Cisaranten Kidul,Gedebage,22102,107.69849716278836,-6.9628155452895735,Soekarno Hatta,0.0024232107542493,53.5578040904198
6405993952,87.30638387382997,Cisaranten Kidul,Gedebage,22102,107.69870956492058,-6.963084336283823,Soekarno Hatta,0.0024232107542493,53.5578040904198
7562048168,88.20858914134331,Cisaranten Kidul,Gedebage,22102,107.69776432575811,-6.962740323332786,Soekarno Hatta,0.0024232107542493,53.5578040904198
6406042416,114.65601983307752,Cisaranten Kidul,Gedebage,22102,107.69840968121083,-6.962782689956881,Soekarno Hatta,0.0024232107542493,53.5578040904198
6406042416,88.58638079278181,Cisaranten Kidul,Gedebage,22102,107.69805830951697,-6.962847059133559,Soekarno Hatta,0.0024232107542493,53.5578040904198
5461006030,94.73402503167512,Cisaranten Kidul,Gedebage,22102,107.69843296278836,-6.962990045289572,Soekarno Hatta,0.0024232107542493,53.5578040904198
7562048168,97.64873689233852,Cisaranten Kidul,Gedebage,22102,107.69796640757468,-6.962615358967919,Soekarno Hatta,0.0024232107542493,53.5578040904198
6405993952,100.38167818577703,Cisaranten Kidul,Gedebage,22102,107.69898116582426,-6.962985974491682,Soekarno Hatta,0.0024232107542493,53.5578040904198
6405993952,102.71403817587904,Cisaranten Kidul,Gedebage,22102,107.69887834449946,-6.962947418440293,Soekarno Hatta,0.0024232107542493,53.5578040904198
5461006030,91.77550300259172,Cisaranten Kidul,Gedebage,22102,107.69851699110554,-6.96301997152639,Soekarno Hatta,0.0024232107542493,53.5578040904198
7562048168,85.4616399232054,Cisaranten Kidul,Gedebage,22102,107.6978610625166,-6.962577097667174,Soekarno Hatta,0.0024232107542493,53.5578040904198
6406042416,112.24516017951446,Cisaranten Kidul,Gedebage,22102,107.69832755713186,-6.962749183903525,Soekarno Hatta,0.0024232107542493,53.5578040904198
6406042416,90.84178479557222,Cisaranten Kidul,Gedebage,22102,107.69786823616565,-6.962776159676071,Soekarno Hatta,0.0024232107542493,53.5578040904198
6406042416,110.04432645694668,Cisaranten Kidul,Gedebage,22102,107.69822407465487,-6.962710390175134,Soekarno Hatta,0.0024232107542493,53.5578040904198
7562048168,77.41521651057232,Cisaranten Kidul,Gedebage,22102,107.69766078010844,-6.962703629204863,Soekarno Hatta,0.0024232107542493,53.5578040904198
6408734422,99.48384343020186,Cisaranten Kidul,Gedebage,22102,107.69972384774071,-6.963807449512169,Soekarno Hatta,0.0024232107542493,53.5578040904198
6405993950,60.64590023743908,Cisaranten Kidul,Gedebage,22102,107.70045854201484,-6.964199108603533,Soekarno Hatta,0.0024232107542493,53.5578040904198
6405993952,54.999119342398245,Cisaranten Kidul,Gedebage,22102,107.69867556831092,-6.963384049135612,Soekarno Hatta,0.0024232107542493,53.5578040904198
6408734422,110.0076933607839,Cisaranten Kidul,Gedebage,22102,107.69982233738624,-6.963873183517738,Soekarno Hatta,0.0024232107542493,53.5578040904198
5461006030,58.39346022705363,Cisaranten Kidul,Gedebage,22102,107.6985037352509,-6.963321799007676,Soekarno Hatta,0.0024232107542493,53.5578040904198
6408734422,83.30976863833854,Cisaranten Kidul,Gedebage,22102,107.69956555428529,-6.963733940814749,Soekarno Hatta,0.0024232107542493,53.5578040904198
5461006030,61.012477574994605,Cisaranten Kidul,Gedebage,22102,107.69841794287996,-6.96329528120326,Soekarno Hatta,0.0024232107542493,53.5578040904198
5461006030,65.51292688023068,Cisaranten Kidul,Gedebage,22102,107.69833524388324,-6.963263990112709,Soekarno Hatta,0.0024232107542493,53.5578040904198
6405993950,104.83035526478044,Cisaranten Kidul,Gedebage,22102,107.69998119493148,-6.963957176256478,Soekarno Hatta,0.0024232107542493,53.5578040904198
6406042416,56.26496469246352,Cisaranten Kidul,Gedebage,22102,107.69805309491612,-6.963174494393428,Soekarno Hatta,0.0024232107542493,53.5578040904198
6405993950,80.31485852645886,Cisaranten Kidul,Gedebage,22102,107.70022594346923,-6.964076007794279,Soekarno Hatta,0.0024232107542493,53.5578040904198
6405993952,47.56607927335167,Cisaranten Kidul,Gedebage,22102,107.69883920000258,-6.963444649998497,Soekarno Hatta,0.0024232107542493,53.5578040904198
6408734422,75.79216609332354,Cisaranten Kidul,Gedebage,22102,107.69948582332545,-6.963694566691828,Soekarno Hatta,0.0024232107542493,53.5578040904198
6406042416,63.468512951437134,Cisaranten Kidul,Gedebage,22102,107.69761770000412,-6.963034099997437,Soekarno Hatta,0.0024232107542493,53.5578040904198
6405993952,50.33199239614338,Cisaranten Kidul,Gedebage,22102,107.69875839669145,-6.963415855925717,Soekarno Hatta,0.0024232107542493,53.5578040904198
6406042416,53.878202204757976,Cisaranten Kidul,Gedebage,22102,107.69788068271038,-6.9631182278369375,Soekarno Hatta,0.0024232107542493,53.5578040904198
6406042416,67.11868396910502,Cisaranten Kidul,Gedebage,22102,107.69824938979318,-6.963231598417126,Soekarno Hatta,0.0024232107542493,53.5578040904198
6408734422,55.94648833826165,Cisaranten Kidul,Gedebage,22102,107.69923618327812,-6.963587361845954,Soekarno Hatta,0.0024232107542493,53.5578040904198
6408734422,91.3169722725343,Cisaranten Kidul,Gedebage,22102,107.69964559324754,-6.963772372227636,Soekarno Hatta,0.0024232107542493,53.5578040904198
6405993950,88.35229142783483,Cisaranten Kidul,Gedebage,22102,107.7001410833863,-6.964035554744804,Soekarno Hatta,0.0024232107542493,53.5578040904198
6408734422,61.213360863317554,Cisaranten Kidul,Gedebage,22102,107.69931604264586,-6.963625218976004,Soekarno Hatta,0.0024232107542493,53.5578040904198
6408734422,49.6354239595898,Cisaranten Kidul,Gedebage,22102,107.69907360000352,-6.963510349999011,Soekarno Hatta,0.0024232107542493,53.5578040904198
6406042416,54.15393890965608,Cisaranten Kidul,Gedebage,22102,107.69796480142683,-6.96314549271308,Soekarno Hatta,0.0024232107542493,53.5578040904198
6406042416,58.36100705275665,Cisaranten Kidul,Gedebage,22102,107.6977063052377,-6.963065143579064,Soekarno Hatta,0.0024232107542493,53.5578040904198
6408734422,68.02899750365246,Cisaranten Kidul,Gedebage,22102,107.69939921484308,-6.963658255455235,Soekarno Hatta,0.0024232107542493,53.5578040904198
6405993950,96.33565439209512,Cisaranten Kidul,Gedebage,22102,107.70005937408378,-6.963998526265326,Soekarno Hatta,0.0024232107542493,53.5578040904198
5461006030,57.19733477777464,Cisaranten Kidul,Gedebage,22102,107.69859289628752,-6.963351190904431,Soekarno Hatta,0.0024232107542493,53.5578040904198
6406042416,55.2093397832389,Cisaranten Kidul,Gedebage,22102,107.697793360751,-6.96309206837132,Soekarno Hatta,0.0024232107542493,53.5578040904198
6405993950,113.8504574354026,Cisaranten Kidul,Gedebage,22102,107.699900019327,-6.963914453703497,Soekarno Hatta,0.0024232107542493,53.5578040904198
6408734422,51.87050390392128,Cisaranten Kidul,Gedebage,22102,107.69915313970246,-6.963548049266128,Soekarno Hatta,0.0024232107542493,53.5578040904198
6405993950,72.855598940966,Cisaranten Kidul,Gedebage,22102,107.70030385964418,-6.964118876571482,Soekarno Hatta,0.0024232107542493,53.5578040904198
6405993950,66.11864715373764,Cisaranten Kidul,Gedebage,22102,107.70038194646794,-6.964160814125392,Soekarno Hatta,0.0024232107542493,53.5578040904198
6406042416,62.34733384740178,Cisaranten Kidul,Gedebage,22102,107.6981669185892,-6.963200261149172,Soekarno Hatta,0.0024232107542493,53.5578040904198
5447158038,13.28206182416303,Sekejati,Buahbatu,26388,107.65308702768154,-6.946061738187852,Soekarno Hatta,0.0024232107542493,63.943685383132646
5447158038,19.802070751104488,Sekejati,Buahbatu,26388,107.65301937232708,-6.946051511816069,Soekarno Hatta,0.0024232107542493,63.943685383132646
5447158038,26.87567265183716,Sekejati,Buahbatu,26388,107.65295173295212,-6.946041265869143,Soekarno Hatta,0.0024232107542493,63.943685383132646
5447158045,24.082579200587443,Sekejati,Buahbatu,26388,107.65288406704887,-6.9460310341296765,Soekarno Hatta,0.0024232107542493,63.943685383132646
5447158045,22.7676733968282,Sekejati,Buahbatu,26388,107.65281642767393,-6.946020788182726,Soekarno Hatta,0.0024232107542493,63.943685383132646
5447158045,23.903034295424423,Sekejati,Buahbatu,26388,107.65274877231946,-6.946010561810949,Soekarno Hatta,0.0024232107542493,63.943685383132646
5447158045,27.177061216686283,Sekejati,Buahbatu,26388,107.65268112767392,-6.946000288182749,Soekarno Hatta,0.0024232107542493,63.943685383132646
5447158045,31.947948038418232,Sekejati,Buahbatu,26388,107.65261347759686,-6.94599008948494,Soekarno Hatta,0.0024232107542493,63.943685383132646
5447158045,37.642270313169,Sekejati,Buahbatu,26388,107.65254582240414,-6.945979810513865,Soekarno Hatta,0.0024232107542493,63.943685383132646
5447158045,43.90893006297127,Sekejati,Buahbatu,26388,107.65247817232706,-6.945969611816068,Soekarno Hatta,0.0024232107542493,63.943685383132646
5447158045,50.52921893606026,Sekejati,Buahbatu,26388,107.65241052768154,-6.945959338187822,Soekarno Hatta,0.0024232107542493,63.943685383132646
5447158050,52.5151633788302,Sekejati,Buahbatu,26388,107.65234287232708,-6.945949111816076,Soekarno Hatta,0.0024232107542493,63.943685383132646
5447158050,44.99732505571441,Sekejati,Buahbatu,26388,107.65227523295214,-6.945938865869148,Soekarno Hatta,0.0024232107542493,63.943685383132646
5447158050,37.496152376334514,Sekejati,Buahbatu,26388,107.65220756704888,-6.945928634129669,Soekarno Hatta,0.0024232107542493,63.943685383132646
5447158045,26.78639437179364,Sekejati,Buahbatu,26388,107.65306032766348,-6.945927286814413,Soekarno Hatta,0.0024232107542493,63.943685383132646
5447158045,20.102526187834936,Sekejati,Buahbatu,26388,107.65299580000044,-6.945917999999027,Soekarno Hatta,0.0024232107542493,63.943685383132646
5447158045,13.951945193000576,Sekejati,Buahbatu,26388,107.65293127233744,-6.945908713183665,Soekarno Hatta,0.0024232107542493,63.943685383132646
5447158045,9.439078558369069,Sekejati,Buahbatu,26388,107.65286675000044,-6.945899399999046,Soekarno Hatta,0.0024232107542493,63.943685383132646
5447158045,9.352850081703748,Sekejati,Buahbatu,26388,107.65280225000043,-6.945890099999039,Soekarno Hatta,0.0024232107542493,63.943685383132646
5447158045,13.773839866442351,Sekejati,Buahbatu,26388,107.65273775000044,-6.945880799999034,Soekarno Hatta,0.0024232107542493,63.943685383132646
5447158045,19.89725716297581,Sekejati,Buahbatu,26388,107.65267322766346,-6.945871486814395,Soekarno Hatta,0.0024232107542493,63.943685383132646
5447158045,26.572216274082685,Sekejati,Buahbatu,26388,107.65260870000044,-6.94586219999904,Soekarno Hatta,0.0024232107542493,63.943685383132646
5447158045,33.46952392466547,Sekejati,Buahbatu,26388,107.6525441723374,-6.945852913183658,Soekarno Hatta,0.0024232107542493,63.943685383132646
5447158045,40.47417000010137,Sekejati,Buahbatu,26388,107.65247965472496,-6.945843577673571,Soekarno Hatta,0.0024232107542493,63.943685383132646
5447158045,47.53851858673123,Sekejati,Buahbatu,26388,107.65241515000044,-6.945834249999033,Soekarno Hatta,0.0024232107542493,63.943685383132646
5447158050,51.69408566737291,Sekejati,Buahbatu,26388,107.65235065000044,-6.945824949999057,Soekarno Hatta,0.0024232107542493,63.943685383132646
5447158050,44.58417415338383,Sekejati,Buahbatu,26388,107.65228612766408,-6.945815636827421,Soekarno Hatta,0.0024232107542493,63.943685383132646
5447158050,37.51131911531564,Sekejati,Buahbatu,26388,107.65222160000044,-6.94580634999905,Soekarno Hatta,0.0024232107542493,63.943685383132646
5447158045,17.059832402213722,Sekejati,Buahbatu,26388,107.65273190482311,-6.945711827650577,Soekarno Hatta,0.0024232107542493,63.943685383132646
5447158045,23.720621471937445,Sekejati,Buahbatu,26388,107.65266369517784,-6.945701972347455,Soekarno Hatta,0.0024232107542493,63.943685383132646
5447158045,30.82649448713174,Sekejati,Buahbatu,26388,107.65259550000049,-6.945692149999009,Soekarno Hatta,0.0024232107542493,63.943685383132646
5447158045,38.13105460095781,Sekejati,Buahbatu,26388,107.65252730482312,-6.945682327650575,Soekarno Hatta,0.0024232107542493,63.943685383132646
5447158045,45.5443881088857,Sekejati,Buahbatu,26388,107.65245907281616,-6.945672459421247,Soekarno Hatta,0.0024232107542493,63.943685383132646
5447158023,46.0085869904166,Sekejati,Buahbatu,26388,107.65239085482725,-6.945662627638945,Soekarno Hatta,0.0024232107542493,63.943685383132646
5447158044,46.64250759638841,Sekejati,Buahbatu,26388,107.65232265000049,-6.945652799999033,Soekarno Hatta,0.0024232107542493,63.943685383132646
5447158044,39.19282373110463,Sekejati,Buahbatu,26388,107.65225444517372,-6.945642972359082,Soekarno Hatta,0.0024232107542493,63.943685383132646
5447158044,31.822605854754794,Sekejati,Buahbatu,26388,107.65218622718484,-6.945633140576759,Soekarno Hatta,0.0024232107542493,63.943685383132646
5447158044,24.60549850330908,Sekejati,Buahbatu,26388,107.65211799517785,-6.94562327234745,Soekarno Hatta,0.0024232107542493,63.943685383132646
5447158044,17.73394746518114,Sekejati,Buahbatu,26388,107.65204980000048,-6.945613449999004,Soekarno Hatta,0.0024232107542493,63.943685383132646
5447158050,30.030674828411243,Sekejati,Buahbatu,26388,107.65213992767391,-6.945918388182737,Soekarno Hatta,0.0024232107542493,63.943685383132646
5447158050,30.502360874701395,Sekejati,Buahbatu,26388,107.65215707233676,-6.945797063170659,Soekarno Hatta,0.0024232107542493,63.943685383132646
9263066543,31.38537477390173,Sekejati,Buahbatu,26388,107.65288240000298,-6.9455139500027006,Soekarno Hatta,0.0024232107542493,63.943685383132646
5447158045,27.361356287199133,Sekejati,Buahbatu,26388,107.65289395000298,-6.945574700002696,Soekarno Hatta,0.0024232107542493,63.943685383132646
5447158045,21.1879066168214,Sekejati,Buahbatu,26388,107.65290555000298,-6.945635450002718,Soekarno Hatta,0.0024232107542493,63.943685383132646
5447158045,15.588525800480904,Sekejati,Buahbatu,26388,107.65291712123464,-6.945696146504418,Soekarno Hatta,0.0024232107542493,63.943685383132646
5447158045,32.0033325809137,Sekejati,Buahbatu,26388,107.65271182719488,-6.9455600869727245,Soekarno Hatta,0.0024232107542493,63.943685383132646
5447158023,36.366531742621135,Sekejati,Buahbatu,26388,107.65264080000034,-6.945551649998966,Soekarno Hatta,0.0024232107542493,63.943685383132646
5447158023,32.63016321395879,Sekejati,Buahbatu,26388,107.65256980000034,-6.945543249998949,Soekarno Hatta,0.0024232107542493,63.943685383132646
5447158023,30.52911045228735,Sekejati,Buahbatu,26388,107.65249877281268,-6.945534863029083,Soekarno Hatta,0.0024232107542493,63.943685383132646
5447158023,30.40066633603649,Sekejati,Buahbatu,26388,107.652427727188,-6.945526436968832,Soekarno Hatta,0.0024232107542493,63.943685383132646
5447158023,32.27115106229835,Sekejati,Buahbatu,26388,107.65235670000034,-6.94551799999895,Soekarno Hatta,0.0024232107542493,63.943685383132646
5447158023,35.82681036756451,Sekejati,Buahbatu,26388,107.65228570000036,-6.945509549998967,Soekarno Hatta,0.0024232107542493,63.943685383132646
5447158044,39.58228016608771,Sekejati,Buahbatu,26388,107.6522146728127,-6.945501163029085,Soekarno Hatta,0.0024232107542493,63.943685383132646
5447158044,33.47862058419662,Sekejati,Buahbatu,26388,107.65214365000035,-6.945492749998964,Soekarno Hatta,0.0024232107542493,63.943685383132646
5447158044,28.283862338668023,Sekejati,Buahbatu,26388,107.65207262718802,-6.945484336968828,Soekarno Hatta,0.0024232107542493,63.943685383132646
5447158045,11.425483792119056,Sekejati,Buahbatu,26388,107.65292867877132,-6.945756853501,Soekarno Hatta,0.0024232107542493,63.943685383132646
5447158044,11.817566306136602,Sekejati,Buahbatu,26388,107.65198160482312,-6.945603627650588,Soekarno Hatta,0.0024232107542493,63.943685383132646
5447158044,24.58330594232393,Sekejati,Buahbatu,26388,107.65200160000032,-6.945475899998971,Soekarno Hatta,0.0024232107542493,63.943685383132646
5447158025,25.352099077058845,Sekejati,Buahbatu,26388,107.65186402751507,-6.9453986454427445,Soekarno Hatta,0.0024232107542493,63.943685383132646
5447158044,23.894817375918823,Sekejati,Buahbatu,26388,107.6518552724872,-6.945463254562863,Soekarno Hatta,0.0024232107542493,63.943685383132646
5447158044,17.29754805681693,Sekejati,Buahbatu,26388,107.65184653613792,-6.94552782249738,Soekarno Hatta,0.0024232107542493,63.943685383132646
5447158044,11.461812265984006,Sekejati,Buahbatu,26388,107.65183782750272,-6.945592395438805,Soekarno Hatta,0.0024232107542493,63.943685383132646
5447158044,8.217564686392368,Sekejati,Buahbatu,26388,107.65182911385136,-6.9456569775087535,Soekarno Hatta,0.0024232107542493,63.943685383132646
5447158044,10.380074252829829,Sekejati,Buahbatu,26388,107.6518203724872,-6.945721554562867,Soekarno Hatta,0.0024232107542493,63.943685383132646
5447158038,43.207214480669045,Sekejati,Buahbatu,26388,107.65320745000038,-6.946537499999499,Soekarno Hatta,0.0024232107542493,63.943685383132646
5447158038,42.06188522439877,Sekejati,Buahbatu,26388,107.6531496222118,-6.946528462006851,Soekarno Hatta,0.0024232107542493,63.943685383132646
5447158038,41.89307723214026,Sekejati,Buahbatu,26388,107.65309177778032,-6.946519387985989,Soekarno Hatta,0.0024232107542493,63.943685383132646
5447158038,42.7219751874531,Sekejati,Buahbatu,26388,107.6530339222118,-6.946510362006829,Soekarno Hatta,0.0024232107542493,63.943685383132646
5447158038,44.48251889238432,Sekejati,Buahbatu,26388,107.65297607778032,-6.946501287985999,Soekarno Hatta,0.0024232107542493,63.943685383132646
5447158038,47.08016061706045,Sekejati,Buahbatu,26388,107.6529182222118,-6.94649226200684,Soekarno Hatta,0.0024232107542493,63.943685383132646
5447158038,50.376268323395685,Sekejati,Buahbatu,26388,107.65286037778031,-6.946483187985994,Soekarno Hatta,0.0024232107542493,63.943685383132646
5447158038,54.249240508139486,Sekejati,Buahbatu,26388,107.6528025500004,-6.946474149999498,Soekarno Hatta,0.0024232107542493,63.943685383132646
5447158038,58.58424503927986,Sekejati,Buahbatu,26388,107.65274470000038,-6.946465099999512,Soekarno Hatta,0.0024232107542493,63.943685383132646
5447158038,63.28765684328655,Sekejati,Buahbatu,26388,107.65268684486912,-6.946456072220862,Soekarno Hatta,0.0024232107542493,63.943685383132646
5447158038,68.27937366529754,Sekejati,Buahbatu,26388,107.65262900514182,-6.946447027774933,Soekarno Hatta,0.0024232107542493,63.943685383132646
5447158038,73.50415666559114,Sekejati,Buahbatu,26388,107.65257114486911,-6.94643797222088,Soekarno Hatta,0.0024232107542493,63.943685383132646
5447158045,76.9980675116311,Sekejati,Buahbatu,26388,107.65251330514182,-6.946428927774921,Soekarno Hatta,0.0024232107542493,63.943685383132646
6431061897,70.58837635179478,Sekejati,Buahbatu,26388,107.6524554500004,-6.946419899999513,Soekarno Hatta,0.0024232107542493,63.943685383132646
6431061897,64.13888383942292,Sekejati,Buahbatu,26388,107.65239760000038,-6.94641084999951,Soekarno Hatta,0.0024232107542493,63.943685383132646
6431061897,57.69511420560429,Sekejati,Buahbatu,26388,107.65233975000038,-6.946401799999521,Soekarno Hatta,0.0024232107542493,63.943685383132646
6431061897,51.25922568709439,Sekejati,Buahbatu,26388,107.6522819000004,-6.946392749999521,Soekarno Hatta,0.0024232107542493,63.943685383132646
6431061897,44.83461227524669,Sekejati,Buahbatu,26388,107.6522240500004,-6.946383699999511,Soekarno Hatta,0.0024232107542493,63.943685383132646
6431061897,38.426929562253456,Sekejati,Buahbatu,26388,107.6521662000004,-6.946374649999512,Soekarno Hatta,0.0024232107542493,63.943685383132646
6431061897,32.04633495772654,Sekejati,Buahbatu,26388,107.6521083500004,-6.946365599999505,Soekarno Hatta,0.0024232107542493,63.943685383132646
6431061897,25.713001708407813,Sekejati,Buahbatu,26388,107.6520505000004,-6.946356549999506,Soekarno Hatta,0.0024232107542493,63.943685383132646
6431061897,19.47309750647204,Sekejati,Buahbatu,26388,107.65199265000038,-6.946347499999515,Soekarno Hatta,0.0024232107542493,63.943685383132646
6431061897,13.455941165816842,Sekejati,Buahbatu,26388,107.65193479485896,-6.946338472224088,Soekarno Hatta,0.0024232107542493,63.943685383132646
6431061897,8.174386295808166,Sekejati,Buahbatu,26388,107.65187695513166,-6.946329427778128,Soekarno Hatta,0.0024232107542493,63.943685383132646
5447158038,23.312939776401738,Sekejati,Buahbatu,26388,107.65312622383456,-6.946355057115489,Soekarno Hatta,0.0024232107542493,63.943685383132646
5447158038,24.49951656192948,Sekejati,Buahbatu,26388,107.65307037616616,-6.946346842882139,Soekarno Hatta,0.0024232107542493,63.943685383132646
5447158038,27.102799264756698,Sekejati,Buahbatu,26388,107.65301454593448,-6.946338572082837,Soekarno Hatta,0.0024232107542493,63.943685383132646
5447158038,30.769650089696857,Sekejati,Buahbatu,26388,107.65295873197994,-6.946330312929229,Soekarno Hatta,0.0024232107542493,63.943685383132646
5447158038,35.1753555630375,Sekejati,Buahbatu,26388,107.6529028680208,-6.946322087068356,Soekarno Hatta,0.0024232107542493,63.943685383132646
5447158038,40.067600383086656,Sekejati,Buahbatu,26388,107.65284705000036,-6.946313849998783,Soekarno Hatta,0.0024232107542493,63.943685383132646
5447158038,45.29215147966826,Sekejati,Buahbatu,26388,107.65279123197996,-6.946305612929238,Soekarno Hatta,0.0024232107542493,63.943685383132646
5447158038,50.75168354848341,Sekejati,Buahbatu,26388,107.6527353680208,-6.946297387068374,Soekarno Hatta,0.0024232107542493,63.943685383132646
5447158045,55.34713673387768,Sekejati,Buahbatu,26388,107.65267955406624,-6.946289127914719,Soekarno Hatta,0.0024232107542493,63.943685383132646
5447158045,56.851630631843,Sekejati,Buahbatu,26388,107.65262372383457,-6.946280857115449,Soekarno Hatta,0.0024232107542493,63.943685383132646
5447158045,58.98784614864744,Sekejati,Buahbatu,26388,107.65256787616616,-6.946272642882114,Soekarno Hatta,0.0024232107542493,63.943685383132646
5447158045,61.67814508358694,Sekejati,Buahbatu,26388,107.65251204593449,-6.946264372082836,Soekarno Hatta,0.0024232107542493,63.943685383132646
5447158045,64.85906415401358,Sekejati,Buahbatu,26388,107.65245623197994,-6.946256112929244,Soekarno Hatta,0.0024232107542493,63.943685383132646
5447158039,62.75133547357322,Sekejati,Buahbatu,26388,107.65240036802078,-6.9462478870683775,Soekarno Hatta,0.0024232107542493,63.943685383132646
5447158039,56.58450958342194,Sekejati,Buahbatu,26388,107.65234455000038,-6.946239649998808,Soekarno Hatta,0.0024232107542493,63.943685383132646
5447158039,50.435530231915415,Sekejati,Buahbatu,26388,107.65228873197994,-6.946231412929232,Soekarno Hatta,0.0024232107542493,63.943685383132646
5447158039,44.30668293901086,Sekejati,Buahbatu,26388,107.65223286802076,-6.94622318706836,Soekarno Hatta,0.0024232107542493,63.943685383132646
5447158039,38.22105186645279,Sekejati,Buahbatu,26388,107.65217705406629,-6.946214927914737,Soekarno Hatta,0.0024232107542493,63.943685383132646
5447158039,32.192690527440966,Sekejati,Buahbatu,26388,107.65212122383456,-6.946206657115479,Soekarno Hatta,0.0024232107542493,63.943685383132646
5447158039,26.26080433740863,Sekejati,Buahbatu,26388,107.65206537616616,-6.946198442882124,Soekarno Hatta,0.0024232107542493,63.943685383132646
5447158039,20.51768365647876,Sekejati,Buahbatu,26388,107.65200954593448,-6.946190172082823,Soekarno Hatta,0.0024232107542493,63.943685383132646
5447158039,15.174211867070747,Sekejati,Buahbatu,26388,107.65195373197992,-6.946181912929232,Soekarno Hatta,0.0024232107542493,63.943685383132646
5447158038,11.04776605080277,Sekejati,Buahbatu,26388,107.65310402209772,-6.946224214860422,Soekarno Hatta,0.0024232107542493,63.943685383132646
5447158038,15.171628132975522,Sekejati,Buahbatu,26388,107.65305007379456,-6.946216207227779,Soekarno Hatta,0.0024232107542493,63.943685383132646
5447158038,20.27424045232556,Sekejati,Buahbatu,26388,107.65299615410277,-6.946208277892181,Soekarno Hatta,0.0024232107542493,63.943685383132646
5447158038,25.779454360392435,Sekejati,Buahbatu,26388,107.65294222209772,-6.9462003148604445,Soekarno Hatta,0.0024232107542493,63.943685383132646
5447158038,31.47806979839358,Sekejati,Buahbatu,26388,107.65288827379456,-6.946192307227745,Soekarno Hatta,0.0024232107542493,63.943685383132646
5447158038,37.28245491439255,Sekejati,Buahbatu,26388,107.6528343262061,-6.946184392770029,Soekarno Hatta,0.0024232107542493,63.943685383132646
5447158045,40.40200432485404,Sekejati,Buahbatu,26388,107.65278037790296,-6.9461763851373854,Soekarno Hatta,0.0024232107542493,63.943685383132646
5447158045,41.02940362261243,Sekejati,Buahbatu,26388,107.6527264458979,-6.946168422105609,Soekarno Hatta,0.0024232107542493,63.943685383132646
5447158045,42.513787352587,Sekejati,Buahbatu,26388,107.65267252620612,-6.946160492770026,Soekarno Hatta,0.0024232107542493,63.943685383132646
5447158045,44.76147847250535,Sekejati,Buahbatu,26388,107.65261857790296,-6.946152485137362,Soekarno Hatta,0.0024232107542493,63.943685383132646
5447158045,47.67339804493897,Sekejati,Buahbatu,26388,107.65256464589793,-6.946144522105627,Soekarno Hatta,0.0024232107542493,63.943685383132646
5447158045,51.13479720417248,Sekejati,Buahbatu,26388,107.65251072620612,-6.946136592770041,Soekarno Hatta,0.0024232107542493,63.943685383132646
5447158045,55.039134966633846,Sekejati,Buahbatu,26388,107.65245677379455,-6.946128607227749,Soekarno Hatta,0.0024232107542493,63.943685383132646
5447158045,59.303540177011634,Sekejati,Buahbatu,26388,107.6524028220983,-6.946120664875973,Soekarno Hatta,0.0024232107542493,63.943685383132646
5447158043,55.984360009607904,Sekejati,Buahbatu,26388,107.65234888200332,-6.946112663024972,Soekarno Hatta,0.0024232107542493,63.943685383132646
5447158043,50.04991391093339,Sekejati,Buahbatu,26388,107.65229494589788,-6.946104722105605,Soekarno Hatta,0.0024232107542493,63.943685383132646
5447158043,44.14317220601823,Sekejati,Buahbatu,26388,107.65224102620611,-6.946096792770024,Soekarno Hatta,0.0024232107542493,63.943685383132646
5447158043,38.26762263613988,Sekejati,Buahbatu,26388,107.65218707790297,-6.946088785137412,Soekarno Hatta,0.0024232107542493,63.943685383132646
5447158043,32.45083374179546,Sekejati,Buahbatu,26388,107.65213311799737,-6.946080836972817,Soekarno Hatta,0.0024232107542493,63.943685383132646
5447158043,26.730301459727364,Sekejati,Buahbatu,26388,107.65207918200332,-6.946072863024984,Soekarno Hatta,0.0024232107542493,63.943685383132646
5447158043,21.182753057987867,Sekejati,Buahbatu,26388,107.65202525000034,-6.9460648999989045,Soekarno Hatta,0.0024232107542493,63.943685383132646
5447158043,15.987415666459828,Sekejati,Buahbatu,26388,107.65197131799736,-6.94605693697283,Soekarno Hatta,0.0024232107542493,63.943685383132646
5447158039,10.82848161078202,Sekejati,Buahbatu,26388,107.65189786802078,-6.946173687068375,Soekarno Hatta,0.0024232107542493,63.943685383132646
5447158043,11.625175711023916,Sekejati,Buahbatu,26388,107.65191738200332,-6.946048963025006,Soekarno Hatta,0.0024232107542493,63.943685383132646
6431061897,10.15418127898785,Sekejati,Buahbatu,26388,107.65174940000092,-6.946314700002096,Soekarno Hatta,0.0024232107542493,63.943685383132646
5447158039,8.377496907638243,Sekejati,Buahbatu,26388,107.65175730000094,-6.946251800002043,Soekarno Hatta,0.0024232107542493,63.943685383132646
5447158039,9.861158132020444,Sekejati,Buahbatu,26388,107.65176520000092,-6.946188900002075,Soekarno Hatta,0.0024232107542493,63.943685383132646
5447158039,14.92424055100734,Sekejati,Buahbatu,26388,107.65177310000092,-6.9461260000020575,Soekarno Hatta,0.0024232107542493,63.943685383132646
5447158043,15.16490759715428,Sekejati,Buahbatu,26388,107.65178100000094,-6.946063100002058,Soekarno Hatta,0.0024232107542493,63.943685383132646
5447158043,9.921762523382696,Sekejati,Buahbatu,26388,107.65178890000092,-6.946000200002057,Soekarno Hatta,0.0024232107542493,63.943685383132646
5447158043,8.083245281819355,Sekejati,Buahbatu,26388,107.65179680000092,-6.945937300002039,Soekarno Hatta,0.0024232107542493,63.943685383132646
5447158050,9.980195295770177,Sekejati,Buahbatu,26388,107.65180470000094,-6.945874400002076,Soekarno Hatta,0.0024232107542493,63.943685383132646
9582435365,89.35533450434598,Suka Asih,Bojongloa Kaler,20219,107.5858344500012,-6.932542900014324,Pajajaran,0.0025141975770577,50.83456081052991
9582435365,98.3722575439625,Suka Asih,Bojongloa Kaler,20219,107.5858618500012,-6.932446750014319,Pajajaran,0.0025141975770577,50.83456081052991
9582435365,107.77240283520278,Suka Asih,Bojongloa Kaler,20219,107.58588926908207,-6.932350601996848,Pajajaran,0.0025141975770577,50.83456081052991
9582435365,117.46383463018812,Suka Asih,Bojongloa Kaler,20219,107.5859167000012,-6.93225445001431,Pajajaran,0.0025141975770577,50.83456081052991
9582435365,127.37909668449588,Suka Asih,Bojongloa Kaler,20219,107.58594413092034,-6.93215829803173,Pajajaran,0.0025141975770577,50.83456081052991
9582435365,137.4685982166661,Suka Asih,Bojongloa Kaler,20219,107.5859715500012,-6.932062150014303,Pajajaran,0.0025141975770577,50.83456081052991
9582435365,68.44332096828056,Suka Asih,Bojongloa Kaler,20219,107.58560236998012,-6.933483503355488,Pajajaran,0.0025141975770577,50.83456081052991
9582435365,62.90286032098776,Suka Asih,Bojongloa Kaler,20219,107.5856319000014,-6.933379000009,Pajajaran,0.0025141975770577,50.83456081052991
9582435365,59.68297741442398,Suka Asih,Bojongloa Kaler,20219,107.58565980822546,-6.933284622351747,Pajajaran,0.0025141975770577,50.83456081052991
9582435365,58.25140823666343,Suka Asih,Bojongloa Kaler,20219,107.58568525000128,-6.933194850009426,Pajajaran,0.0025141975770577,50.83456081052991
9582435365,58.66760018176746,Suka Asih,Bojongloa Kaler,20219,107.58571246333364,-6.933094979879364,Pajajaran,0.0025141975770577,50.83456081052991
9582435365,61.43768792817916,Suka Asih,Bojongloa Kaler,20219,107.5857409866639,-6.932990220141701,Pajajaran,0.0025141975770577,50.83456081052991
9582435365,153.54251895328275,Suka Asih,Bojongloa Kaler,20219,107.58603039310891,-6.931923520624381,Pajajaran,0.0025141975770577,50.83456081052991
9582435365,149.8151150996928,Suka Asih,Bojongloa Kaler,20219,107.58593430000111,-6.93189645000109,Pajajaran,0.0025141975770577,50.83456081052991
9582435365,146.82505184314425,Suka Asih,Bojongloa Kaler,20219,107.58583820689331,-6.931869379377782,Pajajaran,0.0025141975770577,50.83456081052991
3115483158,123.39432432252796,Suka Asih,Bojongloa Kaler,20219,107.58610831286106,-6.9313241173786215,Pajajaran,0.0025141975770577,50.83456081052991
3115483158,129.73348175082265,Suka Asih,Bojongloa Kaler,20219,107.58607061816616,-6.931470970695129,Pajajaran,0.0025141975770577,50.83456081052991
3115483158,125.82295865592472,Suka Asih,Bojongloa Kaler,20219,107.58590555598424,-6.9315862040283385,Pajajaran,0.0025141975770577,50.83456081052991
3115483158,147.5240045512972,Suka Asih,Bojongloa Kaler,20219,107.585999084713,-6.931762995593757,Pajajaran,0.0025141975770577,50.83456081052991
3115483158,126.20571631734845,Suka Asih,Bojongloa Kaler,20219,107.58627256590414,-6.931020981536645,Pajajaran,0.0025141975770577,50.83456081052991
3115483158,117.03521777303132,Suka Asih,Bojongloa Kaler,20219,107.58619173409812,-6.931002118462514,Pajajaran,0.0025141975770577,50.83456081052991
3115483158,107.8672370813388,Suka Asih,Bojongloa Kaler,20219,107.58611090000112,-6.93098329999959,Pajajaran,0.0025141975770577,50.83456081052991
3115483158,101.24520471845034,Suka Asih,Bojongloa Kaler,20219,107.58598680501434,-6.931135079189421,Pajajaran,0.0025141975770577,50.83456081052991
3115483158,110.123935423988,Suka Asih,Bojongloa Kaler,20219,107.58606655000122,-6.931155199999587,Pajajaran,0.0025141975770577,50.83456081052991
3115483158,119.0348242296174,Suka Asih,Bojongloa Kaler,20219,107.5861463000012,-6.931175299999604,Pajajaran,0.0025141975770577,50.83456081052991
3115483158,127.97388920408294,Suka Asih,Bojongloa Kaler,20219,107.5862260500012,-6.931195449999582,Pajajaran,0.0025141975770577,50.83456081052991
3115483158,98.69853921559351,Suka Asih,Bojongloa Kaler,20219,107.58603004479448,-6.93096447110822,Pajajaran,0.0025141975770577,50.83456081052991
3115997398,101.32333188144987,Suka Asih,Bojongloa Kaler,20219,107.58659613267169,-6.9310523696309385,Pajajaran,0.0025141975770577,50.83456081052991
3115997398,90.13860439028556,Suka Asih,Bojongloa Kaler,20219,107.58662711732872,-6.930933030412352,Pajajaran,0.0025141975770577,50.83456081052991
3115997398,79.7254170257901,Suka Asih,Bojongloa Kaler,20219,107.58665806306124,-6.930813667299997,Pajajaran,0.0025141975770577,50.83456081052991
3115997398,48.27993539752513,Suka Asih,Bojongloa Kaler,20219,107.58696740000126,-6.9307462500174415,Pajajaran,0.0025141975770577,50.83456081052991
3115997398,56.50003652428512,Suka Asih,Bojongloa Kaler,20219,107.58694560000129,-6.930826000017442,Pajajaran,0.0025141975770577,50.83456081052991
3115997398,64.9687529792345,Suka Asih,Bojongloa Kaler,20219,107.58692380000126,-6.930905750017439,Pajajaran,0.0025141975770577,50.83456081052991
3115997398,73.60493355190481,Suka Asih,Bojongloa Kaler,20219,107.58690200000126,-6.930985550017456,Pajajaran,0.0025141975770577,50.83456081052991
3115997398,82.34824915074476,Suka Asih,Bojongloa Kaler,20219,107.58688020000126,-6.931065300017436,Pajajaran,0.0025141975770577,50.83456081052991
3115997398,70.42336034172352,Suka Asih,Bojongloa Kaler,20219,107.58668903694412,-6.930694332741466,Pajajaran,0.0025141975770577,50.83456081052991
3115997398,91.16922820150008,Suka Asih,Bojongloa Kaler,20219,107.58685843192946,-6.931145049080889,Pajajaran,0.0025141975770577,50.83456081052991
3115483163,122.78314750116289,Suka Asih,Bojongloa Kaler,20219,107.58651527994836,-6.931344746721028,Pajajaran,0.0025141975770577,50.83456081052991
3115997398,118.64240493500522,Suka Asih,Bojongloa Kaler,20219,107.58654806818674,-6.931224801050179,Pajajaran,0.0025141975770577,50.83456081052991
3115997398,111.12263365549488,Suka Asih,Bojongloa Kaler,20219,107.58656835000106,-6.9311506500230085,Pajajaran,0.0025141975770577,50.83456081052991
5862651605,91.36341319922188,Suka Asih,Bojongloa Kaler,20219,107.5859475663078,-6.933420166775739,Pajajaran,0.0025141975770577,50.83456081052991
9582435365,92.74634765094396,Suka Asih,Bojongloa Kaler,20219,107.58598813369824,-6.933271933262422,Pajajaran,0.0025141975770577,50.83456081052991
9582435365,123.82131896040217,Suka Asih,Bojongloa Kaler,20219,107.58619087994606,-6.932530696717265,Pajajaran,0.0025141975770577,50.83456081052991
3115483168,125.83827334044946,Suka Asih,Bojongloa Kaler,20219,107.58623142005764,-6.932382453317148,Pajajaran,0.0025141975770577,50.83456081052991
3115483168,124.16910059227722,Suka Asih,Bojongloa Kaler,20219,107.58627199358187,-6.932234226659405,Pajajaran,0.0025141975770577,50.83456081052991
5862651605,80.67324051793099,Suka Asih,Bojongloa Kaler,20219,107.58617867964546,-6.933637996014758,Pajajaran,0.0025141975770577,50.83456081052991
5862651605,96.64873258262962,Suka Asih,Bojongloa Kaler,20219,107.58621905000288,-6.933489750013858,Pajajaran,0.0025141975770577,50.83456081052991
3115483210,107.54293956480304,Suka Asih,Bojongloa Kaler,20219,107.58625945000288,-6.933341500013869,Pajajaran,0.0025141975770577,50.83456081052991
3115483210,116.19573394609034,Suka Asih,Bojongloa Kaler,20219,107.58629982036028,-6.933193304012959,Pajajaran,0.0025141975770577,50.83456081052991
3115483210,126.55563234714224,Suka Asih,Bojongloa Kaler,20219,107.58634020000288,-6.933045050013825,Pajajaran,0.0025141975770577,50.83456081052991
3115483168,100.4184758689768,Suka Asih,Bojongloa Kaler,20219,107.58646135000286,-6.932600300013835,Pajajaran,0.0025141975770577,50.83456081052991
3115483168,95.43659275282776,Suka Asih,Bojongloa Kaler,20219,107.58650172036027,-6.932452104012959,Pajajaran,0.0025141975770577,50.83456081052991
3115483168,93.33085316943176,Suka Asih,Bojongloa Kaler,20219,107.58654207964344,-6.932303846010663,Pajajaran,0.0025141975770577,50.83456081052991
3115483168,94.29202067527731,Suka Asih,Bojongloa Kaler,20219,107.5865824500029,-6.932155600013839,Pajajaran,0.0025141975770577,50.83456081052991
3115483168,98.2258227468348,Suka Asih,Bojongloa Kaler,20219,107.58662285000288,-6.932007400013849,Pajajaran,0.0025141975770577,50.83456081052991
3115483163,101.08762283536936,Suka Asih,Bojongloa Kaler,20219,107.58666325000289,-6.9318591500138265,Pajajaran,0.0025141975770577,50.83456081052991
3115483163,95.2179987603078,Suka Asih,Bojongloa Kaler,20219,107.58670362036028,-6.931710904012944,Pajajaran,0.0025141975770577,50.83456081052991
3115483163,92.15605791827134,Suka Asih,Bojongloa Kaler,20219,107.5867439676758,-6.931562666370385,Pajajaran,0.0025141975770577,50.83456081052991
3115483163,92.17418505618603,Suka Asih,Bojongloa Kaler,20219,107.58678436197482,-6.93141442965884,Pajajaran,0.0025141975770577,50.83456081052991
9113612656,43.90729338210056,Suka Asih,Bojongloa Kaler,20219,107.58706665000132,-6.933510550007717,Pajajaran,0.0025141975770577,50.83456081052991
3115483183,45.58932594572235,Suka Asih,Bojongloa Kaler,20219,107.58716686770158,-6.933146000677039,Pajajaran,0.0025141975770577,50.83456081052991
3115483183,47.08253449592916,Suka Asih,Bojongloa Kaler,20219,107.58715145000065,-6.933202100009752,Pajajaran,0.0025141975770577,50.83456081052991
3115483183,49.37450309683479,Suka Asih,Bojongloa Kaler,20219,107.58713605000064,-6.933258200009739,Pajajaran,0.0025141975770577,50.83456081052991
3115483183,52.36564377918847,Suka Asih,Bojongloa Kaler,20219,107.58712060804667,-6.933314267044413,Pajajaran,0.0025141975770577,50.83456081052991
3115483183,55.93740965221599,Suka Asih,Bojongloa Kaler,20219,107.58710519195456,-6.933370332975114,Pajajaran,0.0025141975770577,50.83456081052991
9113612656,53.03493513981376,Suka Asih,Bojongloa Kaler,20219,107.58708975000064,-6.933426400009759,Pajajaran,0.0025141975770577,50.83456081052991
9113612656,74.64839910697069,Suka Asih,Bojongloa Kaler,20219,107.5868572040062,-6.93327821955538,Pajajaran,0.0025141975770577,50.83456081052991
3115483183,77.68063763611984,Suka Asih,Bojongloa Kaler,20219,107.58687486928685,-6.933210551976794,Pajajaran,0.0025141975770577,50.83456081052991
9113612656,52.97285743121116,Suka Asih,Bojongloa Kaler,20219,107.5867866685912,-6.9335483806971485,Pajajaran,0.0025141975770577,50.83456081052991
9113612656,57.61146068712652,Suka Asih,Bojongloa Kaler,20219,107.58680428134984,-6.933480819307945,Pajajaran,0.0025141975770577,50.83456081052991
3115483210,45.11926564529117,Suka Asih,Bojongloa Kaler,20219,107.58676017911873,-6.93364974415692,Pajajaran,0.0025141975770577,50.83456081052991
3115483168,94.87383528663544,Suka Asih,Bojongloa Kaler,20219,107.58671452925954,-6.933057995053362,Pajajaran,0.0025141975770577,50.83456081052991
9113612656,81.81330886973554,Suka Asih,Bojongloa Kaler,20219,107.58664386038876,-6.933327875703554,Pajajaran,0.0025141975770577,50.83456081052991
3115483210,71.65358819924995,Suka Asih,Bojongloa Kaler,20219,107.58660855000232,-6.93346280000757,Pajajaran,0.0025141975770577,50.83456081052991
3115483210,62.82532254114834,Suka Asih,Bojongloa Kaler,20219,107.58657322925954,-6.93359769505336,Pajajaran,0.0025141975770577,50.83456081052991
3115483210,56.88312605436674,Suka Asih,Bojongloa Kaler,20219,107.58653791035586,-6.933732629265069,Pajajaran,0.0025141975770577,50.83456081052991
3115997398,41.06711400132216,Suka Asih,Bojongloa Kaler,20219,107.5873750344172,-6.930785820046201,Pajajaran,0.0025141975770577,50.83456081052991
3115997398,57.96900786352149,Suka Asih,Bojongloa Kaler,20219,107.58733299557532,-6.930950177152726,Pajajaran,0.0025141975770577,50.83456081052991
3115483163,72.24684170845806,Suka Asih,Bojongloa Kaler,20219,107.58729092001762,-6.931114502889685,Pajajaran,0.0025141975770577,50.83456081052991
3115483163,58.88989484540328,Suka Asih,Bojongloa Kaler,20219,107.58724887999188,-6.931278797171772,Pajajaran,0.0025141975770577,50.83456081052991
3115483163,49.20186040790696,Suka Asih,Bojongloa Kaler,20219,107.5872068044342,-6.931443122908708,Pajajaran,0.0025141975770577,50.83456081052991
3115483163,45.57974133435414,Suka Asih,Bojongloa Kaler,20219,107.58716479557532,-6.93160747715273,Pajajaran,0.0025141975770577,50.83456081052991
3115483163,49.39209529384582,Suka Asih,Bojongloa Kaler,20219,107.58712272001765,-6.931771802889693,Pajajaran,0.0025141975770577,50.83456081052991
3115483163,59.20858653965427,Suka Asih,Bojongloa Kaler,20219,107.58708067999189,-6.931936097171758,Pajajaran,0.0025141975770577,50.83456081052991
3115483168,48.05882026719558,Suka Asih,Bojongloa Kaler,20219,107.58699656440184,-6.932264717185127,Pajajaran,0.0025141975770577,50.83456081052991
3115483168,45.85934145505601,Suka Asih,Bojongloa Kaler,20219,107.58695453560767,-6.932429082876329,Pajajaran,0.0025141975770577,50.83456081052991
3115483168,51.00506390712238,Suka Asih,Bojongloa Kaler,20219,107.58691247999188,-6.932593397171779,Pajajaran,0.0025141975770577,50.83456081052991
3115483168,61.68003356626775,Suka Asih,Bojongloa Kaler,20219,107.58687042001762,-6.932757702889679,Pajajaran,0.0025141975770577,50.83456081052991
3115483168,75.57913451289423,Suka Asih,Bojongloa Kaler,20219,107.5868283344172,-6.9329220200462105,Pajajaran,0.0025141975770577,50.83456081052991
11806706754,26.525147157931546,Mekar Jaya,Rancasari,21235,107.67586785000034,-6.963079199999747,Soekarno Hatta,0.0024232107542493,51.45688036648559
11806706754,20.72432572740753,Mekar Jaya,Rancasari,21235,107.67581380000033,-6.963070599999745,Soekarno Hatta,0.0024232107542493,51.45688036648559
11806706754,15.121772961413903,Mekar Jaya,Rancasari,21235,107.67575975000037,-6.96306199999975,Soekarno Hatta,0.0024232107542493,51.45688036648559
11806706754,10.057084195335962,Mekar Jaya,Rancasari,21235,107.6757057222426,-6.963053411124318,Soekarno Hatta,0.0024232107542493,51.45688036648559
11806706754,6.838316389382181,Mekar Jaya,Rancasari,21235,107.67565167775808,-6.963044788875178,Soekarno Hatta,0.0024232107542493,51.45688036648559
11806706754,8.102705467449526,Mekar Jaya,Rancasari,21235,107.67559765000031,-6.963036199999748,Soekarno Hatta,0.0024232107542493,51.45688036648559
11806706754,12.559367071567102,Mekar Jaya,Rancasari,21235,107.6755436222426,-6.963027611124328,Soekarno Hatta,0.0024232107542493,51.45688036648559
11806706756,11.664021955760408,Mekar Jaya,Rancasari,21235,107.67548957775809,-6.963018988875176,Soekarno Hatta,0.0024232107542493,51.45688036648559
11806706756,7.505091119118711,Mekar Jaya,Rancasari,21235,107.67543555000032,-6.963010399999743,Soekarno Hatta,0.0024232107542493,51.45688036648559
11806706756,7.056625880708569,Mekar Jaya,Rancasari,21235,107.6753815222426,-6.963001811124337,Soekarno Hatta,0.0024232107542493,51.45688036648559
11806706756,10.791426728318774,Mekar Jaya,Rancasari,21235,107.67532747775807,-6.962993188875187,Soekarno Hatta,0.0024232107542493,51.45688036648559
13188337027,7.203923696848746,Mekar Jaya,Rancasari,21235,107.67527345000032,-6.962984599999749,Soekarno Hatta,0.0024232107542493,51.45688036648559
11806706755,8.773137578237751,Mekar Jaya,Rancasari,21235,107.67561887197766,-6.962762404404535,Soekarno Hatta,0.0024232107542493,51.45688036648559
11806706755,13.596680228863562,Mekar Jaya,Rancasari,21235,107.67560975000076,-6.962817900002129,Soekarno Hatta,0.0024232107542493,51.45688036648559
11806706754,13.228469806346045,Mekar Jaya,Rancasari,21235,107.67560064174204,-6.962873373639306,Soekarno Hatta,0.0024232107542493,51.45688036648559
11806706755,9.14235532802847,Mekar Jaya,Rancasari,21235,107.67574627197769,-6.962781004404548,Soekarno Hatta,0.0024232107542493,51.45688036648559
11806706755,13.723947343064545,Mekar Jaya,Rancasari,21235,107.67573715000076,-6.962836500002122,Soekarno Hatta,0.0024232107542493,51.45688036648559
11806706754,13.408958421828409,Mekar Jaya,Rancasari,21235,107.67572805000076,-6.962892000002139,Soekarno Hatta,0.0024232107542493,51.45688036648559
11806706755,19.36951757929368,Mekar Jaya,Rancasari,21235,107.67551380000076,-6.962744600002126,Soekarno Hatta,0.0024232107542493,51.45688036648559
11806706756,19.09866574641533,Mekar Jaya,Rancasari,21235,107.67550468567782,-6.962800082429162,Soekarno Hatta,0.0024232107542493,51.45688036648559
11806706756,13.572306495535363,Mekar Jaya,Rancasari,21235,107.67549555000078,-6.962855550002124,Soekarno Hatta,0.0024232107542493,51.45688036648559
11806706760,15.719238254793948,Mekar Jaya,Rancasari,21235,107.6760161000013,-6.9628868000038215,Soekarno Hatta,0.0024232107542493,51.45688036648559
11806706760,20.584383409119127,Mekar Jaya,Rancasari,21235,107.67600850000132,-6.962938500003831,Soekarno Hatta,0.0024232107542493,51.45688036648559
11806706760,10.329381161295233,Mekar Jaya,Rancasari,21235,107.67585960000076,-6.962799600002102,Soekarno Hatta,0.0024232107542493,51.45688036648559
11806706760,14.624621392333284,Mekar Jaya,Rancasari,21235,107.67585047197768,-6.962855104404523,Soekarno Hatta,0.0024232107542493,51.45688036648559
11806706760,19.96278815942505,Mekar Jaya,Rancasari,21235,107.67584135000077,-6.962910600002132,Soekarno Hatta,0.0024232107542493,51.45688036648559
11806706760,25.830629458948508,Mekar Jaya,Rancasari,21235,107.6760009000013,-6.962990200003836,Soekarno Hatta,0.0024232107542493,51.45688036648559
11806706754,20.449897521499256,Mekar Jaya,Rancasari,21235,107.67583225000077,-6.962966100002126,Soekarno Hatta,0.0024232107542493,51.45688036648559
11806706754,8.767390619356087,Mekar Jaya,Rancasari,21235,107.67571892802388,-6.962947495599727,Soekarno Hatta,0.0024232107542493,51.45688036648559
11806706754,8.67271625218318,Mekar Jaya,Rancasari,21235,107.67559150000076,-6.9629288500021325,Soekarno Hatta,0.0024232107542493,51.45688036648559
11806706756,9.005104331110422,Mekar Jaya,Rancasari,21235,107.67548643628066,-6.962911021974274,Soekarno Hatta,0.0024232107542493,51.45688036648559
13188337020,7.279896846280125,Mekar Jaya,Rancasari,21235,107.676159978062,-6.96209158656956,Soekarno Hatta,0.0024232107542493,51.45688036648559
13188337020,10.978669906565012,Mekar Jaya,Rancasari,21235,107.67611185000032,-6.962083699999392,Soekarno Hatta,0.0024232107542493,51.45688036648559
13188337020,6.5750067090728725,Mekar Jaya,Rancasari,21235,107.67615015000024,-6.962203249999584,Soekarno Hatta,0.0024232107542493,51.45688036648559
13188337020,10.37977481353404,Mekar Jaya,Rancasari,21235,107.67609895000024,-6.962196149999587,Soekarno Hatta,0.0024232107542493,51.45688036648559
13188337025,8.555717837726798,Mekar Jaya,Rancasari,21235,107.6761305000002,-6.962299249999388,Soekarno Hatta,0.0024232107542493,51.45688036648559
13188337026,9.903697771733013,Mekar Jaya,Rancasari,21235,107.6760731728808,-6.962292612745891,Soekarno Hatta,0.0024232107542493,51.45688036648559
13188337021,7.657608670231233,Mekar Jaya,Rancasari,21235,107.67604775000024,-6.962189049999585,Soekarno Hatta,0.0024232107542493,51.45688036648559
13188337021,7.685660916450679,Mekar Jaya,Rancasari,21235,107.67606375000032,-6.962075799999382,Soekarno Hatta,0.0024232107542493,51.45688036648559
13188337022,6.984024594862393,Mekar Jaya,Rancasari,21235,107.67617635000026,-6.9619937999994175,Soekarno Hatta,0.0024232107542493,51.45688036648559
13188337022,9.979129378249675,Mekar Jaya,Rancasari,21235,107.67612760000029,-6.961986549999417,Soekarno Hatta,0.0024232107542493,51.45688036648559
13188337024,7.71293388281469,Mekar Jaya,Rancasari,21235,107.67607885000024,-6.961979299999444,Soekarno Hatta,0.0024232107542493,51.45688036648559
13188337022,6.8484019226548325,Mekar Jaya,Rancasari,21235,107.676193827205,-6.961875140518808,Soekarno Hatta,0.0024232107542493,51.45688036648559
13188337022,9.658580117574347,Mekar Jaya,Rancasari,21235,107.67614777279545,-6.961868459480294,Soekarno Hatta,0.0024232107542493,51.45688036648559
13188337024,8.43155351945579,Mekar Jaya,Rancasari,21235,107.67610170485987,-6.961861827634774,Soekarno Hatta,0.0024232107542493,51.45688036648559
13188337024,6.829691483828868,Mekar Jaya,Rancasari,21235,107.6760556175038,-6.961855185227187,Soekarno Hatta,0.0024232107542493,51.45688036648559
13188337024,8.67298427041168,Mekar Jaya,Rancasari,21235,107.67600958249665,-6.9618485147719165,Soekarno Hatta,0.0024232107542493,51.45688036648559
13188337023,7.342444827637999,Mekar Jaya,Rancasari,21235,107.67596349514056,-6.961841872364335,Soekarno Hatta,0.0024232107542493,51.45688036648559
13188337023,7.039237841243778,Mekar Jaya,Rancasari,21235,107.67597390000104,-6.961952150003194,Soekarno Hatta,0.0024232107542493,51.45688036648559
13188337023,10.647419374912808,Mekar Jaya,Rancasari,21235,107.6759678287126,-6.961992247441114,Soekarno Hatta,0.0024232107542493,51.45688036648559
4116932173,12.041363002646207,Mekar Jaya,Rancasari,21235,107.67596177128944,-6.962032352565255,Soekarno Hatta,0.0024232107542493,51.45688036648559
13188337021,9.076105124275903,Mekar Jaya,Rancasari,21235,107.67595570000104,-6.962072450003181,Soekarno Hatta,0.0024232107542493,51.45688036648559
13188337021,7.608799450011663,Mekar Jaya,Rancasari,21235,107.67594965000102,-6.962112550003188,Soekarno Hatta,0.0024232107542493,51.45688036648559
13188337021,8.584499111979971,Mekar Jaya,Rancasari,21235,107.67594360000102,-6.962152650003183,Soekarno Hatta,0.0024232107542493,51.45688036648559
13188337021,11.393518706783578,Mekar Jaya,Rancasari,21235,107.67593752871257,-6.962192747441121,Soekarno Hatta,0.0024232107542493,51.45688036648559
13188337021,15.040105668601566,Mekar Jaya,Rancasari,21235,107.67593147128945,-6.962232852565263,Soekarno Hatta,0.0024232107542493,51.45688036648559
13188337026,12.168379512008952,Mekar Jaya,Rancasari,21235,107.675925400001,-6.96227295000318,Soekarno Hatta,0.0024232107542493,51.45688036648559
13188337026,10.221782995878469,Mekar Jaya,Rancasari,21235,107.67591935000102,-6.962313050003188,Soekarno Hatta,0.0024232107542493,51.45688036648559
13188337025,10.184482626394866,Mekar Jaya,Rancasari,21235,107.6760856500018,-6.962414950004592,Soekarno Hatta,0.0024232107542493,51.45688036648559
13188337025,15.64471867189796,Mekar Jaya,Rancasari,21235,107.6760775500018,-6.96247945000458,Soekarno Hatta,0.0024232107542493,51.45688036648559
13188337025,22.11696196189409,Mekar Jaya,Rancasari,21235,107.67606946710292,-6.962543927617619,Soekarno Hatta,0.0024232107542493,51.45688036648559
13188337026,10.413021153559512,Mekar Jaya,Rancasari,21235,107.67591380000128,-6.962376050003253,Soekarno Hatta,0.0024232107542493,51.45688036648559
9352263312,11.934004900137683,Mekar Jaya,Rancasari,21235,107.67590540000128,-6.962438600003257,Soekarno Hatta,0.0024232107542493,51.45688036648559
9352263312,15.274122844738036,Mekar Jaya,Rancasari,21235,107.67589705000128,-6.9625011500032805,Soekarno Hatta,0.0024232107542493,51.45688036648559
11806706760,21.39578078409871,Mekar Jaya,Rancasari,21235,107.6760613500018,-6.962608400004588,Soekarno Hatta,0.0024232107542493,51.45688036648559
9352263312,20.540645572251165,Mekar Jaya,Rancasari,21235,107.67588870000132,-6.962563750003247,Soekarno Hatta,0.0024232107542493,51.45688036648559
11806706760,11.543098883725705,Mekar Jaya,Rancasari,21235,107.67590025000038,-6.962669499998201,Soekarno Hatta,0.0024232107542493,51.45688036648559
11806706760,15.724333202320889,Mekar Jaya,Rancasari,21235,107.67584660000036,-6.962661499998195,Soekarno Hatta,0.0024232107542493,51.45688036648559
11806706755,13.9509787218772,Mekar Jaya,Rancasari,21235,107.67579297820296,-6.96265348261306,Soekarno Hatta,0.0024232107542493,51.45688036648559
11806706755,10.288702444945969,Mekar Jaya,Rancasari,21235,107.67573932179776,-6.962645517383336,Soekarno Hatta,0.0024232107542493,51.45688036648559
11806706755,9.439747367300074,Mekar Jaya,Rancasari,21235,107.67568569660334,-6.962637521789107,Soekarno Hatta,0.0024232107542493,51.45688036648559
11806706755,12.00944783560657,Mekar Jaya,Rancasari,21235,107.67563205000036,-6.962629549998196,Soekarno Hatta,0.0024232107542493,51.45688036648559
11806706755,16.470688014117282,Mekar Jaya,Rancasari,21235,107.6755784033974,-6.962621578207273,Soekarno Hatta,0.0024232107542493,51.45688036648559
11806706755,21.68693679055567,Mekar Jaya,Rancasari,21235,107.67552475000038,-6.962613599998197,Soekarno Hatta,0.0024232107542493,51.45688036648559
11806706755,27.22804615648812,Mekar Jaya,Rancasari,21235,107.67547110000037,-6.962605599998183,Soekarno Hatta,0.0024232107542493,51.45688036648559
8763578879,9.04369188599322,Rancabolang,Gedebage,12738,107.70107624999972,-6.965815000006201,Soekarno Hatta,0.0024232107542493,30.86685858762861
8763578879,14.276157303234118,Rancabolang,Gedebage,12738,107.70105724999972,-6.9658674500062085,Soekarno Hatta,0.0024232107542493,30.86685858762861
8763578879,20.051018840065463,Rancabolang,Gedebage,12738,107.70103824999973,-6.965919900006205,Soekarno Hatta,0.0024232107542493,30.86685858762861
8763578879,26.00756546354776,Rancabolang,Gedebage,12738,107.70101923105032,-6.965972317097203,Soekarno Hatta,0.0024232107542493,30.86685858762861
8763578879,32.046577368465506,Rancabolang,Gedebage,12738,107.70100026894912,-6.966024782915193,Soekarno Hatta,0.0024232107542493,30.86685858762861
8763578879,38.12694921890627,Rancabolang,Gedebage,12738,107.70098124999971,-6.966077200006185,Soekarno Hatta,0.0024232107542493,30.86685858762861
8763578879,44.23278902908988,Rancabolang,Gedebage,12738,107.70096228290888,-6.96612964964224,Soekarno Hatta,0.0024232107542493,30.86685858762861
8763578879,50.35557815554744,Rancabolang,Gedebage,12738,107.70094329999972,-6.966182100006198,Soekarno Hatta,0.0024232107542493,30.86685858762861
8763578879,56.48997830973862,Rancabolang,Gedebage,12738,107.70092429999974,-6.966234550006193,Soekarno Hatta,0.0024232107542493,30.86685858762861
8763578879,62.63198375709324,Rancabolang,Gedebage,12738,107.70090529999972,-6.96628700000618,Soekarno Hatta,0.0024232107542493,30.86685858762861
4054917234,62.67447332141104,Rancabolang,Gedebage,12738,107.70088628106625,-6.96633941709709,Soekarno Hatta,0.0024232107542493,30.86685858762861
4054917234,59.36168692299346,Rancabolang,Gedebage,12738,107.70086733604006,-6.966391883278873,Soekarno Hatta,0.0024232107542493,30.86685858762861
4054917234,56.5267628555319,Rancabolang,Gedebage,12738,107.70084834999972,-6.966444300006208,Soekarno Hatta,0.0024232107542493,30.86685858762861
4054917234,54.24663090643051,Rancabolang,Gedebage,12738,107.70082934999972,-6.966496750006198,Soekarno Hatta,0.0024232107542493,30.86685858762861
4054917234,52.595944522116994,Rancabolang,Gedebage,12738,107.70081034999971,-6.9665492000061935,Soekarno Hatta,0.0024232107542493,30.86685858762861
4054917234,51.63510587987456,Rancabolang,Gedebage,12738,107.70079134999972,-6.9666016500061945,Soekarno Hatta,0.0024232107542493,30.86685858762861
6377275619,48.16488715999233,Rancabolang,Gedebage,12738,107.70077234999972,-6.966654100006186,Soekarno Hatta,0.0024232107542493,30.86685858762861
6377275619,42.16226011065341,Rancabolang,Gedebage,12738,107.70075333105034,-6.966706517097188,Soekarno Hatta,0.0024232107542493,30.86685858762861
6377275619,36.215496477342334,Rancabolang,Gedebage,12738,107.70073436894911,-6.966758982915207,Soekarno Hatta,0.0024232107542493,30.86685858762861
6377275619,30.35939693056528,Rancabolang,Gedebage,12738,107.70071534999974,-6.966811400006202,Soekarno Hatta,0.0024232107542493,30.86685858762861
6377275619,24.655977704345773,Rancabolang,Gedebage,12738,107.70069634999972,-6.966863850006182,Soekarno Hatta,0.0024232107542493,30.86685858762861
6377275619,19.24463086105432,Rancabolang,Gedebage,12738,107.70067734999972,-6.966916300006181,Soekarno Hatta,0.0024232107542493,30.86685858762861
6377275619,14.460480550828471,Rancabolang,Gedebage,12738,107.70065838290888,-6.966968749642254,Soekarno Hatta,0.0024232107542493,30.86685858762861
6377275619,11.135485496129997,Rancabolang,Gedebage,12738,107.70063939999972,-6.967021200006198,Soekarno Hatta,0.0024232107542493,30.86685858762861
6377275619,10.72275122634714,Rancabolang,Gedebage,12738,107.70062038106629,-6.9670736170970775,Soekarno Hatta,0.0024232107542493,30.86685858762861
6377275619,13.50241179572825,Rancabolang,Gedebage,12738,107.7006014189332,-6.967126082915268,Soekarno Hatta,0.0024232107542493,30.86685858762861
6377275619,18.04632661128295,Rancabolang,Gedebage,12738,107.70058238106624,-6.96717851709711,Soekarno Hatta,0.0024232107542493,30.86685858762861
6377275619,23.354954190741665,Rancabolang,Gedebage,12738,107.70056343604008,-6.967230983278865,Soekarno Hatta,0.0024232107542493,30.86685858762861
4054917271,20.11241191529087,Rancabolang,Gedebage,12738,107.70054444999973,-6.967283400006192,Soekarno Hatta,0.0024232107542493,30.86685858762861
4054917271,15.407884087993102,Rancabolang,Gedebage,12738,107.70052544999972,-6.967335850006183,Soekarno Hatta,0.0024232107542493,30.86685858762861
4054917271,12.104171052948008,Rancabolang,Gedebage,12738,107.70050644999972,-6.967388300006215,Soekarno Hatta,0.0024232107542493,30.86685858762861
4054917271,11.481868378566691,Rancabolang,Gedebage,12738,107.70048744999971,-6.967440750006199,Soekarno Hatta,0.0024232107542493,30.86685858762861
4054917271,13.90575131567419,Rancabolang,Gedebage,12738,107.70046844999972,-6.967493200006207,Soekarno Hatta,0.0024232107542493,30.86685858762861
4054917271,18.192605225670004,Rancabolang,Gedebage,12738,107.70044943105032,-6.967545617097186,Soekarno Hatta,0.0024232107542493,30.86685858762861
4054917247,22.563676398703752,Rancabolang,Gedebage,12738,107.70043046894912,-6.967598082915208,Soekarno Hatta,0.0024232107542493,30.86685858762861
4054917247,17.621260248848106,Rancabolang,Gedebage,12738,107.70041144999972,-6.967650500006212,Soekarno Hatta,0.0024232107542493,30.86685858762861
4054917247,13.714400452809574,Rancabolang,Gedebage,12738,107.70039244999973,-6.967702950006189,Soekarno Hatta,0.0024232107542493,30.86685858762861
4054917247,11.911129382655703,Rancabolang,Gedebage,12738,107.70037344999972,-6.967755400006205,Soekarno Hatta,0.0024232107542493,30.86685858762861
4054917247,13.112836167846464,Rancabolang,Gedebage,12738,107.70035448290886,-6.967807849642243,Soekarno Hatta,0.0024232107542493,30.86685858762861
4054917247,16.678665736774754,Rancabolang,Gedebage,12738,107.70033549999972,-6.96786030000617,Soekarno Hatta,0.0024232107542493,30.86685858762861
6380025212,18.06283333195783,Rancabolang,Gedebage,12738,107.70031648106624,-6.96791271709709,Soekarno Hatta,0.0024232107542493,30.86685858762861
6380025212,14.133397472099494,Rancabolang,Gedebage,12738,107.700302232744,-6.967967189726086,Soekarno Hatta,0.0024232107542493,30.86685858762861
6380025212,11.171470731168442,Rancabolang,Gedebage,12738,107.70027849999973,-6.968017600006192,Soekarno Hatta,0.0024232107542493,30.86685858762861
4054917232,14.4296851710752,Rancabolang,Gedebage,12738,107.70074814999964,-6.965671350006937,Soekarno Hatta,0.0024232107542493,30.86685858762861
4054917232,19.40457386010432,Rancabolang,Gedebage,12738,107.70072719999968,-6.9657283500069616,Soekarno Hatta,0.0024232107542493,30.86685858762861
4054917232,25.20296776384518,Rancabolang,Gedebage,12738,107.70070626714129,-6.965785350425115,Soekarno Hatta,0.0024232107542493,30.86685858762861
4054917232,31.37091707321127,Rancabolang,Gedebage,12738,107.70068533285804,-6.965842349588783,Soekarno Hatta,0.0024232107542493,30.86685858762861
4054917232,37.727823470976055,Rancabolang,Gedebage,12738,107.70066439999964,-6.965899350006951,Soekarno Hatta,0.0024232107542493,30.86685858762861
4054917232,44.19213111891003,Rancabolang,Gedebage,12738,107.70064346714128,-6.965956350425111,Soekarno Hatta,0.0024232107542493,30.86685858762861
4054917232,50.722676470041016,Rancabolang,Gedebage,12738,107.70062253285803,-6.9660133495888,Soekarno Hatta,0.0024232107542493,30.86685858762861
4054917234,54.430225278958616,Rancabolang,Gedebage,12738,107.70060156714128,-6.966070350425118,Soekarno Hatta,0.0024232107542493,30.86685858762861
4054917234,47.88084874623308,Rancabolang,Gedebage,12738,107.70058063285802,-6.966127349588802,Soekarno Hatta,0.0024232107542493,30.86685858762861
4054917234,41.385986470248994,Rancabolang,Gedebage,12738,107.70055969999966,-6.966184350006939,Soekarno Hatta,0.0024232107542493,30.86685858762861
4054917234,34.97607241955097,Rancabolang,Gedebage,12738,107.70053876714128,-6.966241350425133,Soekarno Hatta,0.0024232107542493,30.86685858762861
4054917234,28.70805647791198,Rancabolang,Gedebage,12738,107.70051783285804,-6.966298349588821,Soekarno Hatta,0.0024232107542493,30.86685858762861
4054917234,22.69696157905564,Rancabolang,Gedebage,12738,107.70049686714128,-6.9663553504251245,Soekarno Hatta,0.0024232107542493,30.86685858762861
4054917234,17.221973277415863,Rancabolang,Gedebage,12738,107.70047593285804,-6.966412349588793,Soekarno Hatta,0.0024232107542493,30.86685858762861
4054917234,12.97473227799222,Rancabolang,Gedebage,12738,107.70045499999964,-6.966469350006963,Soekarno Hatta,0.0024232107542493,30.86685858762861
4054917234,11.418954353105963,Rancabolang,Gedebage,12738,107.70043406714127,-6.966526350425124,Soekarno Hatta,0.0024232107542493,30.86685858762861
4054917234,13.51803643068269,Rancabolang,Gedebage,12738,107.70041313285805,-6.966583349588777,Soekarno Hatta,0.0024232107542493,30.86685858762861
4054917234,18.03737555351664,Rancabolang,Gedebage,12738,107.70039216714127,-6.966640350425116,Soekarno Hatta,0.0024232107542493,30.86685858762861
4054917234,23.628564513474785,Rancabolang,Gedebage,12738,107.70037123285802,-6.9666973495888005,Soekarno Hatta,0.0024232107542493,30.86685858762861
6377275621,22.161539060019813,Rancabolang,Gedebage,12738,107.70035029999968,-6.966754350006969,Soekarno Hatta,0.0024232107542493,30.86685858762861
6377275621,16.688935024901568,Rancabolang,Gedebage,12738,107.70032936714128,-6.966811350425113,Soekarno Hatta,0.0024232107542493,30.86685858762861
6377117735,13.089467392998298,Rancabolang,Gedebage,12738,107.70089824999968,-6.965749400006333,Soekarno Hatta,0.0024232107542493,30.86685858762861
6377275621,12.498212483189416,Rancabolang,Gedebage,12738,107.70030843285802,-6.966868349588784,Soekarno Hatta,0.0024232107542493,30.86685858762861
4054917234,17.240307030099817,Rancabolang,Gedebage,12738,107.70029148650532,-6.966337894917153,Soekarno Hatta,0.0024232107542493,30.86685858762861
4054917220,20.910938846552824,Rancabolang,Gedebage,12738,107.69969864999962,-6.965174200005698,Soekarno Hatta,0.0024232107542493,30.86685858762861
4054917220,25.72508315113065,Rancabolang,Gedebage,12738,107.69967856708789,-6.965227000391718,Soekarno Hatta,0.0024232107542493,30.86685858762861
4054917220,31.05566067918724,Rancabolang,Gedebage,12738,107.69965849999964,-6.965279800005682,Soekarno Hatta,0.0024232107542493,30.86685858762861
4054917220,36.677831411260016,Rancabolang,Gedebage,12738,107.69963843291136,-6.965332599619678,Soekarno Hatta,0.0024232107542493,30.86685858762861
4054917220,42.47606641020523,Rancabolang,Gedebage,12738,107.69961834999964,-6.9653854000056805,Soekarno Hatta,0.0024232107542493,30.86685858762861
4054917225,47.89375638327475,Rancabolang,Gedebage,12738,107.69959824999964,-6.965438200005692,Soekarno Hatta,0.0024232107542493,30.86685858762861
4054917225,53.20144171215362,Rancabolang,Gedebage,12738,107.69957814999964,-6.965491000005671,Soekarno Hatta,0.0024232107542493,30.86685858762861
4054917225,58.69397094848067,Rancabolang,Gedebage,12738,107.69955806708788,-6.965543800391722,Soekarno Hatta,0.0024232107542493,30.86685858762861
4054917225,64.32383603809483,Rancabolang,Gedebage,12738,107.69953799999963,-6.965596600005703,Soekarno Hatta,0.0024232107542493,30.86685858762861
4054917240,61.22930541821192,Rancabolang,Gedebage,12738,107.69951793291136,-6.96564939961968,Soekarno Hatta,0.0024232107542493,30.86685858762861
4054917240,55.76421639714301,Rancabolang,Gedebage,12738,107.69949784999964,-6.965702200005698,Soekarno Hatta,0.0024232107542493,30.86685858762861
4054917240,50.48236055343326,Rancabolang,Gedebage,12738,107.69947774999964,-6.965755000005707,Soekarno Hatta,0.0024232107542493,30.86685858762861
4054917240,45.44731033305242,Rancabolang,Gedebage,12738,107.69945764999964,-6.965807800005701,Soekarno Hatta,0.0024232107542493,30.86685858762861
4054917240,40.74986609129332,Rancabolang,Gedebage,12738,107.69943756708793,-6.965860600391733,Soekarno Hatta,0.0024232107542493,30.86685858762861
4054917240,36.52039120513673,Rancabolang,Gedebage,12738,107.69941749999964,-6.965913400005709,Soekarno Hatta,0.0024232107542493,30.86685858762861
4054917240,32.940270256359575,Rancabolang,Gedebage,12738,107.69939743291135,-6.965966199619684,Soekarno Hatta,0.0024232107542493,30.86685858762861
4054917240,30.24227451364377,Rancabolang,Gedebage,12738,107.69937734999964,-6.966019000005699,Soekarno Hatta,0.0024232107542493,30.86685858762861
4054917240,28.67711913450203,Rancabolang,Gedebage,12738,107.69935724999964,-6.9660718000057065,Soekarno Hatta,0.0024232107542493,30.86685858762861
4054917240,28.431101069698745,Rancabolang,Gedebage,12738,107.69933714999964,-6.966124600005696,Soekarno Hatta,0.0024232107542493,30.86685858762861
4054917240,29.535313291198364,Rancabolang,Gedebage,12738,107.6993170670879,-6.966177400391724,Soekarno Hatta,0.0024232107542493,30.86685858762861
4054917240,31.84938160855357,Rancabolang,Gedebage,12738,107.69929699999965,-6.966230200005681,Soekarno Hatta,0.0024232107542493,30.86685858762861
4054917205,27.99866274361456,Rancabolang,Gedebage,12738,107.69927693291136,-6.966282999619669,Soekarno Hatta,0.0024232107542493,30.86685858762861
4054917205,22.34045316913801,Rancabolang,Gedebage,12738,107.69925686770937,-6.966335832918212,Soekarno Hatta,0.0024232107542493,30.86685858762861
4054917205,17.09817728737849,Rancabolang,Gedebage,12738,107.69923674999964,-6.9663886500056975,Soekarno Hatta,0.0024232107542493,30.86685858762861
4054917211,13.234996053095966,Rancabolang,Gedebage,12738,107.69936209999976,-6.966491250004849,Soekarno Hatta,0.0024232107542493,30.86685858762861
4054917211,17.629825620051307,Rancabolang,Gedebage,12738,107.6993829499998,-6.966436350004838,Soekarno Hatta,0.0024232107542493,30.86685858762861
4054917211,23.04161135017728,Rancabolang,Gedebage,12738,107.69940379999976,-6.96638145000484,Soekarno Hatta,0.0024232107542493,30.86685858762861
4054917240,22.531260991322952,Rancabolang,Gedebage,12738,107.69942464999976,-6.966326550004852,Soekarno Hatta,0.0024232107542493,30.86685858762861
4054917240,17.238579042644986,Rancabolang,Gedebage,12738,107.69944549820087,-6.966271631364544,Soekarno Hatta,0.0024232107542493,30.86685858762861
4054917240,13.086800487453807,Rancabolang,Gedebage,12738,107.69946631766004,-6.966216700985792,Soekarno Hatta,0.0024232107542493,30.86685858762861
4054917240,11.390262772953625,Rancabolang,Gedebage,12738,107.69948718233957,-6.966161799023915,Soekarno Hatta,0.0024232107542493,30.86685858762861
4054917240,13.146817018446562,Rancabolang,Gedebage,12738,107.69950800179868,-6.966106868645183,Soekarno Hatta,0.0024232107542493,30.86685858762861
4054917240,17.331159872847802,Rancabolang,Gedebage,12738,107.6995288499998,-6.966051950004853,Soekarno Hatta,0.0024232107542493,30.86685858762861
4054917240,22.63434605732931,Rancabolang,Gedebage,12738,107.69954969999978,-6.9659970500048605,Soekarno Hatta,0.0024232107542493,30.86685858762861
4054917240,28.4379615015594,Rancabolang,Gedebage,12738,107.69957054999978,-6.965942150004845,Soekarno Hatta,0.0024232107542493,30.86685858762861
4054917240,34.49036277298598,Rancabolang,Gedebage,12738,107.69959138235085,-6.965887249034132,Soekarno Hatta,0.0024232107542493,30.86685858762861
4054917240,40.682211564108094,Rancabolang,Gedebage,12738,107.69961223351952,-6.965832333326533,Soekarno Hatta,0.0024232107542493,30.86685858762861
4054917240,46.95946772513097,Rancabolang,Gedebage,12738,107.69963308233956,-6.9657773990239376,Soekarno Hatta,0.0024232107542493,30.86685858762861
4054917240,53.28644369983717,Rancabolang,Gedebage,12738,107.69965391766004,-6.965722500985782,Soekarno Hatta,0.0024232107542493,30.86685858762861
4054917240,59.65362380296688,Rancabolang,Gedebage,12738,107.69967473414002,-6.965667567664823,Soekarno Hatta,0.0024232107542493,30.86685858762861
4054917225,54.87614845920195,Rancabolang,Gedebage,12738,107.6996955999998,-6.965612650004861,Soekarno Hatta,0.0024232107542493,30.86685858762861
4054917225,48.49545519074291,Rancabolang,Gedebage,12738,107.69971644999976,-6.965557750004871,Soekarno Hatta,0.0024232107542493,30.86685858762861
4054917225,42.1517636000538,Rancabolang,Gedebage,12738,107.69973728235084,-6.965502849034131,Soekarno Hatta,0.0024232107542493,30.86685858762861
4054917225,35.8633789826662,Rancabolang,Gedebage,12738,107.69975811764871,-6.965447950975593,Soekarno Hatta,0.0024232107542493,30.86685858762861
4054917225,29.66291406813376,Rancabolang,Gedebage,12738,107.69977898235086,-6.965393049034139,Soekarno Hatta,0.0024232107542493,30.86685858762861
4054917225,23.623595481414377,Rancabolang,Gedebage,12738,107.69979983351956,-6.965338133326538,Soekarno Hatta,0.0024232107542493,30.86685858762861
4054917225,17.91180858183957,Rancabolang,Gedebage,12738,107.6998206499998,-6.965283200004865,Soekarno Hatta,0.0024232107542493,30.86685858762861
4054917225,19.45947693574679,Rancabolang,Gedebage,12738,107.69999794999984,-6.965357400005417,Soekarno Hatta,0.0024232107542493,30.86685858762861
4054917225,24.84997441148673,Rancabolang,Gedebage,12738,107.69997864999984,-6.9654107000054095,Soekarno Hatta,0.0024232107542493,30.86685858762861
4054917225,30.584574657929466,Rancabolang,Gedebage,12738,107.69995939999984,-6.965464050005403,Soekarno Hatta,0.0024232107542493,30.86685858762861
4054917225,36.49783168029729,Rancabolang,Gedebage,12738,107.69994014999985,-6.965517400005425,Soekarno Hatta,0.0024232107542493,30.86685858762861
4054917225,42.51018954698332,Rancabolang,Gedebage,12738,107.69992084999984,-6.965570700005407,Soekarno Hatta,0.0024232107542493,30.86685858762861
13188405383,48.21517957334301,Rancabolang,Gedebage,12738,107.69990154999984,-6.965624050005424,Soekarno Hatta,0.0024232107542493,30.86685858762861
13188405383,53.30422633624556,Rancabolang,Gedebage,12738,107.69988224999985,-6.965677400005419,Soekarno Hatta,0.0024232107542493,30.86685858762861
13188405383,58.61648234036741,Rancabolang,Gedebage,12738,107.69986299999984,-6.965730700005423,Soekarno Hatta,0.0024232107542493,30.86685858762861
4054917240,54.18726624497189,Rancabolang,Gedebage,12738,107.69984374999984,-6.965784050005397,Soekarno Hatta,0.0024232107542493,30.86685858762861
4054917240,48.07019247943301,Rancabolang,Gedebage,12738,107.69982444999984,-6.965837400005401,Soekarno Hatta,0.0024232107542493,30.86685858762861
4054917240,42.005142147725934,Rancabolang,Gedebage,12738,107.69980514999985,-6.965890700005409,Soekarno Hatta,0.0024232107542493,30.86685858762861
4054917240,36.00976750431632,Rancabolang,Gedebage,12738,107.699785850003,-6.965944018308336,Soekarno Hatta,0.0024232107542493,30.86685858762861
4054917240,30.13213107610376,Rancabolang,Gedebage,12738,107.69976664999668,-6.965997381702478,Soekarno Hatta,0.0024232107542493,30.86685858762861
4054917240,24.448273217037627,Rancabolang,Gedebage,12738,107.69974734999984,-6.966050700005432,Soekarno Hatta,0.0024232107542493,30.86685858762861
4054917240,19.13571104175692,Rancabolang,Gedebage,12738,107.69972803249114,-6.966104017531617,Soekarno Hatta,0.0024232107542493,30.86685858762861
11235281553,12.081047514046922,Rancabolang,Gedebage,12738,107.69950435045074,-6.965048118545953,Soekarno Hatta,0.0024232107542493,30.86685858762861
4054917205,12.80192447320054,Rancabolang,Gedebage,12738,107.69921664999964,-6.966441450005701,Soekarno Hatta,0.0024232107542493,30.86685858762861
4054917225,12.963795036653355,Rancabolang,Gedebage,12738,107.69984148415396,-6.9652282676632655,Soekarno Hatta,0.0024232107542493,30.86685858762861
4054917240,14.611814954414912,Rancabolang,Gedebage,12738,107.69970876750854,-6.966157382479213,Soekarno Hatta,0.0024232107542493,30.86685858762861
4054917222,15.120236157119706,Rancabolang,Gedebage,12738,107.69985968134192,-6.966204447701246,Soekarno Hatta,0.0024232107542493,30.86685858762861
4054917222,21.807879461880752,Rancabolang,Gedebage,12738,107.6998860313463,-6.9661332336514254,Soekarno Hatta,0.0024232107542493,30.86685858762861
4054917222,29.391750898066743,Rancabolang,Gedebage,12738,107.69991240000014,-6.966062000004897,Soekarno Hatta,0.0024232107542493,30.86685858762861
4054917222,37.32899375466076,Rancabolang,Gedebage,12738,107.69993878733035,-6.96599076866859,Soekarno Hatta,0.0024232107542493,30.86685858762861
4054917222,45.43401698518087,Rancabolang,Gedebage,12738,107.69996518134192,-6.965919547701232,Soekarno Hatta,0.0024232107542493,30.86685858762861
4054917222,53.62771037323858,Rancabolang,Gedebage,12738,107.69999151865838,-6.965848352308531,Soekarno Hatta,0.0024232107542493,30.86685858762861
13188405383,50.95469921905293,Rancabolang,Gedebage,12738,107.70001790000016,-6.965777150004875,Soekarno Hatta,0.0024232107542493,30.86685858762861
13188405383,42.80410749076923,Rancabolang,Gedebage,12738,107.70004431266992,-6.965705931341168,Soekarno Hatta,0.0024232107542493,30.86685858762861
13188405383,34.775076710228646,Rancabolang,Gedebage,12738,107.700070668654,-6.965634666358303,Soekarno Hatta,0.0024232107542493,30.86685858762861
13188405383,26.98239793764854,Rancabolang,Gedebage,12738,107.70009701865835,-6.96556345230854,Soekarno Hatta,0.0024232107542493,30.86685858762861
13188405383,19.695546310623342,Rancabolang,Gedebage,12738,107.70012340000017,-6.965492250004889,Soekarno Hatta,0.0024232107542493,30.86685858762861
13188405380,16.17995983632285,Rancabolang,Gedebage,12738,107.7004186953028,-6.965527979808951,Soekarno Hatta,0.0024232107542493,30.86685858762861
13188405380,22.449993895254448,Rancabolang,Gedebage,12738,107.7003898863572,-6.965604818355749,Soekarno Hatta,0.0024232107542493,30.86685858762861
13188405380,30.18855859602713,Rancabolang,Gedebage,12738,107.70036113200328,-6.965681683504104,Soekarno Hatta,0.0024232107542493,30.86685858762861
13188405380,38.51466971967024,Rancabolang,Gedebage,12738,107.70033233634618,-6.9657585183561785,Soekarno Hatta,0.0024232107542493,30.86685858762861
13188405380,47.11917687887927,Rancabolang,Gedebage,12738,107.7003035816486,-6.965835348159328,Soekarno Hatta,0.0024232107542493,30.86685858762861
13188405380,55.87640371510028,Rancabolang,Gedebage,12738,107.7002748,-6.965912200006766,Soekarno Hatta,0.0024232107542493,30.86685858762861
4054917258,49.67707894036623,Rancabolang,Gedebage,12738,107.7002460183514,-6.965989051854192,Soekarno Hatta,0.0024232107542493,30.86685858762861
4054917258,41.03818342292865,Rancabolang,Gedebage,12738,107.70021725,-6.966065900006786,Soekarno Hatta,0.0024232107542493,30.86685858762861
4054917258,32.63972147029144,Rancabolang,Gedebage,12738,107.70018848164862,-6.966142748159322,Soekarno Hatta,0.0024232107542493,30.86685858762861
4054917258,24.72799916762164,Rancabolang,Gedebage,12738,107.70015971835716,-6.966219601861933,Soekarno Hatta,0.0024232107542493,30.86685858762861
13188405383,13.745189127776456,Rancabolang,Gedebage,12738,107.70014980000016,-6.96542105000488,Soekarno Hatta,0.0024232107542493,30.86685858762861
4054917258,17.958197583401315,Rancabolang,Gedebage,12738,107.70013095,-6.966296450006769,Soekarno Hatta,0.0024232107542493,30.86685858762861
11235281553,12.92355730799174,Rancabolang,Gedebage,12738,107.69959035000326,-6.964854299998446,Soekarno Hatta,0.0024232107542493,30.86685858762861
4054917220,13.582813720832975,Rancabolang,Gedebage,12738,107.69964295063014,-6.964880716172388,Soekarno Hatta,0.0024232107542493,30.86685858762861
4054917220,13.264510709929878,Rancabolang,Gedebage,12738,107.69969555000326,-6.964907149998484,Soekarno Hatta,0.0024232107542493,30.86685858762861
4054917220,15.882027842494674,Rancabolang,Gedebage,12738,107.69974815000324,-6.96493354999848,Soekarno Hatta,0.0024232107542493,30.86685858762861
4054917220,20.32946147890292,Rancabolang,Gedebage,12738,107.69980076557286,-6.964959997294748,Soekarno Hatta,0.0024232107542493,30.86685858762861
4054917225,24.78829665979777,Rancabolang,Gedebage,12738,107.69985340000324,-6.964986399998449,Soekarno Hatta,0.0024232107542493,30.86685858762861
4054917225,20.00808711209707,Rancabolang,Gedebage,12738,107.6999060006175,-6.965012816181872,Soekarno Hatta,0.0024232107542493,30.86685858762861
4054917225,16.46017002585047,Rancabolang,Gedebage,12738,107.69995863381976,-6.965039236518037,Soekarno Hatta,0.0024232107542493,30.86685858762861
4054917225,15.046425372942783,Rancabolang,Gedebage,12738,107.70001125000324,-6.965065649998462,Soekarno Hatta,0.0024232107542493,30.86685858762861
4054917225,16.326496543212862,Rancabolang,Gedebage,12738,107.70006384937636,-6.965092083824551,Soekarno Hatta,0.0024232107542493,30.86685858762861
4054917225,19.78706431643825,Rancabolang,Gedebage,12738,107.70011645000324,-6.965118499998448,Soekarno Hatta,0.0024232107542493,30.86685858762861
13188405386,23.73320109398774,Rancabolang,Gedebage,12738,107.70016905063014,-6.965144916172372,Soekarno Hatta,0.0024232107542493,30.86685858762861
13188405386,18.30147457704321,Rancabolang,Gedebage,12738,107.70022166618676,-6.965171363478878,Soekarno Hatta,0.0024232107542493,30.86685858762861
4054917229,11.8703178887699,Rancabolang,Gedebage,12738,107.7004490980626,-6.965298485150179,Soekarno Hatta,0.0024232107542493,30.86685858762861
4054917229,17.10191910491546,Rancabolang,Gedebage,12738,107.70050138712462,-6.965324097501639,Soekarno Hatta,0.0024232107542493,30.86685858762861
4054917229,22.9499055483186,Rancabolang,Gedebage,12738,107.70055361483904,-6.965349767328783,Soekarno Hatta,0.0024232107542493,30.86685858762861
4054917232,21.98640059885412,Rancabolang,Gedebage,12738,107.70060590000504,-6.965375399997029,Soekarno Hatta,0.0024232107542493,30.86685858762861
4054917232,17.66860674120097,Rancabolang,Gedebage,12738,107.70065815000504,-6.965401049997015,Soekarno Hatta,0.0024232107542493,30.86685858762861
4054917232,14.961299302139771,Rancabolang,Gedebage,12738,107.70071040000502,-6.965426699997036,Soekarno Hatta,0.0024232107542493,30.86685858762861
4054917232,14.777829651796733,Rancabolang,Gedebage,12738,107.70076265000505,-6.965452349997006,Soekarno Hatta,0.0024232107542493,30.86685858762861
4054917232,17.199828375589306,Rancabolang,Gedebage,12738,107.7008148980626,-6.965477985150173,Soekarno Hatta,0.0024232107542493,30.86685858762861
4054917232,21.36359910565664,Rancabolang,Gedebage,12738,107.70086720194745,-6.965503614843858,Soekarno Hatta,0.0024232107542493,30.86685858762861
6377117735,22.40569994148034,Rancabolang,Gedebage,12738,107.70091944805004,-6.96552928516347,Soekarno Hatta,0.0024232107542493,30.86685858762861
6377117735,17.720778759175044,Rancabolang,Gedebage,12738,107.70097170194744,-6.9655549148438745,Soekarno Hatta,0.0024232107542493,30.86685858762861
6377117735,14.448948176247114,Rancabolang,Gedebage,12738,107.70102394805004,-6.965580585163469,Soekarno Hatta,0.0024232107542493,30.86685858762861
6377117735,13.657710707375918,Rancabolang,Gedebage,12738,107.70107620194744,-6.96560621484386,Soekarno Hatta,0.0024232107542493,30.86685858762861
6377117735,15.72277301821339,Rancabolang,Gedebage,12738,107.7011284980626,-6.965631885150193,Soekarno Hatta,0.0024232107542493,30.86685858762861
8763578879,13.563826881400344,Rancabolang,Gedebage,12738,107.70118075196,-6.965657514830579,Soekarno Hatta,0.0024232107542493,30.86685858762861
4054917266,34.074824825969486,Rancabolang,Gedebage,12738,107.69877736763534,-6.9670690008886735,Soekarno Hatta,0.0024232107542493,30.86685858762861
4054917266,28.337692745025205,Rancabolang,Gedebage,12738,107.6987960323644,-6.967017199121128,Soekarno Hatta,0.0024232107542493,30.86685858762861
4054917266,22.78738161834076,Rancabolang,Gedebage,12738,107.69881466721137,-6.966965382357155,Soekarno Hatta,0.0024232107542493,30.86685858762861
4054917266,17.60241610780787,Rancabolang,Gedebage,12738,107.69883326764771,-6.966913550898997,Soekarno Hatta,0.0024232107542493,30.86685858762861
4054917266,13.21206281727204,Rancabolang,Gedebage,12738,107.69885191515696,-6.966861716757622,Soekarno Hatta,0.0024232107542493,30.86685858762861
4054917266,10.65692582255958,Rancabolang,Gedebage,12738,107.69887056763535,-6.966809900888656,Soekarno Hatta,0.0024232107542493,30.86685858762861
4054917266,11.260991236358628,Rancabolang,Gedebage,12738,107.6988892323644,-6.966758099121122,Soekarno Hatta,0.0024232107542493,30.86685858762861
4054917266,14.640049231746914,Rancabolang,Gedebage,12738,107.69890786763534,-6.966706300888653,Soekarno Hatta,0.0024232107542493,30.86685858762861
4054917266,19.39426381422058,Rancabolang,Gedebage,12738,107.6989265171952,-6.966654482357368,Soekarno Hatta,0.0024232107542493,30.86685858762861
4054917205,23.04942403451516,Rancabolang,Gedebage,12738,107.69894513235204,-6.966602649110784,Soekarno Hatta,0.0024232107542493,30.86685858762861
4054917205,18.0220984096972,Rancabolang,Gedebage,12738,107.69896375045072,-6.966550818545923,Soekarno Hatta,0.0024232107542493,30.86685858762861
4054917205,13.871392826602158,Rancabolang,Gedebage,12738,107.6989824323644,-6.966498999121142,Soekarno Hatta,0.0024232107542493,30.86685858762861
4054917205,11.595348885057104,Rancabolang,Gedebage,12738,107.69900106763536,-6.96644720088865,Soekarno Hatta,0.0024232107542493,30.86685858762861
4054917205,12.276372270989755,Rancabolang,Gedebage,12738,107.6990197171952,-6.966395382357364,Soekarno Hatta,0.0024232107542493,30.86685858762861
4054917205,15.535284421790092,Rancabolang,Gedebage,12738,107.69903833235206,-6.9663435491107775,Soekarno Hatta,0.0024232107542493,30.86685858762861
4054917205,20.15170807447039,Rancabolang,Gedebage,12738,107.69905696764772,-6.96629175089899,Soekarno Hatta,0.0024232107542493,30.86685858762861
4054917205,25.401647525463574,Rancabolang,Gedebage,12738,107.69907561515696,-6.966239916757617,Soekarno Hatta,0.0024232107542493,30.86685858762861
4054917205,30.96104268760256,Rancabolang,Gedebage,12738,107.69909426763536,-6.966188100888655,Soekarno Hatta,0.0024232107542493,30.86685858762861
4054917205,36.68911878100575,Rancabolang,Gedebage,12738,107.6991129323644,-6.966136299121139,Soekarno Hatta,0.0024232107542493,30.86685858762861
4054917205,42.52023927301198,Rancabolang,Gedebage,12738,107.6991315848428,-6.966084483252183,Soekarno Hatta,0.0024232107542493,30.86685858762861
4054917205,48.41763682548852,Rancabolang,Gedebage,12738,107.69915019999988,-6.96603265000489,Soekarno Hatta,0.0024232107542493,30.86685858762861
4054917240,51.79158254302212,Rancabolang,Gedebage,12738,107.69916883235204,-6.965980849110787,Soekarno Hatta,0.0024232107542493,30.86685858762861
4054917240,52.9858187789428,Rancabolang,Gedebage,12738,107.69918745045072,-6.965929018545962,Soekarno Hatta,0.0024232107542493,30.86685858762861
4054917240,54.82909870285,Rancabolang,Gedebage,12738,107.6992061323644,-6.965877199121102,Soekarno Hatta,0.0024232107542493,30.86685858762861
4054917240,57.26682050816646,Rancabolang,Gedebage,12738,107.69922476763534,-6.965825400888677,Soekarno Hatta,0.0024232107542493,30.86685858762861
4054917240,60.22502946435221,Rancabolang,Gedebage,12738,107.6992434171952,-6.965773582357378,Soekarno Hatta,0.0024232107542493,30.86685858762861
4054917240,63.63442890205617,Rancabolang,Gedebage,12738,107.69926203235202,-6.965721749110781,Soekarno Hatta,0.0024232107542493,30.86685858762861
4054917240,67.41890455821719,Rancabolang,Gedebage,12738,107.69928066764774,-6.965669950899009,Soekarno Hatta,0.0024232107542493,30.86685858762861
4054917240,71.52563995949703,Rancabolang,Gedebage,12738,107.699299315157,-6.9656181167576126,Soekarno Hatta,0.0024232107542493,30.86685858762861
4054917220,70.94813658605472,Rancabolang,Gedebage,12738,107.69931796763534,-6.965566300888669,Soekarno Hatta,0.0024232107542493,30.86685858762861
4054917220,64.9275122779321,Rancabolang,Gedebage,12738,107.69933663236438,-6.96551449912112,Soekarno Hatta,0.0024232107542493,30.86685858762861
4054917220,58.92199016383266,Rancabolang,Gedebage,12738,107.69935526721136,-6.965462682357132,Soekarno Hatta,0.0024232107542493,30.86685858762861
4054917220,52.93715178327408,Rancabolang,Gedebage,12738,107.69937386764772,-6.965410850899015,Soekarno Hatta,0.0024232107542493,30.86685858762861
4054917220,46.97725578801495,Rancabolang,Gedebage,12738,107.69939251515696,-6.965359016757617,Soekarno Hatta,0.0024232107542493,30.86685858762861
4054917220,41.05862572936843,Rancabolang,Gedebage,12738,107.69941116763536,-6.965307200888675,Soekarno Hatta,0.0024232107542493,30.86685858762861
4054917220,35.20033702695262,Rancabolang,Gedebage,12738,107.6994298323644,-6.9652553991211255,Soekarno Hatta,0.0024232107542493,30.86685858762861
4054917220,29.43992194171067,Rancabolang,Gedebage,12738,107.69944846763536,-6.96520360088867,Soekarno Hatta,0.0024232107542493,30.86685858762861
4054917220,23.84197468999012,Rancabolang,Gedebage,12738,107.6994671171952,-6.965151782357376,Soekarno Hatta,0.0024232107542493,30.86685858762861
11235281553,18.002017367261892,Rancabolang,Gedebage,12738,107.69948573235204,-6.965099949110802,Soekarno Hatta,0.0024232107542493,30.86685858762861
4054917247,11.446122380287274,Rancabolang,Gedebage,12738,107.70019570000365,-6.967796099997122,Soekarno Hatta,0.0024232107542493,30.86685858762861
4054917247,15.750963526810908,Rancabolang,Gedebage,12738,107.70013635000365,-6.967772799997116,Soekarno Hatta,0.0024232107542493,30.86685858762861
4054917247,21.554918812417217,Rancabolang,Gedebage,12738,107.70007700000365,-6.967749499997112,Soekarno Hatta,0.0024232107542493,30.86685858762861
4054917247,27.93883918108855,Rancabolang,Gedebage,12738,107.70001765000364,-6.967726199997093,Soekarno Hatta,0.0024232107542493,30.86685858762861
4054917247,34.58302299816381,Rancabolang,Gedebage,12738,107.69995830000364,-6.967702899997109,Soekarno Hatta,0.0024232107542493,30.86685858762861
4054917247,41.36223830936457,Rancabolang,Gedebage,12738,107.69989895000364,-6.967679599997125,Soekarno Hatta,0.0024232107542493,30.86685858762861
4054917261,39.873581730158776,Rancabolang,Gedebage,12738,107.69983960000364,-6.967656299997111,Soekarno Hatta,0.0024232107542493,30.86685858762861
4054917261,33.12157184826452,Rancabolang,Gedebage,12738,107.69978025000364,-6.967632999997098,Soekarno Hatta,0.0024232107542493,30.86685858762861
4054917261,26.52447560799623,Rancabolang,Gedebage,12738,107.6997208670346,-6.967609716511932,Soekarno Hatta,0.0024232107542493,30.86685858762861
4054917261,20.23692326958282,Rancabolang,Gedebage,12738,107.69966153297268,-6.967586383482302,Soekarno Hatta,0.0024232107542493,30.86685858762861
4054917261,14.66418840784196,Rancabolang,Gedebage,12738,107.69960215000364,-6.967563099997093,Soekarno Hatta,0.0024232107542493,30.86685858762861
4054917261,10.958867668090372,Rancabolang,Gedebage,12738,107.69954280036346,-6.967539832965628,Soekarno Hatta,0.0024232107542493,30.86685858762861
4054917261,11.159334168589105,Rancabolang,Gedebage,12738,107.69948345000364,-6.967516549997138,Soekarno Hatta,0.0024232107542493,30.86685858762861
4054917261,15.111782291757642,Rancabolang,Gedebage,12738,107.69942410000364,-6.967493249997099,Soekarno Hatta,0.0024232107542493,30.86685858762861
4054917261,20.77603701861236,Rancabolang,Gedebage,12738,107.69936475000364,-6.967469949997128,Soekarno Hatta,0.0024232107542493,30.86685858762861
4054917261,27.09915105223489,Rancabolang,Gedebage,12738,107.69930540000364,-6.967446649997124,Soekarno Hatta,0.0024232107542493,30.86685858762861
4054917261,33.712412893141256,Rancabolang,Gedebage,12738,107.69924605000362,-6.967423349997106,Soekarno Hatta,0.0024232107542493,30.86685858762861
4054917261,40.477262411190445,Rancabolang,Gedebage,12738,107.69918666703452,-6.967400066497865,Soekarno Hatta,0.0024232107542493,30.86685858762861
4054917261,47.32211060212954,Rancabolang,Gedebage,12738,107.69912733297276,-6.967376733496346,Soekarno Hatta,0.0024232107542493,30.86685858762861
4054917261,54.22416612971744,Rancabolang,Gedebage,12738,107.69906795000364,-6.967353449997097,Soekarno Hatta,0.0024232107542493,30.86685858762861
4054917266,56.07184599024508,Rancabolang,Gedebage,12738,107.69900860000364,-6.967330149997115,Soekarno Hatta,0.0024232107542493,30.86685858762861
4054917266,53.323276431447496,Rancabolang,Gedebage,12738,107.69894925000364,-6.967306849997103,Soekarno Hatta,0.0024232107542493,30.86685858762861
4054917266,51.401695650791545,Rancabolang,Gedebage,12738,107.69888990000364,-6.967283549997128,Soekarno Hatta,0.0024232107542493,30.86685858762861
4054917247,12.596901125638512,Rancabolang,Gedebage,12738,107.70024805016251,-6.967612766492496,Soekarno Hatta,0.0024232107542493,30.86685858762861
4054917247,17.601896918264387,Rancabolang,Gedebage,12738,107.7001870833505,-6.96758881532774,Soekarno Hatta,0.0024232107542493,30.86685858762861
4054917247,23.784751770993225,Rancabolang,Gedebage,12738,107.7001261165008,-6.967564918168202,Soekarno Hatta,0.0024232107542493,30.86685858762861
4054917247,30.43986117773796,Rancabolang,Gedebage,12738,107.70006515000463,-6.967540999996066,Soekarno Hatta,0.0024232107542493,30.86685858762861
4054917247,37.317874826894105,Rancabolang,Gedebage,12738,107.70000418350824,-6.967517031837793,Soekarno Hatta,0.0024232107542493,30.86685858762861
4054917261,43.81760955448321,Rancabolang,Gedebage,12738,107.69994321650084,-6.967493118168197,Soekarno Hatta,0.0024232107542493,30.86685858762861
4054917261,36.82763492223393,Rancabolang,Gedebage,12738,107.69988225000463,-6.967469199996091,Soekarno Hatta,0.0024232107542493,30.86685858762861
4054917261,29.9578941026674,Rancabolang,Gedebage,12738,107.69982128350824,-6.967445231837788,Soekarno Hatta,0.0024232107542493,30.86685858762861
4054917261,23.315654442616943,Rancabolang,Gedebage,12738,107.69976031650084,-6.9674213181681885,Soekarno Hatta,0.0024232107542493,30.86685858762861
4054917261,12.276488514311035,Rancabolang,Gedebage,12738,107.69963838366624,-6.967373448320302,Soekarno Hatta,0.0024232107542493,30.86685858762861
4054917261,17.16627570595383,Rancabolang,Gedebage,12738,107.69969935000464,-6.967397399996062,Soekarno Hatta,0.0024232107542493,30.86685858762861
4054917266,29.77377115535163,Rancabolang,Gedebage,12738,107.69890945000448,-6.967088399996304,Soekarno Hatta,0.0024232107542493,30.86685858762861
4054917266,31.82965371176925,Rancabolang,Gedebage,12738,107.69897175000447,-6.96711284999632,Soekarno Hatta,0.0024232107542493,30.86685858762861
4054917266,35.35369503208094,Rancabolang,Gedebage,12738,107.69903406674894,-6.967137367415266,Soekarno Hatta,0.0024232107542493,30.86685858762861
4054917266,39.94562282400268,Rancabolang,Gedebage,12738,107.69909643325988,-6.967161782564042,Soekarno Hatta,0.0024232107542493,30.86685858762861
4054917266,45.29209998517065,Rancabolang,Gedebage,12738,107.69915875000449,-6.967186249996322,Soekarno Hatta,0.0024232107542493,30.86685858762861
4054917261,44.45825406173506,Rancabolang,Gedebage,12738,107.69922105000448,-6.9672106999963095,Soekarno Hatta,0.0024232107542493,30.86685858762861
4054917261,37.30322196087676,Rancabolang,Gedebage,12738,107.69928335000446,-6.967235149996319,Soekarno Hatta,0.0024232107542493,30.86685858762861
4054917261,30.26328177525445,Rancabolang,Gedebage,12738,107.69934565000446,-6.967259649996327,Soekarno Hatta,0.0024232107542493,30.86685858762861
4054917261,23.44979790553246,Rancabolang,Gedebage,12738,107.69940796674904,-6.967284117428557,Soekarno Hatta,0.0024232107542493,30.86685858762861
4054917261,17.135580183439544,Rancabolang,Gedebage,12738,107.69947033326,-6.967308532577333,Soekarno Hatta,0.0024232107542493,30.86685858762861
4054917261,12.12318036035039,Rancabolang,Gedebage,12738,107.69953265000449,-6.967332999996327,Soekarno Hatta,0.0024232107542493,30.86685858762861
4054917251,12.782533138203382,Rancabolang,Gedebage,12738,107.69967525000446,-6.9669942499963184,Soekarno Hatta,0.0024232107542493,30.86685858762861
4054917251,17.290695239857502,Rancabolang,Gedebage,12738,107.6996129499396,-6.966969766731151,Soekarno Hatta,0.0024232107542493,30.86685858762861
4054917251,23.32612959005174,Rancabolang,Gedebage,12738,107.69955060007857,-6.966945333251838,Soekarno Hatta,0.0024232107542493,30.86685858762861
4054917251,29.98626319627142,Rancabolang,Gedebage,12738,107.69948825000446,-6.966920849996307,Soekarno Hatta,0.0024232107542493,30.86685858762861
4054917211,34.18322351802668,Rancabolang,Gedebage,12738,107.69942595000448,-6.966896399996305,Soekarno Hatta,0.0024232107542493,30.86685858762861
4054917211,32.389443307611664,Rancabolang,Gedebage,12738,107.69936365000449,-6.966871949996325,Soekarno Hatta,0.0024232107542493,30.86685858762861
4054917211,32.23205542778077,Rancabolang,Gedebage,12738,107.69930135000448,-6.966847449996307,Soekarno Hatta,0.0024232107542493,30.86685858762861
4054917266,30.22824731793627,Rancabolang,Gedebage,12738,107.69923905000448,-6.966822999996319,Soekarno Hatta,0.0024232107542493,30.86685858762861
4054917266,23.519535491882262,Rancabolang,Gedebage,12738,107.69917670000449,-6.966798549996308,Soekarno Hatta,0.0024232107542493,30.86685858762861
4054917266,17.3869734802299,Rancabolang,Gedebage,12738,107.69911435000448,-6.966774099996319,Soekarno Hatta,0.0024232107542493,30.86685858762861
4054917271,13.498079556849204,Rancabolang,Gedebage,12738,107.70038890000464,-6.96726809999605,Soekarno Hatta,0.0024232107542493,30.86685858762861
4054917271,17.830887015826093,Rancabolang,Gedebage,12738,107.70032795000463,-6.9672441999960775,Soekarno Hatta,0.0024232107542493,30.86685858762861
4054917271,23.64026477740116,Rancabolang,Gedebage,12738,107.70026698350824,-6.967220231837807,Soekarno Hatta,0.0024232107542493,30.86685858762861
4054917271,30.07491699048468,Rancabolang,Gedebage,12738,107.70020601650084,-6.967196318168204,Soekarno Hatta,0.0024232107542493,30.86685858762861
6377275621,32.57942457638838,Rancabolang,Gedebage,12738,107.70014505000464,-6.967172399996075,Soekarno Hatta,0.0024232107542493,30.86685858762861
6377275621,31.940983246595955,Rancabolang,Gedebage,12738,107.70008408366624,-6.967148448320307,Soekarno Hatta,0.0024232107542493,30.86685858762861
6377275621,32.92897523354253,Rancabolang,Gedebage,12738,107.70002311634305,-6.967124551671814,Soekarno Hatta,0.0024232107542493,30.86685858762861
4054917251,30.895304374910243,Rancabolang,Gedebage,12738,107.69996215000464,-6.967100599996071,Soekarno Hatta,0.0024232107542493,30.86685858762861
4054917251,24.410176242804795,Rancabolang,Gedebage,12738,107.69990118366624,-6.967076648320294,Soekarno Hatta,0.0024232107542493,30.86685858762861
4054917251,18.495033190183555,Rancabolang,Gedebage,12738,107.69984021634303,-6.967052751671836,Soekarno Hatta,0.0024232107542493,30.86685858762861
4054917251,12.167497249542528,Rancabolang,Gedebage,12738,107.6995939000038,-6.967174149997027,Soekarno Hatta,0.0024232107542493,30.86685858762861
4054917251,17.240679549954557,Rancabolang,Gedebage,12738,107.69953235000376,-6.967149999997045,Soekarno Hatta,0.0024232107542493,30.86685858762861
4054917251,23.523579162838097,Rancabolang,Gedebage,12738,107.69947079953758,-6.967125817130285,Soekarno Hatta,0.0024232107542493,30.86685858762861
4054917251,30.278180674381456,Rancabolang,Gedebage,12738,107.69940920046996,-6.9671016828638,Soekarno Hatta,0.0024232107542493,30.86685858762861
4054917251,37.24086241987861,Rancabolang,Gedebage,12738,107.69934765000376,-6.967077499997049,Soekarno Hatta,0.0024232107542493,30.86685858762861
4054917266,43.49765910045085,Rancabolang,Gedebage,12738,107.69928609953756,-6.967053317130288,Soekarno Hatta,0.0024232107542493,30.86685858762861
4054917266,36.44584058751158,Rancabolang,Gedebage,12738,107.69922451758433,-6.96702919909646,Soekarno Hatta,0.0024232107542493,30.86685858762861
4054917266,29.51856683243593,Rancabolang,Gedebage,12738,107.69916298288037,-6.967004983787138,Soekarno Hatta,0.0024232107542493,30.86685858762861
4054917266,22.833810462825785,Rancabolang,Gedebage,12738,107.6991013995376,-6.966980817130288,Soekarno Hatta,0.0024232107542493,30.86685858762861
4054917266,16.692350065980012,Rancabolang,Gedebage,12738,107.6990398175843,-6.966956699096452,Soekarno Hatta,0.0024232107542493,30.86685858762861
4054917271,12.242592885396633,Rancabolang,Gedebage,12738,107.70030860000377,-6.967456399997079,Soekarno Hatta,0.0024232107542493,30.86685858762861
4054917271,17.14114313187299,Rancabolang,Gedebage,12738,107.70024796741843,-6.967432399221991,Soekarno Hatta,0.0024232107542493,30.86685858762861
4054917271,23.27562601242094,Rancabolang,Gedebage,12738,107.70018733296318,-6.96740833373206,Soekarno Hatta,0.0024232107542493,30.86685858762861
4054917271,29.89609672932614,Rancabolang,Gedebage,12738,107.70012669962944,-6.967384317037741,Soekarno Hatta,0.0024232107542493,30.86685858762861
4054917271,36.73989544343616,Rancabolang,Gedebage,12738,107.70006606704445,-6.967360316275876,Soekarno Hatta,0.0024232107542493,30.86685858762861
4054917251,43.61287038328036,Rancabolang,Gedebage,12738,107.70000545036844,-6.967336282966351,Soekarno Hatta,0.0024232107542493,30.86685858762861
4054917251,36.63787777428372,Rancabolang,Gedebage,12738,107.69994483296318,-6.967312233732056,Soekarno Hatta,0.0024232107542493,30.86685858762861
4054917251,29.77717015578397,Rancabolang,Gedebage,12738,107.69988419962942,-6.967288217037746,Soekarno Hatta,0.0024232107542493,30.86685858762861
4054917251,23.13282608857817,Rancabolang,Gedebage,12738,107.69982356704442,-6.967264216275894,Soekarno Hatta,0.0024232107542493,30.86685858762861
4054917251,16.953908832133468,Rancabolang,Gedebage,12738,107.69976293333774,-6.96724016669147,Soekarno Hatta,0.0024232107542493,30.86685858762861
4054917203,13.75525873041276,Rancabolang,Gedebage,12738,107.69973130000402,-6.96681704999729,Soekarno Hatta,0.0024232107542493,30.86685858762861
4054917203,19.94812576616903,Rancabolang,Gedebage,12738,107.699655200004,-6.966787699997269,Soekarno Hatta,0.0024232107542493,30.86685858762861
4054917211,24.85865149088438,Rancabolang,Gedebage,12738,107.69957909853562,-6.966758317981112,Soekarno Hatta,0.0024232107542493,30.86685858762861
4054917211,17.458841937497677,Rancabolang,Gedebage,12738,107.6995030194413,-6.966728995795863,Soekarno Hatta,0.0024232107542493,30.86685858762861
4054917211,12.413159897148237,Rancabolang,Gedebage,12738,107.69942698056671,-6.966699604198684,Soekarno Hatta,0.0024232107542493,30.86685858762861
4054917211,12.889785454263768,Rancabolang,Gedebage,12738,107.6993509014724,-6.966670282013408,Soekarno Hatta,0.0024232107542493,30.86685858762861
4054917211,18.462322679698087,Rancabolang,Gedebage,12738,107.69927479853564,-6.966640917981122,Soekarno Hatta,0.0024232107542493,30.86685858762861
4054917205,19.06421720770308,Rancabolang,Gedebage,12738,107.69919870147235,-6.966611582013426,Soekarno Hatta,0.0024232107542493,30.86685858762861
6377275619,12.63493330673168,Rancabolang,Gedebage,12738,107.70044899845124,-6.967092118035634,Soekarno Hatta,0.0024232107542493,30.86685858762861
6377275619,18.730728281921547,Rancabolang,Gedebage,12738,107.70037460000373,-6.96706334999756,Soekarno Hatta,0.0024232107542493,30.86685858762861
6377275621,20.374619144678164,Rancabolang,Gedebage,12738,107.70030016804012,-6.96703456350033,Soekarno Hatta,0.0024232107542493,30.86685858762861
6377275621,14.02132292540274,Rancabolang,Gedebage,12738,107.70022573196732,-6.96700573649476,Soekarno Hatta,0.0024232107542493,30.86685858762861
6377275621,11.576656919500037,Rancabolang,Gedebage,12738,107.7001513000037,-6.966976949997535,Soekarno Hatta,0.0024232107542493,30.86685858762861
6377275621,15.070275428112172,Rancabolang,Gedebage,12738,107.7000769000037,-6.966948149997562,Soekarno Hatta,0.0024232107542493,30.86685858762861
6377275621,21.815084436491823,Rancabolang,Gedebage,12738,107.7000025000037,-6.966919349997555,Soekarno Hatta,0.0024232107542493,30.86685858762861
4054917203,19.87749814959984,Rancabolang,Gedebage,12738,107.6999281000037,-6.966890549997526,Soekarno Hatta,0.0024232107542493,30.86685858762861
4054917266,50.40178002058138,Rancabolang,Gedebage,12738,107.69883055000363,-6.967260249997104,Soekarno Hatta,0.0024232107542493,30.86685858762861
4054917266,11.9431595804358,Rancabolang,Gedebage,12738,107.69897828288036,-6.966932483787135,Soekarno Hatta,0.0024232107542493,30.86685858762861
4054917251,11.996139833072872,Rancabolang,Gedebage,12738,107.69970230000376,-6.967216149997073,Soekarno Hatta,0.0024232107542493,30.86685858762861
4054917251,13.902456373298731,Rancabolang,Gedebage,12738,107.69977925000468,-6.967028799996065,Soekarno Hatta,0.0024232107542493,30.86685858762861
4054917266,12.699109559761144,Rancabolang,Gedebage,12738,107.69905205000448,-6.966749649996317,Soekarno Hatta,0.0024232107542493,30.86685858762861
4054917205,12.84288254727606,Rancabolang,Gedebage,12738,107.69912261652028,-6.966582231749442,Soekarno Hatta,0.0024232107542493,30.86685858762861
4054917203,13.686014445111844,Rancabolang,Gedebage,12738,107.6998536500037,-6.966861749997556,Soekarno Hatta,0.0024232107542493,30.86685858762861
6377275619,14.871603153823608,Rancabolang,Gedebage,12738,107.70047519189704,-6.966902947073429,Soekarno Hatta,0.0024232107542493,30.86685858762861
6377275619,22.336156217051894,Rancabolang,Gedebage,12738,107.70050469999968,-6.966822450006347,Soekarno Hatta,0.0024232107542493,30.86685858762861
6377275619,27.99980741904433,Rancabolang,Gedebage,12738,107.70052434999968,-6.966768800006354,Soekarno Hatta,0.0024232107542493,30.86685858762861
6377275619,33.89732235328929,Rancabolang,Gedebage,12738,107.70054404999968,-6.966715150006341,Soekarno Hatta,0.0024232107542493,30.86685858762861
4054917234,31.530272211386706,Rancabolang,Gedebage,12738,107.70056374999967,-6.966661500006352,Soekarno Hatta,0.0024232107542493,30.86685858762861
4054917234,30.198459793005924,Rancabolang,Gedebage,12738,107.7005833999997,-6.966607850006346,Soekarno Hatta,0.0024232107542493,30.86685858762861
4054917234,30.16248309835227,Rancabolang,Gedebage,12738,107.70060306865044,-6.966554182927806,Soekarno Hatta,0.0024232107542493,30.86685858762861
4054917234,31.4256768224112,Rancabolang,Gedebage,12738,107.70062273134891,-6.966500517084844,Soekarno Hatta,0.0024232107542493,30.86685858762861
4054917234,33.85107700487271,Rancabolang,Gedebage,12738,107.70064246865044,-6.966446882927827,Soekarno Hatta,0.0024232107542493,30.86685858762861
4054917234,37.19798367625884,Rancabolang,Gedebage,12738,107.70066213134892,-6.966393217084847,Soekarno Hatta,0.0024232107542493,30.86685858762861
4054917234,41.25019308989664,Rancabolang,Gedebage,12738,107.70068181866544,-6.966339582927247,Soekarno Hatta,0.0024232107542493,30.86685858762861
4054917234,45.81377872441748,Rancabolang,Gedebage,12738,107.70070143134892,-6.966285917084864,Soekarno Hatta,0.0024232107542493,30.86685858762861
4054917234,50.76561003304119,Rancabolang,Gedebage,12738,107.70072116865045,-6.966232282927807,Soekarno Hatta,0.0024232107542493,30.86685858762861
4054917234,55.99006452762257,Rancabolang,Gedebage,12738,107.70074083134892,-6.966178617084856,Soekarno Hatta,0.0024232107542493,30.86685858762861
6377117735,53.53380841603735,Rancabolang,Gedebage,12738,107.70076056865044,-6.966124982927815,Soekarno Hatta,0.0024232107542493,30.86685858762861
6377117735,47.33880442165642,Rancabolang,Gedebage,12738,107.70078019999968,-6.966071300006348,Soekarno Hatta,0.0024232107542493,30.86685858762861
6377117735,41.18524160176625,Rancabolang,Gedebage,12738,107.70079984999968,-6.9660176500063535,Soekarno Hatta,0.0024232107542493,30.86685858762861
6377117735,35.08846485886708,Rancabolang,Gedebage,12738,107.7008195499997,-6.965964000006326,Soekarno Hatta,0.0024232107542493,30.86685858762861
6377117735,29.08903857851128,Rancabolang,Gedebage,12738,107.70083924999967,-6.965910350006354,Soekarno Hatta,0.0024232107542493,30.86685858762861
6377117735,23.26637629839136,Rancabolang,Gedebage,12738,107.70085889999967,-6.9658567000063485,Soekarno Hatta,0.0024232107542493,30.86685858762861
6377117735,17.788305734875486,Rancabolang,Gedebage,12738,107.70087854999969,-6.965803050006332,Soekarno Hatta,0.0024232107542493,30.86685858762861
4054917232,12.448224526992314,Rancabolang,Gedebage,12738,107.7005754499996,-6.965594900006095,Soekarno Hatta,0.0024232107542493,30.86685858762861
4054917232,17.347638318000595,Rancabolang,Gedebage,12738,107.7005543999996,-6.965649950006116,Soekarno Hatta,0.0024232107542493,30.86685858762861
4054917232,23.064938683329384,Rancabolang,Gedebage,12738,107.7005333499996,-6.965705000006115,Soekarno Hatta,0.0024232107542493,30.86685858762861
4054917232,29.11607790088656,Rancabolang,Gedebage,12738,107.7005123675854,-6.965760032914065,Soekarno Hatta,0.0024232107542493,30.86685858762861
4054917232,35.34035840249556,Rancabolang,Gedebage,12738,107.70049128242836,-6.965815067097507,Soekarno Hatta,0.0024232107542493,30.86685858762861
4054917232,41.65231166666069,Rancabolang,Gedebage,12738,107.7004702499996,-6.965870100006112,Soekarno Hatta,0.0024232107542493,30.86685858762861
4054917232,48.01675490003362,Rancabolang,Gedebage,12738,107.7004492675854,-6.965925132914073,Soekarno Hatta,0.0024232107542493,30.86685858762861
4054917232,54.42339998129197,Rancabolang,Gedebage,12738,107.70042818242835,-6.965980167097526,Soekarno Hatta,0.0024232107542493,30.86685858762861
4054917234,50.48639564457532,Rancabolang,Gedebage,12738,107.7004071675854,-6.96603523291406,Soekarno Hatta,0.0024232107542493,30.86685858762861
4054917234,44.14049397114776,Rancabolang,Gedebage,12738,107.7003861499996,-6.966090250006114,Soekarno Hatta,0.0024232107542493,30.86685858762861
4054917234,37.85240717255125,Rancabolang,Gedebage,12738,107.70036508242838,-6.966145267097529,Soekarno Hatta,0.0024232107542493,30.86685858762861
4054917234,31.652637660382737,Rancabolang,Gedebage,12738,107.7003440675854,-6.966200332914076,Soekarno Hatta,0.0024232107542493,30.86685858762861
4054917234,25.618858793059463,Rancabolang,Gedebage,12738,107.7003230499996,-6.966255350006108,Soekarno Hatta,0.0024232107542493,30.86685858762861
6425732155,22.114805229405583,Sukawarna,Sukajadi,14842,107.57524193612672,-6.887162525751897,Pajajaran,0.0025141975770577,37.31572043869058
1396407883,20.675963737995826,Sukawarna,Sukajadi,14842,107.57521365000434,-6.886774800006382,Pajajaran,0.0025141975770577,37.31572043869058
5456153761,12.434726493580706,Pasanggrahan,Ujungberung,21969,107.7146729494216,-6.911816082942303,Soekarno Hatta,0.0024232107542493,53.23551706010464
5458105772,13.66887564523308,Pasanggrahan,Ujungberung,21969,107.7147231829402,-6.911790911042717,Soekarno Hatta,0.0024232107542493,53.23551706010464
5458105772,10.154184013527397,Pasanggrahan,Ujungberung,21969,107.71477341705544,-6.911765688959068,Soekarno Hatta,0.0024232107542493,53.23551706010464
5458105772,9.837176347913504,Pasanggrahan,Ujungberung,21969,107.71482365057405,-6.91174051705949,Soekarno Hatta,0.0024232107542493,53.23551706010464
5458105772,12.949710494893951,Pasanggrahan,Ujungberung,21969,107.71487388293994,-6.911715361059413,Soekarno Hatta,0.0024232107542493,53.23551706010464
5458105770,15.003993147124062,Pasanggrahan,Ujungberung,21969,107.71492411705567,-6.911690138942339,Soekarno Hatta,0.0024232107542493,53.23551706010464
5458105770,10.902253067310433,Pasanggrahan,Ujungberung,21969,107.7149743499978,-6.911664950000876,Soekarno Hatta,0.0024232107542493,53.23551706010464
5458105770,9.482932588641704,Pasanggrahan,Ujungberung,21969,107.71502458236336,-6.911639794001014,Soekarno Hatta,0.0024232107542493,53.23551706010464
5458105770,11.754477947247777,Pasanggrahan,Ujungberung,21969,107.71507481705544,-6.911614588959067,Soekarno Hatta,0.0024232107542493,53.23551706010464
5458105770,16.239015858202357,Pasanggrahan,Ujungberung,21969,107.7151250499978,-6.9115894000008895,Soekarno Hatta,0.0024232107542493,53.23551706010464
5456153770,12.779592626100817,Pasanggrahan,Ujungberung,21969,107.71517528351583,-6.911564228117405,Soekarno Hatta,0.0024232107542493,53.23551706010464
5456153762,11.825864381628792,Pasanggrahan,Ujungberung,21969,107.71475574999803,-6.911922050001478,Soekarno Hatta,0.0024232107542493,53.23551706010464
5456153762,18.80174001631196,Pasanggrahan,Ujungberung,21969,107.71483154999802,-6.911884050001496,Soekarno Hatta,0.0024232107542493,53.23551706010464
5458105772,24.726044373807007,Pasanggrahan,Ujungberung,21969,107.71490735237252,-6.9118460179058285,Soekarno Hatta,0.0024232107542493,53.23551706010464
5458105770,26.717854592501872,Pasanggrahan,Ujungberung,21969,107.71498314999802,-6.911808000001462,Soekarno Hatta,0.0024232107542493,53.23551706010464
5458105770,24.144257966972933,Pasanggrahan,Ujungberung,21969,107.71505894999802,-6.91177000000147,Soekarno Hatta,0.0024232107542493,53.23551706010464
5458105770,25.060038717019783,Pasanggrahan,Ujungberung,21969,107.71513476790926,-6.911731991951029,Soekarno Hatta,0.0024232107542493,53.23551706010464
5456153771,21.22140522428444,Pasanggrahan,Ujungberung,21969,107.71521062970405,-6.911693990131406,Soekarno Hatta,0.0024232107542493,53.23551706010464
5456153770,7.101903440634443,Pasanggrahan,Ujungberung,21969,107.71522551705569,-6.911539038942348,Soekarno Hatta,0.0024232107542493,53.23551706010464
5456153771,13.589187248075032,Pasanggrahan,Ujungberung,21969,107.71528644999802,-6.911655950001477,Soekarno Hatta,0.0024232107542493,53.23551706010464
5458105771,22.37935443426477,Pasanggrahan,Ujungberung,21969,107.714275467019,-6.911303141925256,Soekarno Hatta,0.0024232107542493,53.23551706010464
5458105771,17.334104924166965,Pasanggrahan,Ujungberung,21969,107.7143230499988,-6.91127535000087,Soekarno Hatta,0.0024232107542493,53.23551706010464
5458105771,13.206561517329687,Pasanggrahan,Ujungberung,21969,107.71437063297856,-6.9112475580764885,Soekarno Hatta,0.0024232107542493,53.23551706010464
5458105771,11.08065188503896,Pasanggrahan,Ujungberung,21969,107.714418167019,-6.911219741925265,Soekarno Hatta,0.0024232107542493,53.23551706010464
5458105771,12.05384886990157,Pasanggrahan,Ujungberung,21969,107.71446574999878,-6.911191950000887,Soekarno Hatta,0.0024232107542493,53.23551706010464
5458105771,15.560081590875363,Pasanggrahan,Ujungberung,21969,107.71451333297856,-6.911164158076477,Soekarno Hatta,0.0024232107542493,53.23551706010464
5458105769,19.3675723729594,Pasanggrahan,Ujungberung,21969,107.71456086701902,-6.911136341925275,Soekarno Hatta,0.0024232107542493,53.23551706010464
5458105769,16.596114184275567,Pasanggrahan,Ujungberung,21969,107.71460844999878,-6.911108550000887,Soekarno Hatta,0.0024232107542493,53.23551706010464
5458105769,15.81346303395633,Pasanggrahan,Ujungberung,21969,107.71465603297855,-6.9110807580765,Soekarno Hatta,0.0024232107542493,53.23551706010464
5458105769,17.295060891081807,Pasanggrahan,Ujungberung,21969,107.71470356701904,-6.911052941925284,Soekarno Hatta,0.0024232107542493,53.23551706010464
5456153758,12.832993600437698,Pasanggrahan,Ujungberung,21969,107.71510923687428,-6.911419867582344,Soekarno Hatta,0.0024232107542493,53.23551706010464
5456153758,19.7703291566705,Pasanggrahan,Ujungberung,21969,107.71506254630766,-6.911359333167235,Soekarno Hatta,0.0024232107542493,53.23551706010464
5456153758,27.569435150587264,Pasanggrahan,Ujungberung,21969,107.71501590000112,-6.911298750001065,Soekarno Hatta,0.0024232107542493,53.23551706010464
5458105769,27.708744622573903,Pasanggrahan,Ujungberung,21969,107.71496925369463,-6.911238166834908,Soekarno Hatta,0.0024232107542493,53.23551706010464
5458105769,22.607027500427108,Pasanggrahan,Ujungberung,21969,107.71492259629358,-6.911177633166413,Soekarno Hatta,0.0024232107542493,53.23551706010464
5458105769,19.938542145574456,Pasanggrahan,Ujungberung,21969,107.71487595000114,-6.911117050001074,Soekarno Hatta,0.0024232107542493,53.23551706010464
5456153772,19.43449360070161,Pasanggrahan,Ujungberung,21969,107.71482927054323,-6.911056466088769,Soekarno Hatta,0.0024232107542493,53.23551706010464
5458105769,7.893156131596718,Pasanggrahan,Ujungberung,21969,107.71478550863198,-6.911178865585047,Soekarno Hatta,0.0024232107542493,53.23551706010464
5458105769,10.943930446754536,Pasanggrahan,Ujungberung,21969,107.7148182000028,-6.911224000000734,Soekarno Hatta,0.0024232107542493,53.23551706010464
5458105769,15.914802514310288,Pasanggrahan,Ujungberung,21969,107.71485089137362,-6.911269134416416,Soekarno Hatta,0.0024232107542493,53.23551706010464
5458105769,21.51250590335708,Pasanggrahan,Ujungberung,21969,107.71488358442863,-6.911314247757948,Soekarno Hatta,0.0024232107542493,53.23551706010464
5458105770,23.996273152526147,Pasanggrahan,Ujungberung,21969,107.71491621557692,-6.911359352243528,Soekarno Hatta,0.0024232107542493,53.23551706010464
5458105770,18.26981159394356,Pasanggrahan,Ujungberung,21969,107.71494890863195,-6.911404465585048,Soekarno Hatta,0.0024232107542493,53.23551706010464
5458105770,12.949523815251077,Pasanggrahan,Ujungberung,21969,107.71498160000276,-6.911449600000757,Soekarno Hatta,0.0024232107542493,53.23551706010464
5456153772,12.572426339461996,Pasanggrahan,Ujungberung,21969,107.71478262945904,-6.910995933913391,Soekarno Hatta,0.0024232107542493,53.23551706010464
5458105770,8.814569272026707,Pasanggrahan,Ujungberung,21969,107.71501428442184,-6.911494697774058,Soekarno Hatta,0.0024232107542493,53.23551706010464
5458105769,7.682281006071382,Pasanggrahan,Ujungberung,21969,107.71465815000232,-6.911238900000639,Soekarno Hatta,0.0024232107542493,53.23551706010464
5458105769,8.872645192638283,Pasanggrahan,Ujungberung,21969,107.71469215000234,-6.911283300000641,Soekarno Hatta,0.0024232107542493,53.23551706010464
5458105769,13.230466344235078,Pasanggrahan,Ujungberung,21969,107.71472615735998,-6.9113277157716695,Soekarno Hatta,0.0024232107542493,53.23551706010464
5458105769,18.659344233911867,Pasanggrahan,Ujungberung,21969,107.71476014264466,-6.911372184229633,Soekarno Hatta,0.0024232107542493,53.23551706010464
5458105769,24.44913762826758,Pasanggrahan,Ujungberung,21969,107.71479415000232,-6.911416600000669,Soekarno Hatta,0.0024232107542493,53.23551706010464
5458105770,20.45999064432467,Pasanggrahan,Ujungberung,21969,107.71482815000232,-6.911461000000652,Soekarno Hatta,0.0024232107542493,53.23551706010464
5458105770,14.686830365078617,Pasanggrahan,Ujungberung,21969,107.71486215736,-6.91150541577164,Soekarno Hatta,0.0024232107542493,53.23551706010464
5458105771,8.07694199851807,Pasanggrahan,Ujungberung,21969,107.71454743410094,-6.911278198100146,Soekarno Hatta,0.0024232107542493,53.23551706010464
5458105771,11.876220667935115,Pasanggrahan,Ujungberung,21969,107.71458250701916,-6.9113240159092575,Soekarno Hatta,0.0024232107542493,53.23551706010464
5458105771,17.27705943351133,Pasanggrahan,Ujungberung,21969,107.71461759298536,-6.9113698840920925,Soekarno Hatta,0.0024232107542493,53.23551706010464
5458105771,23.183508885853463,Pasanggrahan,Ujungberung,21969,107.71465267292731,-6.91141571779282,Soekarno Hatta,0.0024232107542493,53.23551706010464
5458105772,25.024099710761988,Pasanggrahan,Ujungberung,21969,107.71468774300264,-6.911461584090864,Soekarno Hatta,0.0024232107542493,53.23551706010464
5458105772,19.039153361120228,Pasanggrahan,Ujungberung,21969,107.71472285000227,-6.91150740000068,Soekarno Hatta,0.0024232107542493,53.23551706010464
5458105772,13.42539598016974,Pasanggrahan,Ujungberung,21969,107.71475795000224,-6.91155325000068,Soekarno Hatta,0.0024232107542493,53.23551706010464
5458105770,9.4568935765016,Pasanggrahan,Ujungberung,21969,107.71489614264468,-6.911549884229654,Soekarno Hatta,0.0024232107542493,53.23551706010464
5458105772,8.922901809157057,Pasanggrahan,Ujungberung,21969,107.71479303410094,-6.9115990981001465,Soekarno Hatta,0.0024232107542493,53.23551706010464
5458105771,6.562202767418549,Pasanggrahan,Ujungberung,21969,107.71442725000138,-6.911331250000675,Soekarno Hatta,0.0024232107542493,53.23551706010464
5458105771,8.822128516493601,Pasanggrahan,Ujungberung,21969,107.71446274457278,-6.911378483456066,Soekarno Hatta,0.0024232107542493,53.23551706010464
5458105771,14.073840785586874,Pasanggrahan,Ujungberung,21969,107.71449825542996,-6.911425716545282,Soekarno Hatta,0.0024232107542493,53.23551706010464
5458105771,20.09565914824769,Pasanggrahan,Ujungberung,21969,107.71453378345676,-6.911472949623576,Soekarno Hatta,0.0024232107542493,53.23551706010464
5458105771,26.36137255120805,Pasanggrahan,Ujungberung,21969,107.7145693000014,-6.911520150000667,Soekarno Hatta,0.0024232107542493,53.23551706010464
5458105772,21.236735394595183,Pasanggrahan,Ujungberung,21969,107.71460480000135,-6.911567400000656,Soekarno Hatta,0.0024232107542493,53.23551706010464
5458105772,15.21309417283536,Pasanggrahan,Ujungberung,21969,107.714640316546,-6.9116146503777856,Soekarno Hatta,0.0024232107542493,53.23551706010464
5458105771,16.852694449642886,Pasanggrahan,Ujungberung,21969,107.71434310000146,-6.9113714000007285,Soekarno Hatta,0.0024232107542493,53.23551706010464
5458105771,17.146710314444157,Pasanggrahan,Ujungberung,21969,107.71437985000144,-6.911420300000724,Soekarno Hatta,0.0024232107542493,53.23551706010464
5458105771,19.88732772129856,Pasanggrahan,Ujungberung,21969,107.71441662806347,-6.911469183107232,Soekarno Hatta,0.0024232107542493,53.23551706010464
5458105771,24.26030768749373,Pasanggrahan,Ujungberung,21969,107.71445336656116,-6.911518050334593,Soekarno Hatta,0.0024232107542493,53.23551706010464
5456153761,26.649576757426267,Pasanggrahan,Ujungberung,21969,107.71449013882018,-6.911566916226445,Soekarno Hatta,0.0024232107542493,53.23551706010464
5456153761,20.39784908161982,Pasanggrahan,Ujungberung,21969,107.71452686656616,-6.911615800318614,Soekarno Hatta,0.0024232107542493,53.23551706010464
5456153761,14.609245573524468,Pasanggrahan,Ujungberung,21969,107.7145636334367,-6.911664699682854,Soekarno Hatta,0.0024232107542493,53.23551706010464
5458105772,9.869268730998998,Pasanggrahan,Ujungberung,21969,107.71467585000136,-6.911661850000685,Soekarno Hatta,0.0024232107542493,53.23551706010464
5456153761,10.119002591440646,Pasanggrahan,Ujungberung,21969,107.71460036656616,-6.911713600318646,Soekarno Hatta,0.0024232107542493,53.23551706010464
5456153762,11.409999124183198,Pasanggrahan,Ujungberung,21969,107.71463927364192,-6.912011317977874,Soekarno Hatta,0.0024232107542493,53.23551706010464
5456153762,16.642097297370558,Pasanggrahan,Ujungberung,21969,107.71460442636382,-6.911964982023596,Soekarno Hatta,0.0024232107542493,53.23551706010464
5456153761,13.515425015452283,Pasanggrahan,Ujungberung,21969,107.71456956558688,-6.911918602385193,Soekarno Hatta,0.0024232107542493,53.23551706010464
5456153761,8.895487606971678,Pasanggrahan,Ujungberung,21969,107.71453473442712,-6.911872247600245,Soekarno Hatta,0.0024232107542493,53.23551706010464
5456153761,7.613794730880484,Pasanggrahan,Ujungberung,21969,107.71449986558687,-6.911825902385186,Soekarno Hatta,0.0024232107542493,53.23551706010464
5456153761,10.915861544535057,Pasanggrahan,Ujungberung,21969,107.71446500806468,-6.9117795155784965,Soekarno Hatta,0.0024232107542493,53.23551706010464
5456153761,16.210120499838855,Pasanggrahan,Ujungberung,21969,107.7144301263638,-6.911733182023585,Soekarno Hatta,0.0024232107542493,53.23551706010464
5456153761,22.106437673587138,Pasanggrahan,Ujungberung,21969,107.71439527364193,-6.911686817977888,Soekarno Hatta,0.0024232107542493,53.23551706010464
7283768667,23.78977044918388,Pasanggrahan,Ujungberung,21969,107.71436042636384,-6.911640482023596,Soekarno Hatta,0.0024232107542493,53.23551706010464
7283768667,23.116385172040403,Pasanggrahan,Ujungberung,21969,107.71432556558688,-6.911594102385174,Soekarno Hatta,0.0024232107542493,53.23551706010464
7283768667,24.190620229230365,Pasanggrahan,Ujungberung,21969,107.71429073442714,-6.911547747600254,Soekarno Hatta,0.0024232107542493,53.23551706010464
7283768667,26.798869696966545,Pasanggrahan,Ujungberung,21969,107.71425586558688,-6.911501402385193,Soekarno Hatta,0.0024232107542493,53.23551706010464
7283768656,28.36251488168667,Pasanggrahan,Ujungberung,21969,107.7142210424883,-6.911455013177206,Soekarno Hatta,0.0024232107542493,53.23551706010464
7283768656,25.82156041733961,Pasanggrahan,Ujungberung,21969,107.71418615751745,-6.911408686824259,Soekarno Hatta,0.0024232107542493,53.23551706010464
7283768656,24.73612210311776,Pasanggrahan,Ujungberung,21969,107.71415134248832,-6.911362313177192,Soekarno Hatta,0.0024232107542493,53.23551706010464
7283768656,25.27588937988416,Pasanggrahan,Ujungberung,21969,107.71411645751743,-6.91131598682427,Soekarno Hatta,0.0024232107542493,53.23551706010464
5456153939,17.31824072644314,Pasanggrahan,Ujungberung,21969,107.7159927038649,-6.9108449664479314,Soekarno Hatta,0.0024232107542493,53.23551706010464
12009927659,10.940571888662042,Pasanggrahan,Ujungberung,21969,107.71590222002688,-6.910921517422427,Soekarno Hatta,0.0024232107542493,53.23551706010464
5456153939,10.998127007702848,Pasanggrahan,Ujungberung,21969,107.7160460000022,-6.91090755000118,Soekarno Hatta,0.0024232107542493,53.23551706010464
12009927660,12.751099112752849,Pasanggrahan,Ujungberung,21969,107.715956196455,-6.910983783535622,Soekarno Hatta,0.0024232107542493,53.23551706010464
12009927659,6.743565465282311,Pasanggrahan,Ujungberung,21969,107.7157758500006,-6.910988100000918,Soekarno Hatta,0.0024232107542493,53.23551706010464
12009927659,12.192767316547794,Pasanggrahan,Ujungberung,21969,107.7158214500006,-6.911042900000915,Soekarno Hatta,0.0024232107542493,53.23551706010464
6454315702,9.417007737066047,Pasanggrahan,Ujungberung,21969,107.71565957069151,-6.911009879621791,Soekarno Hatta,0.0024232107542493,53.23551706010464
6454315702,7.926464113464357,Pasanggrahan,Ujungberung,21969,107.71569703436568,-6.911050197273067,Soekarno Hatta,0.0024232107542493,53.23551706010464
6454315702,10.324762987269628,Pasanggrahan,Ujungberung,21969,107.71573255000231,-6.911093600000566,Soekarno Hatta,0.0024232107542493,53.23551706010464
6454315702,15.080159785978465,Pasanggrahan,Ujungberung,21969,107.71576807232611,-6.9111370183541005,Soekarno Hatta,0.0024232107542493,53.23551706010464
12009927660,7.49321419325221,Pasanggrahan,Ujungberung,21969,107.7158670500006,-6.911097700000904,Soekarno Hatta,0.0024232107542493,53.23551706010464
5456153935,12.500778780836796,Pasanggrahan,Ujungberung,21969,107.71580363436031,-6.911180447289929,Soekarno Hatta,0.0024232107542493,53.23551706010464
8775607535,10.553151903697254,Pasanggrahan,Ujungberung,21969,107.71546720389104,-6.911024577987828,Soekarno Hatta,0.0024232107542493,53.23551706010464
8775607535,10.089081822058215,Pasanggrahan,Ujungberung,21969,107.71550575000164,-6.911067950000676,Soekarno Hatta,0.0024232107542493,53.23551706010464
5458105767,12.40769811186702,Pasanggrahan,Ujungberung,21969,107.71536355000126,-6.911046100000743,Soekarno Hatta,0.0024232107542493,53.23551706010464
5458105767,18.492740738156865,Pasanggrahan,Ujungberung,21969,107.715403266627,-6.911096500158531,Soekarno Hatta,0.0024232107542493,53.23551706010464
5458105768,19.20627621764339,Pasanggrahan,Ujungberung,21969,107.71544300433295,-6.911146916630575,Soekarno Hatta,0.0024232107542493,53.23551706010464
6454315702,10.905935807568842,Pasanggrahan,Ujungberung,21969,107.71554330000166,-6.911115450000687,Soekarno Hatta,0.0024232107542493,53.23551706010464
5458105768,13.138806974969262,Pasanggrahan,Ujungberung,21969,107.71548272903962,-6.911197383228937,Soekarno Hatta,0.0024232107542493,53.23551706010464
5456153749,13.589624862787977,Pasanggrahan,Ujungberung,21969,107.71593684592486,-6.910734515000668,Soekarno Hatta,0.0024232107542493,53.23551706010464
5456153749,18.099268171000265,Pasanggrahan,Ujungberung,21969,107.7158929149961,-6.910771142498731,Soekarno Hatta,0.0024232107542493,53.23551706010464
12009927659,14.838630675346709,Pasanggrahan,Ujungberung,21969,107.71584899999758,-6.91080775000222,Soekarno Hatta,0.0024232107542493,53.23551706010464
5458105767,15.388037319063503,Pasanggrahan,Ujungberung,21969,107.71514340360493,-6.910936623451362,Soekarno Hatta,0.0024232107542493,53.23551706010464
5458105767,11.682303063696324,Pasanggrahan,Ujungberung,21969,107.71519524639945,-6.910933076548363,Soekarno Hatta,0.0024232107542493,53.23551706010464
5458105767,10.110758567772786,Pasanggrahan,Ujungberung,21969,107.71524710360492,-6.910929523451358,Soekarno Hatta,0.0024232107542493,53.23551706010464
5458105767,11.577636255447192,Pasanggrahan,Ujungberung,21969,107.71529894639944,-6.910925976548376,Soekarno Hatta,0.0024232107542493,53.23551706010464
5458105767,15.230241618071444,Pasanggrahan,Ujungberung,21969,107.71535080360492,-6.910922423451368,Soekarno Hatta,0.0024232107542493,53.23551706010464
8775607535,18.92884260668534,Pasanggrahan,Ujungberung,21969,107.715402669854,-6.910918857928791,Soekarno Hatta,0.0024232107542493,53.23551706010464
8775607535,14.205067351420364,Pasanggrahan,Ujungberung,21969,107.71545453014303,-6.910915342068442,Soekarno Hatta,0.0024232107542493,53.23551706010464
8775607535,10.557091331031032,Pasanggrahan,Ujungberung,21969,107.7155063963921,-6.910911776545891,Soekarno Hatta,0.0024232107542493,53.23551706010464
8775607535,9.33877446641593,Pasanggrahan,Ujungberung,21969,107.7155582535976,-6.910908223448872,Soekarno Hatta,0.0024232107542493,53.23551706010464
8775607535,11.35932842337354,Pasanggrahan,Ujungberung,21969,107.71561009639208,-6.9109046765459,Soekarno Hatta,0.0024232107542493,53.23551706010464
8775607535,15.393580486480229,Pasanggrahan,Ujungberung,21969,107.7156619535976,-6.910901123448894,Soekarno Hatta,0.0024232107542493,53.23551706010464
12009927659,9.933196783504505,Pasanggrahan,Ujungberung,21969,107.71580509999758,-6.910844350002215,Soekarno Hatta,0.0024232107542493,53.23551706010464
12009927659,10.774081902428522,Pasanggrahan,Ujungberung,21969,107.7157137963921,-6.910897576545886,Soekarno Hatta,0.0024232107542493,53.23551706010464
6454315702,12.884365581008538,Pasanggrahan,Ujungberung,21969,107.71563220549784,-6.911208712080577,Soekarno Hatta,0.0024232107542493,53.23551706010464
5458105768,14.19353165644988,Pasanggrahan,Ujungberung,21969,107.7156010864724,-6.911269041311743,Soekarno Hatta,0.0024232107542493,53.23551706010464
5458105768,9.75525251477332,Pasanggrahan,Ujungberung,21969,107.71556900216451,-6.911328693615709,Soekarno Hatta,0.0024232107542493,53.23551706010464
5458105768,9.360785534527734,Pasanggrahan,Ujungberung,21969,107.71553106634818,-6.911384806475742,Soekarno Hatta,0.0024232107542493,53.23551706010464
5458105768,13.054259468414246,Pasanggrahan,Ujungberung,21969,107.7154848730393,-6.911434014632113,Soekarno Hatta,0.0024232107542493,53.23551706010464
5458105768,18.516426729943035,Pasanggrahan,Ujungberung,21969,107.71543134946867,-6.911475667749836,Soekarno Hatta,0.0024232107542493,53.23551706010464
5456153771,11.334962067238465,Pasanggrahan,Ujungberung,21969,107.71543810456669,-6.911600257027224,Soekarno Hatta,0.0024232107542493,53.23551706010464
5456153771,19.14438092317167,Pasanggrahan,Ujungberung,21969,107.71550659356296,-6.911558084000498,Soekarno Hatta,0.0024232107542493,53.23551706010464
5458105768,23.38334358182224,Pasanggrahan,Ujungberung,21969,107.71556910776825,-6.911508489301893,Soekarno Hatta,0.0024232107542493,53.23551706010464
5458105768,21.56851975531913,Pasanggrahan,Ujungberung,21969,107.71562353113649,-6.9114498671959,Soekarno Hatta,0.0024232107542493,53.23551706010464
5456153935,17.99149336696932,Pasanggrahan,Ujungberung,21969,107.71566946428872,-6.911384057525015,Soekarno Hatta,0.0024232107542493,53.23551706010464
5456153770,12.897376564882384,Pasanggrahan,Ujungberung,21969,107.71537139999852,-6.911511809042993,Soekarno Hatta,0.0024232107542493,53.23551706010464
5456153935,10.732371225647633,Pasanggrahan,Ujungberung,21969,107.71570957592677,-6.911313550606368,Soekarno Hatta,0.0024232107542493,53.23551706010464
5458105768,9.282971215188086,Pasanggrahan,Ujungberung,21969,107.71539835000192,-6.911306200000463,Soekarno Hatta,0.0024232107542493,53.23551706010464
5458105768,13.919926556803684,Pasanggrahan,Ujungberung,21969,107.71536610000192,-6.911266350000474,Soekarno Hatta,0.0024232107542493,53.23551706010464
5458105768,19.12607495477687,Pasanggrahan,Ujungberung,21969,107.71533385000193,-6.911226450000495,Soekarno Hatta,0.0024232107542493,53.23551706010464
5458105767,19.094546663362024,Pasanggrahan,Ujungberung,21969,107.71530155000193,-6.911186550000466,Soekarno Hatta,0.0024232107542493,53.23551706010464
5458105767,14.053012393849334,Pasanggrahan,Ujungberung,21969,107.71526925000192,-6.91114670000049,Soekarno Hatta,0.0024232107542493,53.23551706010464
5458105767,9.736188897644029,Pasanggrahan,Ujungberung,21969,107.71523695000192,-6.911106850000489,Soekarno Hatta,0.0024232107542493,53.23551706010464
5456153772,17.63719113734955,Pasanggrahan,Ujungberung,21969,107.7149513472854,-6.91093029012089,Soekarno Hatta,0.0024232107542493,53.23551706010464
5456153772,24.33056655678869,Pasanggrahan,Ujungberung,21969,107.71499644250852,-6.910980262846539,Soekarno Hatta,0.0024232107542493,53.23551706010464
5458105767,23.866866761670355,Pasanggrahan,Ujungberung,21969,107.71503904200056,-6.911035934518059,Soekarno Hatta,0.0024232107542493,53.23551706010464
5458105767,20.645656421790083,Pasanggrahan,Ujungberung,21969,107.71508165000432,-6.911091550001037,Soekarno Hatta,0.0024232107542493,53.23551706010464
5458105767,20.07518417300513,Pasanggrahan,Ujungberung,21969,107.71512425000432,-6.9111471500010415,Soekarno Hatta,0.0024232107542493,53.23551706010464
5458105767,22.35798285802303,Pasanggrahan,Ujungberung,21969,107.7151668654835,-6.911202752653867,Soekarno Hatta,0.0024232107542493,53.23551706010464
5456153758,19.68162031514672,Pasanggrahan,Ujungberung,21969,107.71520950799402,-6.911258365485276,Soekarno Hatta,0.0024232107542493,53.23551706010464
5456153758,13.803826277690876,Pasanggrahan,Ujungberung,21969,107.71525212652983,-6.911314031876304,Soekarno Hatta,0.0024232107542493,53.23551706010464
5458105767,7.514224209893191,Pasanggrahan,Ujungberung,21969,107.71520465000192,-6.911066950000481,Soekarno Hatta,0.0024232107542493,53.23551706010464
5456153758,10.68404352469536,Pasanggrahan,Ujungberung,21969,107.71529475000428,-6.911369650001029,Soekarno Hatta,0.0024232107542493,53.23551706010464
8411678649,15.787486847660592,Pasanggrahan,Ujungberung,21969,107.71631244154884,-6.910923881026938,Soekarno Hatta,0.0024232107542493,53.23551706010464
8411678649,16.807519864376925,Pasanggrahan,Ujungberung,21969,107.71638142110989,-6.910924526573434,Soekarno Hatta,0.0024232107542493,53.23551706010464
8411678649,22.87427342176617,Pasanggrahan,Ujungberung,21969,107.71644685167726,-6.910898236358641,Soekarno Hatta,0.0024232107542493,53.23551706010464
11052060891,24.273658289747043,Pasanggrahan,Ujungberung,21969,107.71650945624484,-6.910860583611615,Soekarno Hatta,0.0024232107542493,53.23551706010464
11052060891,16.9377501974297,Pasanggrahan,Ujungberung,21969,107.71657206043916,-6.91082296407132,Soekarno Hatta,0.0024232107542493,53.23551706010464
11052060891,10.42982158435365,Pasanggrahan,Ujungberung,21969,107.71663761624464,-6.9107829425746825,Soekarno Hatta,0.0024232107542493,53.23551706010464
5456153939,10.988528693732707,Pasanggrahan,Ujungberung,21969,107.71622331191718,-6.910946503821002,Soekarno Hatta,0.0024232107542493,53.23551706010464
5456153939,11.652444827794692,Pasanggrahan,Ujungberung,21969,107.71616263274048,-6.910991021454622,Soekarno Hatta,0.0024232107542493,53.23551706010464
5456153939,17.556703855592087,Pasanggrahan,Ujungberung,21969,107.71610785577396,-6.911042113207931,Soekarno Hatta,0.0024232107542493,53.23551706010464
12009927660,13.638321466527811,Pasanggrahan,Ujungberung,21969,107.71605810729056,-6.911098597522953,Soekarno Hatta,0.0024232107542493,53.23551706010464
12009927660,10.428155665394744,Pasanggrahan,Ujungberung,21969,107.71600874098408,-6.911155472112156,Soekarno Hatta,0.0024232107542493,53.23551706010464
12009927660,13.525355927086585,Pasanggrahan,Ujungberung,21969,107.7159641033688,-6.911215653823473,Soekarno Hatta,0.0024232107542493,53.23551706010464
5456153935,13.392199257001325,Pasanggrahan,Ujungberung,21969,107.71592478094728,-6.911279415364362,Soekarno Hatta,0.0024232107542493,53.23551706010464
5456153935,10.61478433371026,Pasanggrahan,Ujungberung,21969,107.71588611466186,-6.911343873403322,Soekarno Hatta,0.0024232107542493,53.23551706010464
5456153935,13.575211548949753,Pasanggrahan,Ujungberung,21969,107.7158474293248,-6.911408317942545,Soekarno Hatta,0.0024232107542493,53.23551706010464
5456153935,19.858037925609644,Pasanggrahan,Ujungberung,21969,107.7158087755579,-6.911472784740518,Soekarno Hatta,0.0024232107542493,53.23551706010464
5456153935,27.061187055170542,Pasanggrahan,Ujungberung,21969,107.71576786689862,-6.91153516676458,Soekarno Hatta,0.0024232107542493,53.23551706010464
5456153935,34.31184455050105,Pasanggrahan,Ujungberung,21969,107.71571838420122,-6.91159125610865,Soekarno Hatta,0.0024232107542493,53.23551706010464
5456153771,29.491879737317035,Pasanggrahan,Ujungberung,21969,107.71566381787228,-6.911643197602167,Soekarno Hatta,0.0024232107542493,53.23551706010464
5456153771,22.536650603830303,Pasanggrahan,Ujungberung,21969,107.71560621011798,-6.91169109669431,Soekarno Hatta,0.0024232107542493,53.23551706010464
5456153771,15.835660976160325,Pasanggrahan,Ujungberung,21969,107.71554170540948,-6.911729805791087,Soekarno Hatta,0.0024232107542493,53.23551706010464
5456153771,32.706636843848834,Pasanggrahan,Ujungberung,21969,107.71519280191312,-6.911904690666249,Soekarno Hatta,0.0024232107542493,53.23551706010464
5456153771,10.187276148269811,Pasanggrahan,Ujungberung,21969,107.71544698190856,-6.9117769070101005,Soekarno Hatta,0.0024232107542493,53.23551706010464
5456153771,14.342736900152854,Pasanggrahan,Ujungberung,21969,107.71536224999856,-6.911819500001663,Soekarno Hatta,0.0024232107542493,53.23551706010464
5456153762,31.49398027933685,Pasanggrahan,Ujungberung,21969,107.7150233180885,-6.911989892993224,Soekarno Hatta,0.0024232107542493,53.23551706010464
5456153762,21.84640749083584,Pasanggrahan,Ujungberung,21969,107.71493858190856,-6.912032507010122,Soekarno Hatta,0.0024232107542493,53.23551706010464
5456153762,13.519456413967651,Pasanggrahan,Ujungberung,21969,107.71485384999852,-6.912075100001681,Soekarno Hatta,0.0024232107542493,53.23551706010464
5456153762,10.409236194920542,Pasanggrahan,Ujungberung,21969,107.71476911808853,-6.912117692993239,Soekarno Hatta,0.0024232107542493,53.23551706010464
5456153762,15.939542904647416,Pasanggrahan,Ujungberung,21969,107.7146843819086,-6.912160307010128,Soekarno Hatta,0.0024232107542493,53.23551706010464
5456153928,11.016115655307663,Pasanggrahan,Ujungberung,21969,107.71459964999856,-6.91220290000167,Soekarno Hatta,0.0024232107542493,53.23551706010464
5355818905,10.323443301434128,Pasanggrahan,Ujungberung,21969,107.71061315000472,-6.915469599999491,Soekarno Hatta,0.0024232107542493,53.23551706010464
5355818905,15.08449199076134,Pasanggrahan,Ujungberung,21969,107.71065655000471,-6.915506399999507,Soekarno Hatta,0.0024232107542493,53.23551706010464
5355818905,20.687022990905973,Pasanggrahan,Ujungberung,21969,107.71070000597824,-6.915543163781762,Soekarno Hatta,0.0024232107542493,53.23551706010464
5355818905,26.601718961680582,Pasanggrahan,Ujungberung,21969,107.71074345000471,-6.915579949999509,Soekarno Hatta,0.0024232107542493,53.23551706010464
5355818904,27.757094692139543,Pasanggrahan,Ujungberung,21969,107.71078684401346,-6.915616736228081,Soekarno Hatta,0.0024232107542493,53.23551706010464
5355818904,21.870610426840067,Pasanggrahan,Ujungberung,21969,107.71083025000472,-6.915653499999506,Soekarno Hatta,0.0024232107542493,53.23551706010464
5355818904,16.287049955513968,Cisurupan,Cibiru,15462,107.71087365000471,-6.915690299999515,Soekarno Hatta,0.0024232107542493,37.46768468220392
5355818904,12.148663401253732,Cisurupan,Cibiru,15462,107.71081260000406,-6.915862299999746,Soekarno Hatta,0.0024232107542493,37.46768468220392
5355818904,16.495930538550912,Pasanggrahan,Ujungberung,21969,107.7107687802649,-6.915824277474278,Soekarno Hatta,0.0024232107542493,53.23551706010464
5355818904,21.891545512947413,Pasanggrahan,Ujungberung,21969,107.71072491434155,-6.915786258186564,Soekarno Hatta,0.0024232107542493,53.23551706010464
5355818904,27.72292130490229,Pasanggrahan,Ujungberung,21969,107.71068110542038,-6.915748214332118,Soekarno Hatta,0.0024232107542493,53.23551706010464
5355818905,27.79184340529005,Pasanggrahan,Ujungberung,21969,107.71063725000408,-6.915710199999763,Soekarno Hatta,0.0024232107542493,53.23551706010464
5355818905,21.951685208131853,Pasanggrahan,Ujungberung,21969,107.71059339458776,-6.915672185667411,Soekarno Hatta,0.0024232107542493,53.23551706010464
5355818905,16.541246019180132,Pasanggrahan,Ujungberung,21969,107.71054959106414,-6.9156341061533775,Soekarno Hatta,0.0024232107542493,53.23551706010464
5355818904,11.468556195440494,Cisurupan,Cibiru,15462,107.71091706975868,-6.915727073228293,Soekarno Hatta,0.0024232107542493,37.46768468220392
5355818905,12.167585034446637,Pasanggrahan,Ujungberung,21969,107.71050571433868,-6.915596108203059,Soekarno Hatta,0.0024232107542493,53.23551706010464
5355818905,26.352387530087515,Pasanggrahan,Ujungberung,21969,107.7103718500054,-6.915672599999412,Soekarno Hatta,0.0024232107542493,53.23551706010464
5355818905,27.308726346748724,Pasanggrahan,Ujungberung,21969,107.7104150633474,-6.915709959868178,Soekarno Hatta,0.0024232107542493,53.23551706010464
5355818905,29.608663870046,Pasanggrahan,Ujungberung,21969,107.71045833665453,-6.9157472901499455,Soekarno Hatta,0.0024232107542493,53.23551706010464
5355818905,32.98129895615588,Pasanggrahan,Ujungberung,21969,107.7105015500054,-6.915784649999413,Soekarno Hatta,0.0024232107542493,53.23551706010464
5355818906,33.567143073055405,Pasanggrahan,Ujungberung,21969,107.71054475000538,-6.915821999999413,Soekarno Hatta,0.0024232107542493,53.23551706010464
5355818906,27.581386118054848,Pasanggrahan,Ujungberung,21969,107.7105879500054,-6.915859349999425,Soekarno Hatta,0.0024232107542493,53.23551706010464
5355818906,21.78383930731359,Pasanggrahan,Ujungberung,21969,107.71063115000538,-6.915896699999429,Soekarno Hatta,0.0024232107542493,53.23551706010464
5355818906,16.37403239944547,Pasanggrahan,Ujungberung,21969,107.7106743567552,-6.915934063339066,Soekarno Hatta,0.0024232107542493,53.23551706010464
5355818906,11.533390442768484,Pasanggrahan,Ujungberung,21969,107.71060595000456,-6.916104549999531,Soekarno Hatta,0.0024232107542493,53.23551706010464
5355818906,16.065970704178238,Pasanggrahan,Ujungberung,21969,107.71056204428848,-6.916067436031778,Soekarno Hatta,0.0024232107542493,53.23551706010464
5355818906,21.53755648678184,Pasanggrahan,Ujungberung,21969,107.71051820573808,-6.916030263956968,Soekarno Hatta,0.0024232107542493,53.23551706010464
5355818906,27.394367847290827,Pasanggrahan,Ujungberung,21969,107.71047435000456,-6.9159931499995535,Soekarno Hatta,0.0024232107542493,53.23551706010464
5355818906,33.438949542806284,Pasanggrahan,Ujungberung,21969,107.71043044428846,-6.915956036031794,Soekarno Hatta,0.0024232107542493,53.23551706010464
5355818906,39.5836346686501,Pasanggrahan,Ujungberung,21969,107.71038655572065,-6.915918863967344,Soekarno Hatta,0.0024232107542493,53.23551706010464
5355818906,45.78649284341355,Pasanggrahan,Ujungberung,21969,107.71034265000456,-6.915881749999547,Soekarno Hatta,0.0024232107542493,53.23551706010464
5355818911,41.360412520088055,Pasanggrahan,Ujungberung,21969,107.71029874428844,-6.915844636031772,Soekarno Hatta,0.0024232107542493,53.23551706010464
5355818906,11.894964842271884,Pasanggrahan,Ujungberung,21969,107.71071755662064,-6.915971446502241,Soekarno Hatta,0.0024232107542493,53.23551706010464
5355818911,36.97396347292345,Pasanggrahan,Ujungberung,21969,107.71025490573808,-6.915807463956977,Soekarno Hatta,0.0024232107542493,53.23551706010464
5355818911,27.527025847206986,Pasanggrahan,Ujungberung,21969,107.71016844443037,-6.915915535635914,Soekarno Hatta,0.0024232107542493,53.23551706010464
5355818911,33.877343519306656,Pasanggrahan,Ujungberung,21969,107.71021631436224,-6.915958057858106,Soekarno Hatta,0.0024232107542493,53.23551706010464
5355818911,40.47141284679125,Pasanggrahan,Ujungberung,21969,107.710264191218,-6.916000556519165,Soekarno Hatta,0.0024232107542493,53.23551706010464
5355818906,43.84604748398326,Pasanggrahan,Ujungberung,21969,107.710312014365,-6.91604310784315,Soekarno Hatta,0.0024232107542493,53.23551706010464
5355818906,38.38574663294964,Pasanggrahan,Ujungberung,21969,107.71035988564476,-6.916085592156434,Soekarno Hatta,0.0024232107542493,53.23551706010464
5355818906,33.53936044880417,Pasanggrahan,Ujungberung,21969,107.71040774443036,-6.916128135635924,Soekarno Hatta,0.0024232107542493,53.23551706010464
5355818906,29.60674390795185,Pasanggrahan,Ujungberung,21969,107.71045561436225,-6.9161706578581,Soekarno Hatta,0.0024232107542493,53.23551706010464
6454185414,42.59659588832506,Pasanggrahan,Ujungberung,21969,107.71036090506132,-6.916343614732197,Soekarno Hatta,0.0024232107542493,53.23551706010464
6454185414,42.68833548740432,Pasanggrahan,Ujungberung,21969,107.71031523021544,-6.91630277814837,Soekarno Hatta,0.0024232107542493,53.23551706010464
6454185414,43.84440596782883,Pasanggrahan,Ujungberung,21969,107.71026955000389,-6.916261899999936,Soekarno Hatta,0.0024232107542493,53.23551706010464
6454185414,45.97814866135844,Pasanggrahan,Ujungberung,21969,107.71022386473274,-6.916221057121628,Soekarno Hatta,0.0024232107542493,53.23551706010464
5355818911,44.9081879771513,Pasanggrahan,Ujungberung,21969,107.71017820000388,-6.916180199999967,Soekarno Hatta,0.0024232107542493,53.23551706010464
5355818911,38.237214155433705,Pasanggrahan,Ujungberung,21969,107.71013250506132,-6.916139314732189,Soekarno Hatta,0.0024232107542493,53.23551706010464
5355818911,31.61817694106236,Pasanggrahan,Ujungberung,21969,107.71008679494643,-6.916098485267733,Soekarno Hatta,0.0024232107542493,53.23551706010464
5355818906,26.990061779544583,Pasanggrahan,Ujungberung,21969,107.710503491218,-6.916213156519162,Soekarno Hatta,0.0024232107542493,53.23551706010464
5355818911,25.08398880860519,Pasanggrahan,Ujungberung,21969,107.71004114033126,-6.916057607609447,Soekarno Hatta,0.0024232107542493,53.23551706010464
5355818900,12.157645741435632,Pasanggrahan,Ujungberung,21969,107.71056700000314,-6.915041899999724,Soekarno Hatta,0.0024232107542493,53.23551706010464
5355818900,16.70375679605263,Pasanggrahan,Ujungberung,21969,107.71060420557124,-6.915073514100916,Soekarno Hatta,0.0024232107542493,53.23551706010464
5355818900,21.646035788688906,Pasanggrahan,Ujungberung,21969,107.71064140000313,-6.915105149999716,Soekarno Hatta,0.0024232107542493,53.23551706010464
5355818900,26.76645342163121,Pasanggrahan,Ujungberung,21969,107.71067859443504,-6.915136785898547,Soekarno Hatta,0.0024232107542493,53.23551706010464
5355818902,30.286679095134847,Pasanggrahan,Ujungberung,21969,107.7107158359052,-6.915168391127381,Soekarno Hatta,0.0024232107542493,53.23551706010464
5355818902,34.12216590183433,Pasanggrahan,Ujungberung,21969,107.71075306410108,-6.915200008872072,Soekarno Hatta,0.0024232107542493,53.23551706010464
5355818902,38.336336433753765,Pasanggrahan,Ujungberung,21969,107.71079030557124,-6.915231614100899,Soekarno Hatta,0.0024232107542493,53.23551706010464
5355818905,41.95315457995876,Pasanggrahan,Ujungberung,21969,107.71082750000312,-6.915263249999733,Soekarno Hatta,0.0024232107542493,53.23551706010464
5355818905,43.5205166699105,Pasanggrahan,Ujungberung,21969,107.71086469443505,-6.915294885898549,Soekarno Hatta,0.0024232107542493,53.23551706010464
5355818901,38.248123228834736,Pasanggrahan,Ujungberung,21969,107.71090190000314,-6.915326499999727,Soekarno Hatta,0.0024232107542493,53.23551706010464
5355818901,32.99127476924191,Pasanggrahan,Ujungberung,21969,107.71093910000316,-6.915358099999725,Soekarno Hatta,0.0024232107542493,53.23551706010464
5355818901,27.784591218018544,Pasanggrahan,Ujungberung,21969,107.71097635555074,-6.915389714112719,Soekarno Hatta,0.0024232107542493,53.23551706010464
5355818901,22.669537758907538,Pasanggrahan,Ujungberung,21969,107.71101360000311,-6.91542134999972,Soekarno Hatta,0.0024232107542493,53.23551706010464
5355818901,17.730056905988192,Pasanggrahan,Ujungberung,21969,107.71105079443502,-6.915452985898535,Soekarno Hatta,0.0024232107542493,53.23551706010464
5355818901,13.1610926986387,Pasanggrahan,Ujungberung,21969,107.71108800000312,-6.915484599999727,Soekarno Hatta,0.0024232107542493,53.23551706010464
5355818902,8.875211866583149,Pasanggrahan,Ujungberung,21969,107.71078435000358,-6.9148663999996085,Soekarno Hatta,0.0024232107542493,53.23551706010464
5355818902,12.29961441704786,Pasanggrahan,Ujungberung,21969,107.71082048651476,-6.914897290221701,Soekarno Hatta,0.0024232107542493,53.23551706010464
5355818902,16.706236317331886,Pasanggrahan,Ujungberung,21969,107.71085661349242,-6.91492820977754,Soekarno Hatta,0.0024232107542493,53.23551706010464
5355818902,21.50017032982068,Pasanggrahan,Ujungberung,21969,107.71089275000358,-6.914959099999612,Soekarno Hatta,0.0024232107542493,53.23551706010464
7300984397,22.93723693739422,Pasanggrahan,Ujungberung,21969,107.71092885646078,-6.914989963481742,Soekarno Hatta,0.0024232107542493,53.23551706010464
7300984397,24.3088745981828,Pasanggrahan,Ujungberung,21969,107.7109649435464,-6.915020836517476,Soekarno Hatta,0.0024232107542493,53.23551706010464
7300984397,26.66020858282953,Pasanggrahan,Ujungberung,21969,107.71100108651471,-6.915051690221677,Soekarno Hatta,0.0024232107542493,53.23551706010464
7300984397,29.771117411575,Pasanggrahan,Ujungberung,21969,107.71103721349245,-6.915082609777522,Soekarno Hatta,0.0024232107542493,53.23551706010464
7300984397,33.421693207317915,Pasanggrahan,Ujungberung,21969,107.71107335000356,-6.915113499999585,Soekarno Hatta,0.0024232107542493,53.23551706010464
5355818903,34.25745679650645,Pasanggrahan,Ujungberung,21969,107.71110945000358,-6.915144399999603,Soekarno Hatta,0.0024232107542493,53.23551706010464
5355818903,29.17908807935918,Pasanggrahan,Ujungberung,21969,107.71114555000358,-6.915175299999601,Soekarno Hatta,0.0024232107542493,53.23551706010464
5355818903,24.176044697154047,Pasanggrahan,Ujungberung,21969,107.71118168651476,-6.915206190221687,Soekarno Hatta,0.0024232107542493,53.23551706010464
5355818903,19.310450895583628,Pasanggrahan,Ujungberung,21969,107.71121781994523,-6.915237073264712,Soekarno Hatta,0.0024232107542493,53.23551706010464
5355818903,14.71996407180657,Pasanggrahan,Ujungberung,21969,107.71125394354638,-6.915267936517476,Soekarno Hatta,0.0024232107542493,53.23551706010464
5355818901,10.922985866279104,Cisurupan,Cibiru,15462,107.71101625000414,-6.915625699999695,Soekarno Hatta,0.0024232107542493,37.46768468220392
5355818901,15.69689698447895,Cisurupan,Cibiru,15462,107.71097065000411,-6.915587199999679,Soekarno Hatta,0.0024232107542493,37.46768468220392
5355818901,21.46118645256743,Pasanggrahan,Ujungberung,21969,107.71092505000414,-6.915548749999692,Soekarno Hatta,0.0024232107542493,53.23551706010464
5355818901,27.601655226030463,Pasanggrahan,Ujungberung,21969,107.71087945000411,-6.915510299999696,Soekarno Hatta,0.0024232107542493,53.23551706010464
5355818901,33.91691982581365,Pasanggrahan,Ujungberung,21969,107.71083385000414,-6.9154717999997,Soekarno Hatta,0.0024232107542493,53.23551706010464
5355818905,30.100049080161487,Pasanggrahan,Ujungberung,21969,107.71078825000411,-6.915433299999672,Soekarno Hatta,0.0024232107542493,53.23551706010464
5355818905,26.5115570293122,Pasanggrahan,Ujungberung,21969,107.71074265000414,-6.915394849999701,Soekarno Hatta,0.0024232107542493,53.23551706010464
5355818905,24.223773164816382,Pasanggrahan,Ujungberung,21969,107.71069705000411,-6.915356399999697,Soekarno Hatta,0.0024232107542493,53.23551706010464
5355818905,23.62215044979329,Pasanggrahan,Ujungberung,21969,107.71065145000412,-6.915317899999693,Soekarno Hatta,0.0024232107542493,53.23551706010464
5355818901,9.51023613980866,Pasanggrahan,Ujungberung,21969,107.71112520000314,-6.91551619999973,Soekarno Hatta,0.0024232107542493,53.23551706010464
5355818905,24.82728088964487,Pasanggrahan,Ujungberung,21969,107.71060585000411,-6.915279399999704,Soekarno Hatta,0.0024232107542493,53.23551706010464
5355818902,9.407216976443474,Pasanggrahan,Ujungberung,21969,107.7106496000026,-6.9149553499998095,Soekarno Hatta,0.0024232107542493,53.23551706010464
5355818902,10.43148324418462,Pasanggrahan,Ujungberung,21969,107.71068605000262,-6.914986149999827,Soekarno Hatta,0.0024232107542493,53.23551706010464
5355818902,13.592965602425744,Pasanggrahan,Ujungberung,21969,107.71072250492234,-6.915016914509834,Soekarno Hatta,0.0024232107542493,53.23551706010464
5355818902,17.79025255683383,Pasanggrahan,Ujungberung,21969,107.71075898549589,-6.915047691765509,Soekarno Hatta,0.0024232107542493,53.23551706010464
5355818902,22.450898230950752,Pasanggrahan,Ujungberung,21969,107.71079541450932,-6.91507850823412,Soekarno Hatta,0.0024232107542493,53.23551706010464
5355818902,27.33782916640474,Pasanggrahan,Ujungberung,21969,107.7108319000026,-6.915109299999799,Soekarno Hatta,0.0024232107542493,53.23551706010464
5355818902,32.349021897520835,Pasanggrahan,Ujungberung,21969,107.71086838549589,-6.91514009176552,Soekarno Hatta,0.0024232107542493,53.23551706010464
5355818902,37.43160554096653,Pasanggrahan,Ujungberung,21969,107.7109048095639,-6.915170893754085,Soekarno Hatta,0.0024232107542493,53.23551706010464
5355818902,42.56192952420065,Pasanggrahan,Ujungberung,21969,107.7109413000026,-6.91520164999982,Soekarno Hatta,0.0024232107542493,53.23551706010464
5355818903,38.978990029059965,Pasanggrahan,Ujungberung,21969,107.7109777500026,-6.915232449999832,Soekarno Hatta,0.0024232107542493,53.23551706010464
5355818903,33.84667372802906,Pasanggrahan,Ujungberung,21969,107.71101420492236,-6.915263214509823,Soekarno Hatta,0.0024232107542493,53.23551706010464
5355818903,28.76358111962945,Pasanggrahan,Ujungberung,21969,107.71105068549588,-6.9152939917655445,Soekarno Hatta,0.0024232107542493,53.23551706010464
5355818903,23.77046028364068,Pasanggrahan,Ujungberung,21969,107.71108711450933,-6.915324808234128,Soekarno Hatta,0.0024232107542493,53.23551706010464
5355818903,18.92737127063218,Pasanggrahan,Ujungberung,21969,107.7111236000026,-6.915355599999825,Soekarno Hatta,0.0024232107542493,53.23551706010464
5355818903,14.399826697036897,Pasanggrahan,Ujungberung,21969,107.7111600500026,-6.91538639999981,Soekarno Hatta,0.0024232107542493,53.23551706010464
5355818903,10.757043350607102,Pasanggrahan,Ujungberung,21969,107.71129005000358,-6.915298799999622,Soekarno Hatta,0.0024232107542493,53.23551706010464
5355818903,10.592718104557424,Pasanggrahan,Ujungberung,21969,107.71119649508286,-6.915417185489823,Soekarno Hatta,0.0024232107542493,53.23551706010464
5355818903,23.16309139086092,Pasanggrahan,Ujungberung,21969,107.7113695867077,-6.915202440193521,Soekarno Hatta,0.0024232107542493,53.23551706010464
5355818903,25.154378724544163,Pasanggrahan,Ujungberung,21969,107.71133641331043,-6.915173509780748,Soekarno Hatta,0.0024232107542493,53.23551706010464
5355818903,27.86686879784034,Pasanggrahan,Ujungberung,21969,107.71130325000324,-6.91514454999968,Soekarno Hatta,0.0024232107542493,53.23551706010464
5355818903,31.10324264953876,Pasanggrahan,Ujungberung,21969,107.71127010000323,-6.915115649999676,Soekarno Hatta,0.0024232107542493,53.23551706010464
5355818903,34.72177212429687,Pasanggrahan,Ujungberung,21969,107.71123695000324,-6.91508674999967,Soekarno Hatta,0.0024232107542493,53.23551706010464
7300984397,32.66948012902991,Pasanggrahan,Ujungberung,21969,107.711203786696,-6.915057790218592,Soekarno Hatta,0.0024232107542493,53.23551706010464
7300984397,27.986827070056403,Pasanggrahan,Ujungberung,21969,107.71117061329872,-6.91502885980582,Soekarno Hatta,0.0024232107542493,53.23551706010464
7300984397,23.38311856602628,Pasanggrahan,Ujungberung,21969,107.71113745000324,-6.914999949999663,Soekarno Hatta,0.0024232107542493,53.23551706010464
7300984397,18.908293649755606,Pasanggrahan,Ujungberung,21969,107.71110429358492,-6.914971003494601,Soekarno Hatta,0.0024232107542493,53.23551706010464
7300984397,14.68989356671243,Pasanggrahan,Ujungberung,21969,107.71107110642151,-6.914942096504735,Soekarno Hatta,0.0024232107542493,53.23551706010464
7300984397,11.016034360971002,Pasanggrahan,Ujungberung,21969,107.7110379867077,-6.914913140193528,Soekarno Hatta,0.0024232107542493,53.23551706010464
6608982092,126.04810213923,Cisaranten Kidul,Gedebage,22102,107.69382561674328,-6.958088316491403,Soekarno Hatta,0.0024232107542493,53.5578040904198
6608982092,118.53569180465752,Cisaranten Kidul,Gedebage,22102,107.69390838325374,-6.958073483508352,Soekarno Hatta,0.0024232107542493,53.5578040904198
6608982092,111.29340947847176,Cisaranten Kidul,Gedebage,22102,107.6939911499985,-6.958058649999892,Soekarno Hatta,0.0024232107542493,53.5578040904198
6608982092,104.37749856169422,Cisaranten Kidul,Gedebage,22102,107.69407391674328,-6.958043816491396,Soekarno Hatta,0.0024232107542493,53.5578040904198
6608982092,97.8571667054201,Cisaranten Kidul,Gedebage,22102,107.69415668325372,-6.958028983508362,Soekarno Hatta,0.0024232107542493,53.5578040904198
6608982092,91.81675596910222,Cisaranten Kidul,Gedebage,22102,107.69423944999852,-6.958014149999883,Soekarno Hatta,0.0024232107542493,53.5578040904198
6608982092,86.35701986704854,Cisaranten Kidul,Gedebage,22102,107.69432221674327,-6.95799931649142,Soekarno Hatta,0.0024232107542493,53.5578040904198
7216077733,102.55774001386492,Cisaranten Kidul,Gedebage,22102,107.69393833362317,-6.958658482771528,Soekarno Hatta,0.0024232107542493,53.5578040904198
6608982092,91.90201508464187,Cisaranten Kidul,Gedebage,22102,107.69403406637451,-6.958642517228795,Soekarno Hatta,0.0024232107542493,53.5578040904198
6608982092,81.19632093954363,Cisaranten Kidul,Gedebage,22102,107.69412982784137,-6.958626560604382,Soekarno Hatta,0.0024232107542493,53.5578040904198
6608982092,70.50112408546852,Cisaranten Kidul,Gedebage,22102,107.69422557215633,-6.958610539395938,Soekarno Hatta,0.0024232107542493,53.5578040904198
6608965052,104.89403435385172,Cisaranten Kidul,Gedebage,22102,107.69380549999931,-6.9586840500005325,Soekarno Hatta,0.0024232107542493,53.5578040904198
6608965052,93.89470860364892,Cisaranten Kidul,Gedebage,22102,107.6937071779342,-6.958701409632114,Soekarno Hatta,0.0024232107542493,53.5578040904198
6608965052,82.9029796551176,Cisaranten Kidul,Gedebage,22102,107.69360882207069,-6.958718740364867,Soekarno Hatta,0.0024232107542493,53.5578040904198
6608982092,61.623702665297095,Cisaranten Kidul,Gedebage,22102,107.69431714999789,-6.95844414999947,Soekarno Hatta,0.0024232107542493,53.5578040904198
6608982092,70.3547553445016,Cisaranten Kidul,Gedebage,22102,107.69423404536592,-6.958458028057853,Soekarno Hatta,0.0024232107542493,53.5578040904198
6608982092,79.2130779115332,Cisaranten Kidul,Gedebage,22102,107.69415099999786,-6.958471899999456,Soekarno Hatta,0.0024232107542493,53.5578040904198
6608982092,88.16468665319451,Cisaranten Kidul,Gedebage,22102,107.69406795462984,-6.958485771941055,Soekarno Hatta,0.0024232107542493,53.5578040904198
6608982092,97.18477917262771,Cisaranten Kidul,Gedebage,22102,107.69398489999786,-6.958499649999455,Soekarno Hatta,0.0024232107542493,53.5578040904198
6608965052,106.17366283335848,Cisaranten Kidul,Gedebage,22102,107.69379004999792,-6.958529549999607,Soekarno Hatta,0.0024232107542493,53.5578040904198
6608965052,97.3119706727387,Cisaranten Kidul,Gedebage,22102,107.69371104999792,-6.95854424999962,Soekarno Hatta,0.0024232107542493,53.5578040904198
6608965052,88.45518775862544,Cisaranten Kidul,Gedebage,22102,107.69363204999794,-6.958558949999621,Soekarno Hatta,0.0024232107542493,53.5578040904198
6608965052,79.60232618702419,Cisaranten Kidul,Gedebage,22102,107.69355302161252,-6.95857363715669,Soekarno Hatta,0.0024232107542493,53.5578040904198
6608965052,58.55672770707137,Cisaranten Kidul,Gedebage,22102,107.69336519999806,-6.958609999999693,Soekarno Hatta,0.0024232107542493,53.5578040904198
6608965052,49.165164282923016,Cisaranten Kidul,Gedebage,22102,107.69328069999806,-6.958625099999681,Soekarno Hatta,0.0024232107542493,53.5578040904198
6608965052,48.16263128096448,Cisaranten Kidul,Gedebage,22102,107.69329652186444,-6.958775490304168,Soekarno Hatta,0.0024232107542493,53.5578040904198
6608965046,47.13711302600753,Cisaranten Kidul,Gedebage,22102,107.69307304999812,-6.9583709499996695,Soekarno Hatta,0.0024232107542493,53.5578040904198
6608965046,55.270789820954,Cisaranten Kidul,Gedebage,22102,107.69315354526692,-6.958356628203305,Soekarno Hatta,0.0024232107542493,53.5578040904198
6608965052,62.924802840908825,Cisaranten Kidul,Gedebage,22102,107.69323399999811,-6.95834229999966,Soekarno Hatta,0.0024232107542493,53.5578040904198
6608965052,113.00890804190442,Cisaranten Kidul,Gedebage,22102,107.69374115483366,-6.958252771561091,Soekarno Hatta,0.0024232107542493,53.5578040904198
6608965052,104.36457348529927,Cisaranten Kidul,Gedebage,22102,107.69365934999824,-6.958268749999862,Soekarno Hatta,0.0024232107542493,53.5578040904198
6608965052,95.8243927369993,Cisaranten Kidul,Gedebage,22102,107.6935775235896,-6.958284740342578,Soekarno Hatta,0.0024232107542493,53.5578040904198
6608965052,87.4246922484107,Cisaranten Kidul,Gedebage,22102,107.69349569999824,-6.958300699999849,Soekarno Hatta,0.0024232107542493,53.5578040904198
6608982092,73.68733913705404,Cisaranten Kidul,Gedebage,22102,107.6943453499981,-6.9581425499997325,Soekarno Hatta,0.0024232107542493,53.5578040904198
6608982092,79.98918195492274,Cisaranten Kidul,Gedebage,22102,107.69426297829136,-6.9581577622941095,Soekarno Hatta,0.0024232107542493,53.5578040904198
6608982092,86.82410802004772,Cisaranten Kidul,Gedebage,22102,107.69418062170486,-6.958172937705341,Soekarno Hatta,0.0024232107542493,53.5578040904198
6608982092,94.0746857372077,Cisaranten Kidul,Gedebage,22102,107.69409824999812,-6.958188149999721,Soekarno Hatta,0.0024232107542493,53.5578040904198
6608982092,101.65471185913056,Cisaranten Kidul,Gedebage,22102,107.69401585476706,-6.958203371700039,Soekarno Hatta,0.0024232107542493,53.5578040904198
6608982092,109.49514404587954,Cisaranten Kidul,Gedebage,22102,107.6939334499981,-6.958218599999741,Soekarno Hatta,0.0024232107542493,53.5578040904198
6608965046,88.47581116046729,Cisaranten Kidul,Gedebage,22102,107.69339054999816,-6.958171599999744,Soekarno Hatta,0.0024232107542493,53.5578040904198
6608965052,95.86923867522346,Cisaranten Kidul,Gedebage,22102,107.69347129523923,-6.9581564283466975,Soekarno Hatta,0.0024232107542493,53.5578040904198
6608965052,103.47611300701556,Cisaranten Kidul,Gedebage,22102,107.69355205474989,-6.958141271650047,Soekarno Hatta,0.0024232107542493,53.5578040904198
6608965052,111.300768095764,Cisaranten Kidul,Gedebage,22102,107.6936327499982,-6.958126099999752,Soekarno Hatta,0.0024232107542493,53.5578040904198
6608965046,50.66812476096903,Cisaranten Kidul,Gedebage,22102,107.69298109999907,-6.9582465000004285,Soekarno Hatta,0.0024232107542493,53.5578040904198
6608965046,58.70522755188438,Cisaranten Kidul,Gedebage,22102,107.69307932189488,-6.9582281900866825,Soekarno Hatta,0.0024232107542493,53.5578040904198
6608965046,67.5997772616169,Cisaranten Kidul,Gedebage,22102,107.69317757207196,-6.958209888015339,Soekarno Hatta,0.0024232107542493,53.5578040904198
6608965046,96.3782902034515,Cisaranten Kidul,Gedebage,22102,107.69322239416611,-6.9579105778548405,Soekarno Hatta,0.0024232107542493,53.5578040904198
6608965046,89.00355982827244,Cisaranten Kidul,Gedebage,22102,107.69312149999875,-6.957927550000241,Soekarno Hatta,0.0024232107542493,53.5578040904198
6608965046,82.52262250306914,Cisaranten Kidul,Gedebage,22102,107.69302057213876,-6.9579445394945685,Soekarno Hatta,0.0024232107542493,53.5578040904198
6608965046,136.121693492398,Cisaranten Kidul,Gedebage,22102,107.69366777390512,-6.957828241307188,Soekarno Hatta,0.0024232107542493,53.5578040904198
6608965046,128.30117903768357,Cisaranten Kidul,Gedebage,22102,107.69358622609036,-6.957843358691934,Soekarno Hatta,0.0024232107542493,53.5578040904198
6608965046,120.66423380691218,Cisaranten Kidul,Gedebage,22102,107.69350467839384,-6.95785856290631,Soekarno Hatta,0.0024232107542493,53.5578040904198
6608965046,113.2583999220828,Cisaranten Kidul,Gedebage,22102,107.69342314999776,-6.95787374999956,Soekarno Hatta,0.0024232107542493,53.5578040904198
6608982092,118.02256207976336,Cisaranten Kidul,Gedebage,22102,107.69418589537976,-6.957738128243344,Soekarno Hatta,0.0024232107542493,53.5578040904198
6608982092,122.77299290474834,Cisaranten Kidul,Gedebage,22102,107.69410387823258,-6.957752762759359,Soekarno Hatta,0.0024232107542493,53.5578040904198
6608982092,128.01506029067278,Cisaranten Kidul,Gedebage,22102,107.6940218217578,-6.957767387244711,Soekarno Hatta,0.0024232107542493,53.5578040904198
6608982092,133.68208882362094,Cisaranten Kidul,Gedebage,22102,107.6939397999979,-6.95778204999959,Soekarno Hatta,0.0024232107542493,53.5578040904198
6608982092,139.72784165946703,Cisaranten Kidul,Gedebage,22102,107.69385780461606,-6.957796671755822,Soekarno Hatta,0.0024232107542493,53.5578040904198
6608982092,106.11808887310038,Cisaranten Kidul,Gedebage,22102,107.69446007399016,-6.957692791825156,Soekarno Hatta,0.0024232107542493,53.5578040904198
6608982092,108.8200122363995,Cisaranten Kidul,Gedebage,22102,107.69437780432868,-6.95770742168685,Soekarno Hatta,0.0024232107542493,53.5578040904198
6608982089,102.77032565404768,Cisaranten Kidul,Gedebage,22102,107.69448027775618,-6.957535810520684,Soekarno Hatta,0.0024232107542493,53.5578040904198
6608982089,112.38961038490328,Cisaranten Kidul,Gedebage,22102,107.6943811558781,-6.957551872248481,Soekarno Hatta,0.0024232107542493,53.5578040904198
6608965046,156.5307259826813,Cisaranten Kidul,Gedebage,22102,107.693764399999,-6.95766035000036,Soekarno Hatta,0.0024232107542493,53.5578040904198
6608982092,150.3212443081736,Cisaranten Kidul,Gedebage,22102,107.69386202201986,-6.95764303982666,Soekarno Hatta,0.0024232107542493,53.5578040904198
6608982092,143.94306976180673,Cisaranten Kidul,Gedebage,22102,107.69395967797811,-6.957625760174034,Soekarno Hatta,0.0024232107542493,53.5578040904198
6608982092,138.14727646302669,Cisaranten Kidul,Gedebage,22102,107.69405729999896,-6.957608450000345,Soekarno Hatta,0.0024232107542493,53.5578040904198
6608965046,143.88681484766613,Cisaranten Kidul,Gedebage,22102,107.69362709404052,-6.957685127848976,Soekarno Hatta,0.0024232107542493,53.5578040904198
6608965046,135.41636038309355,Cisaranten Kidul,Gedebage,22102,107.6935303059575,-6.957701472151575,Soekarno Hatta,0.0024232107542493,53.5578040904198
6608965046,127.30576498687984,Cisaranten Kidul,Gedebage,22102,107.69343349404052,-6.9577178278489855,Soekarno Hatta,0.0024232107542493,53.5578040904198
6608965046,109.45828963628652,Cisaranten Kidul,Gedebage,22102,107.69319630668362,-6.9577579721371166,Soekarno Hatta,0.0024232107542493,53.5578040904198
6608965046,102.82572630340027,Cisaranten Kidul,Gedebage,22102,107.69309302212793,-6.957775940840353,Soekarno Hatta,0.0024232107542493,53.5578040904198
6608965046,97.12666537309713,Cisaranten Kidul,Gedebage,22102,107.69298977118912,-6.957793937035259,Soekarno Hatta,0.0024232107542493,53.5578040904198
6608965073,101.0278792387614,Cisaranten Kidul,Gedebage,22102,107.69315269999868,-6.957417500000368,Soekarno Hatta,0.0024232107542493,53.5578040904198
6608965073,92.42276293822113,Cisaranten Kidul,Gedebage,22102,107.69305409999868,-6.957436800000351,Soekarno Hatta,0.0024232107542493,53.5578040904198
6608965073,84.40815730018412,Cisaranten Kidul,Gedebage,22102,107.69295552828824,-6.957456110323488,Soekarno Hatta,0.0024232107542493,53.5578040904198
6608965073,141.93019401276268,Cisaranten Kidul,Gedebage,22102,107.69357374999863,-6.957341500000279,Soekarno Hatta,0.0024232107542493,53.5578040904198
6608965073,131.80941150352646,Cisaranten Kidul,Gedebage,22102,107.69347349999865,-6.957359800000267,Soekarno Hatta,0.0024232107542493,53.5578040904198
6608965073,121.89035386618175,Cisaranten Kidul,Gedebage,22102,107.69337324999864,-6.957378100000277,Soekarno Hatta,0.0024232107542493,53.5578040904198
6608982087,115.3957929869169,Cisaranten Kidul,Gedebage,22102,107.69410079999857,-6.957254400000193,Soekarno Hatta,0.0024232107542493,53.5578040904198
6608982087,125.43902216547316,Cisaranten Kidul,Gedebage,22102,107.69400049999857,-6.957272500000211,Soekarno Hatta,0.0024232107542493,53.5578040904198
6608982087,135.6798250475183,Cisaranten Kidul,Gedebage,22102,107.69390014999856,-6.957290600000221,Soekarno Hatta,0.0024232107542493,53.5578040904198
6608982087,146.07323452036474,Cisaranten Kidul,Gedebage,22102,107.69379979999856,-6.957308700000213,Soekarno Hatta,0.0024232107542493,53.5578040904198
6608982087,75.7204083085709,Cisaranten Kidul,Gedebage,22102,107.69454257175263,-6.957178036991353,Soekarno Hatta,0.0024232107542493,53.5578040904198
6608982087,82.35903290956702,Cisaranten Kidul,Gedebage,22102,107.6944599545225,-6.957192671745399,Soekarno Hatta,0.0024232107542493,53.5578040904198
6608982087,89.46972805787394,Cisaranten Kidul,Gedebage,22102,107.694377345473,-6.957207328253599,Soekarno Hatta,0.0024232107542493,53.5578040904198
6608982087,96.94777735014634,Cisaranten Kidul,Gedebage,22102,107.69429473277592,-6.957221984752038,Soekarno Hatta,0.0024232107542493,53.5578040904198
6608982087,96.33731702166064,Cisaranten Kidul,Gedebage,22102,107.694186799998,-6.9570792499994765,Soekarno Hatta,0.0024232107542493,53.5578040904198
6608982087,88.12073876168088,Cisaranten Kidul,Gedebage,22102,107.69426750463067,-6.957065921971626,Soekarno Hatta,0.0024232107542493,53.5578040904198
6608982087,80.07992369080026,Cisaranten Kidul,Gedebage,22102,107.694348249998,-6.957052599999462,Soekarno Hatta,0.0024232107542493,53.5578040904198
6608982087,72.27934310237855,Cisaranten Kidul,Gedebage,22102,107.694428999998,-6.957039299999459,Soekarno Hatta,0.0024232107542493,53.5578040904198
6608982087,108.10330239532416,Cisaranten Kidul,Gedebage,22102,107.694074999998,-6.957100649999705,Soekarno Hatta,0.0024232107542493,53.5578040904198
6608982087,116.8022112610598,Cisaranten Kidul,Gedebage,22102,107.6939932046698,-6.95711597163729,Soekarno Hatta,0.0024232107542493,53.5578040904198
6608982087,125.57421711471724,Cisaranten Kidul,Gedebage,22102,107.69391139999802,-6.957131299999703,Soekarno Hatta,0.0024232107542493,53.5578040904198
6608982087,134.40212811597846,Cisaranten Kidul,Gedebage,22102,107.693829599998,-6.95714659999971,Soekarno Hatta,0.0024232107542493,53.5578040904198
6608982087,143.27721651047148,Cisaranten Kidul,Gedebage,22102,107.693747799998,-6.957161899999706,Soekarno Hatta,0.0024232107542493,53.5578040904198
6608965073,136.80196747058548,Cisaranten Kidul,Gedebage,22102,107.69355665436572,-6.957193321478154,Soekarno Hatta,0.0024232107542493,53.5578040904198
6608965073,128.44639369281973,Cisaranten Kidul,Gedebage,22102,107.69347779563678,-6.957208478524141,Soekarno Hatta,0.0024232107542493,53.5578040904198
6608965073,120.16782540217852,Cisaranten Kidul,Gedebage,22102,107.69339894999774,-6.95722364999959,Soekarno Hatta,0.0024232107542493,53.5578040904198
6608965073,111.97614480381849,Cisaranten Kidul,Gedebage,22102,107.69332004999774,-6.957238849999567,Soekarno Hatta,0.0024232107542493,53.5578040904198
6608965073,92.39152734764428,Cisaranten Kidul,Gedebage,22102,107.69312714999867,-6.957273150000286,Soekarno Hatta,0.0024232107542493,53.5578040904198
6608965073,82.9199618626808,Cisaranten Kidul,Gedebage,22102,107.69302957816808,-6.957291460476949,Soekarno Hatta,0.0024232107542493,53.5578040904198
6608965073,73.86673668768483,Cisaranten Kidul,Gedebage,22102,107.69293202182932,-6.957309739523581,Soekarno Hatta,0.0024232107542493,53.5578040904198
6608982087,70.16321681654688,Cisaranten Kidul,Gedebage,22102,107.69430497765008,-6.956769961644466,Soekarno Hatta,0.0024232107542493,53.5578040904198
6608982087,80.15157489002931,Cisaranten Kidul,Gedebage,22102,107.69421602234804,-6.9567868383561695,Soekarno Hatta,0.0024232107542493,53.5578040904198
6608982087,101.6808267808459,Cisaranten Kidul,Gedebage,22102,107.69402355555086,-6.956819571766284,Soekarno Hatta,0.0024232107542493,53.5578040904198
6608982087,110.9827139331207,Cisaranten Kidul,Gedebage,22102,107.69394084444708,-6.956835328234053,Soekarno Hatta,0.0024232107542493,53.5578040904198
6608982087,120.28331408346956,Cisaranten Kidul,Gedebage,22102,107.69385815555086,-6.956851071766274,Soekarno Hatta,0.0024232107542493,53.5578040904198
6608982087,129.58775285709265,Cisaranten Kidul,Gedebage,22102,107.69377544444706,-6.95686682823406,Soekarno Hatta,0.0024232107542493,53.5578040904198
6608982087,138.89037552686924,Cisaranten Kidul,Gedebage,22102,107.69369275555086,-6.956882571766285,Soekarno Hatta,0.0024232107542493,53.5578040904198
6608965073,130.48883740653577,Cisaranten Kidul,Gedebage,22102,107.69350829999873,-6.956917199999992,Soekarno Hatta,0.0024232107542493,53.5578040904198
6608965073,121.42569415550696,Cisaranten Kidul,Gedebage,22102,107.6934272947784,-6.956932378239757,Soekarno Hatta,0.0024232107542493,53.5578040904198
6608965073,112.37274382799536,Cisaranten Kidul,Gedebage,22102,107.69334630521897,-6.956947521760241,Soekarno Hatta,0.0024232107542493,53.5578040904198
6608965073,103.32566083050484,Cisaranten Kidul,Gedebage,22102,107.69326527823598,-6.956962711278532,Soekarno Hatta,0.0024232107542493,53.5578040904198
6608965073,74.67652687847541,Cisaranten Kidul,Gedebage,22102,107.69300768348762,-6.95701043298364,Soekarno Hatta,0.0024232107542493,53.5578040904198
6608965073,65.75591327771713,Cisaranten Kidul,Gedebage,22102,107.6929269448193,-6.957025878304703,Soekarno Hatta,0.0024232107542493,53.5578040904198
6608965073,56.89060708201389,Cisaranten Kidul,Gedebage,22102,107.69284622169408,-6.957041288700403,Soekarno Hatta,0.0024232107542493,53.5578040904198
6608982087,90.14274291516736,Cisaranten Kidul,Gedebage,22102,107.69412707765012,-6.956803661644482,Soekarno Hatta,0.0024232107542493,53.5578040904198
6608965073,141.8796170577872,Cisaranten Kidul,Gedebage,22102,107.69361004444706,-6.956898328234087,Soekarno Hatta,0.0024232107542493,53.5578040904198
6608965073,94.29181075416852,Cisaranten Kidul,Gedebage,22102,107.6931842499987,-6.956977900000024,Soekarno Hatta,0.0024232107542493,53.5578040904198
6608965073,47.86728662487023,Cisaranten Kidul,Gedebage,22102,107.69276322169408,-6.957057588700412,Soekarno Hatta,0.0024232107542493,53.5578040904198
6608965073,65.40539633694917,Cisaranten Kidul,Gedebage,22102,107.69283444999868,-6.957328050000279,Soekarno Hatta,0.0024232107542493,53.5578040904198
6608965073,103.90359929370516,Cisaranten Kidul,Gedebage,22102,107.6932412043587,-6.957254021475008,Soekarno Hatta,0.0024232107542493,53.5578040904198
6608965073,148.55065690396515,Cisaranten Kidul,Gedebage,22102,107.69366597835192,-6.957177212435276,Soekarno Hatta,0.0024232107542493,53.5578040904198
6608982087,64.80692459181493,Cisaranten Kidul,Gedebage,22102,107.6945096953653,-6.957025978027311,Soekarno Hatta,0.0024232107542493,53.5578040904198
6608982087,104.715381734657,Cisaranten Kidul,Gedebage,22102,107.69421209546888,-6.957236628244223,Soekarno Hatta,0.0024232107542493,53.5578040904198
6608965073,155.05132782019678,Cisaranten Kidul,Gedebage,22102,107.69369950563411,-6.957326821928244,Soekarno Hatta,0.0024232107542493,53.5578040904198
6608965073,112.22652135664654,Cisaranten Kidul,Gedebage,22102,107.69327299999864,-6.957396400000259,Soekarno Hatta,0.0024232107542493,53.5578040904198
6608965073,77.16293274268402,Cisaranten Kidul,Gedebage,22102,107.69285697170912,-6.957475389677219,Soekarno Hatta,0.0024232107542493,53.5578040904198
6608982089,122.26139441476656,Cisaranten Kidul,Gedebage,22102,107.6942820163632,-6.957567917236884,Soekarno Hatta,0.0024232107542493,53.5578040904198
6608982092,133.00431096876306,Cisaranten Kidul,Gedebage,22102,107.69415492201988,-6.95759113982664,Soekarno Hatta,0.0024232107542493,53.5578040904198
6608965046,119.63632897897924,Cisaranten Kidul,Gedebage,22102,107.6933367280986,-6.957734161849431,Soekarno Hatta,0.0024232107542493,53.5578040904198
6608965046,92.53955980579605,Cisaranten Kidul,Gedebage,22102,107.69288652212886,-6.95781189083211,Soekarno Hatta,0.0024232107542493,53.5578040904198
6608982092,112.2168019510211,Cisaranten Kidul,Gedebage,22102,107.69429554567272,-6.957722078314736,Soekarno Hatta,0.0024232107542493,53.5578040904198
6608982092,146.10804055547823,Cisaranten Kidul,Gedebage,22102,107.69377574537292,-6.957811328240629,Soekarno Hatta,0.0024232107542493,53.5578040904198
6608965046,106.13016877480833,Cisaranten Kidul,Gedebage,22102,107.69334161711888,-6.957888915478189,Soekarno Hatta,0.0024232107542493,53.5578040904198
6608965046,77.1649062211128,Cisaranten Kidul,Gedebage,22102,107.69291963369056,-6.957961532645983,Soekarno Hatta,0.0024232107542493,53.5578040904198
6608982092,117.54338574964966,Cisaranten Kidul,Gedebage,22102,107.69385104522917,-6.958233828299425,Soekarno Hatta,0.0024232107542493,53.5578040904198
6608965052,79.20744178267566,Cisaranten Kidul,Gedebage,22102,107.69341387640688,-6.958316659657166,Soekarno Hatta,0.0024232107542493,53.5578040904198
6608965052,119.3101430706518,Cisaranten Kidul,Gedebage,22102,107.69371349999818,-6.958110899999753,Soekarno Hatta,0.0024232107542493,53.5578040904198
6608965046,77.05544849703041,Cisaranten Kidul,Gedebage,22102,107.69327579999909,-6.95819155000045,Soekarno Hatta,0.0024232107542493,53.5578040904198
6608965052,70.181766658853,Cisaranten Kidul,Gedebage,22102,107.69331444999814,-6.958327999999676,Soekarno Hatta,0.0024232107542493,53.5578040904198
6608982092,106.25522326413852,Cisaranten Kidul,Gedebage,22102,107.69390184536589,-6.95851352805787,Soekarno Hatta,0.0024232107542493,53.5578040904198
6608965052,70.75842415429838,Cisaranten Kidul,Gedebage,22102,107.69347399999792,-6.958588349999603,Soekarno Hatta,0.0024232107542493,53.5578040904198
6608965052,39.82145749543104,Cisaranten Kidul,Gedebage,22102,107.69319619999806,-6.9586401999996825,Soekarno Hatta,0.0024232107542493,53.5578040904198
6608982092,59.81870919473092,Cisaranten Kidul,Gedebage,22102,107.69432133362317,-6.958594582771531,Soekarno Hatta,0.0024232107542493,53.5578040904198
6608965052,71.93088211831227,Cisaranten Kidul,Gedebage,22102,107.69351049999932,-6.958736100000521,Soekarno Hatta,0.0024232107542493,53.5578040904198
6608965052,58.712196227731646,Cisaranten Kidul,Gedebage,22102,107.69339174999924,-6.958757550000494,Soekarno Hatta,0.0024232107542493,53.5578040904198
7216077733,65.98149939090062,Cisaranten Kidul,Gedebage,22102,107.69433525,-6.959044400001035,Soekarno Hatta,0.0024232107542493,53.5578040904198
7216077733,77.5251548460107,Cisaranten Kidul,Gedebage,22102,107.6942280928488,-6.959063977979315,Soekarno Hatta,0.0024232107542493,53.5578040904198
7216077733,89.19810106030934,Cisaranten Kidul,Gedebage,22102,107.69412095715866,-6.95908352202418,Soekarno Hatta,0.0024232107542493,53.5578040904198
7216077733,99.80958719466392,Cisaranten Kidul,Gedebage,22102,107.69397767643494,-6.958950358684539,Soekarno Hatta,0.0024232107542493,53.5578040904198
7216077733,90.19542403581444,Cisaranten Kidul,Gedebage,22102,107.69406352809138,-6.958936013225299,Soekarno Hatta,0.0024232107542493,53.5578040904198
7216077733,80.58551021131878,Cisaranten Kidul,Gedebage,22102,107.69414934999756,-6.95892159999932,Soekarno Hatta,0.0024232107542493,53.5578040904198
7216077733,70.98046330758656,Cisaranten Kidul,Gedebage,22102,107.69423516737714,-6.958907214867577,Soekarno Hatta,0.0024232107542493,53.5578040904198
6608965054,81.11426235860137,Cisaranten Kidul,Gedebage,22102,107.69355276655894,-6.959028016891204,Soekarno Hatta,0.0024232107542493,53.5578040904198
6608965054,91.5336688619362,Cisaranten Kidul,Gedebage,22102,107.69365403343738,-6.959010083108796,Soekarno Hatta,0.0024232107542493,53.5578040904198
6608965052,101.85353843776466,Cisaranten Kidul,Gedebage,22102,107.69375527193188,-6.958992088824944,Soekarno Hatta,0.0024232107542493,53.5578040904198
7216077733,115.50985201586668,Cisaranten Kidul,Gedebage,22102,107.6938815999998,-6.959126100000768,Soekarno Hatta,0.0024232107542493,53.5578040904198
6608965054,108.84549595971272,Cisaranten Kidul,Gedebage,22102,107.69377999999982,-6.959143050000762,Soekarno Hatta,0.0024232107542493,53.5578040904198
6608965054,98.89534496228733,Cisaranten Kidul,Gedebage,22102,107.6936783999998,-6.959160000000754,Soekarno Hatta,0.0024232107542493,53.5578040904198
6608965054,78.18166729914424,Cisaranten Kidul,Gedebage,22102,107.6934494779423,-6.959202508826981,Soekarno Hatta,0.0024232107542493,53.5578040904198
6608965054,68.07840843781568,Cisaranten Kidul,Gedebage,22102,107.69342307803774,-6.959047362051033,Soekarno Hatta,0.0024232107542493,53.5578040904198
7216077733,100.9642499220686,Cisaranten Kidul,Gedebage,22102,107.6940137779778,-6.959103108462404,Soekarno Hatta,0.0024232107542493,53.5578040904198
7216077733,61.37718740832018,Cisaranten Kidul,Gedebage,22102,107.69432103261796,-6.958892885131128,Soekarno Hatta,0.0024232107542493,53.5578040904198
6608965052,112.34323108835731,Cisaranten Kidul,Gedebage,22102,107.69385652268704,-6.958974139236914,Soekarno Hatta,0.0024232107542493,53.5578040904198
6608965054,89.29247800489243,Cisaranten Kidul,Gedebage,22102,107.69357679999982,-6.959177000000799,Soekarno Hatta,0.0024232107542493,53.5578040904198
6608965054,69.84698652298557,Cisaranten Kidul,Gedebage,22102,107.6933455499998,-6.959221150000851,Soekarno Hatta,0.0024232107542493,53.5578040904198
6608965054,58.38575147083823,Cisaranten Kidul,Gedebage,22102,107.69332072195724,-6.959064837948208,Soekarno Hatta,0.0024232107542493,53.5578040904198
7216077733,92.97462953662092,Cisaranten Kidul,Gedebage,22102,107.69442499473212,-6.959479678071732,Soekarno Hatta,0.0024232107542493,53.5578040904198
7216077733,99.4796221626952,Cisaranten Kidul,Gedebage,22102,107.6943404999986,-6.959494599999935,Soekarno Hatta,0.0024232107542493,53.5578040904198
7216077733,106.43290039457104,Cisaranten Kidul,Gedebage,22102,107.69425603333194,-6.959509533333289,Soekarno Hatta,0.0024232107542493,53.5578040904198
7216077733,113.75258067983587,Cisaranten Kidul,Gedebage,22102,107.69417154999864,-6.959524449999948,Soekarno Hatta,0.0024232107542493,53.5578040904198
7216077733,81.19770611187037,Cisaranten Kidul,Gedebage,22102,107.69439909510815,-6.9593318781940505,Soekarno Hatta,0.0024232107542493,53.5578040904198
7216077733,88.589347442027,Cisaranten Kidul,Gedebage,22102,107.69431459999817,-6.959347049999756,Soekarno Hatta,0.0024232107542493,53.5578040904198
7216077733,96.34999915232189,Cisaranten Kidul,Gedebage,22102,107.69423010488818,-6.95936222180547,Soekarno Hatta,0.0024232107542493,53.5578040904198
7216077733,104.39867997205084,Cisaranten Kidul,Gedebage,22102,107.69414559999817,-6.959377399999737,Soekarno Hatta,0.0024232107542493,53.5578040904198
7216077733,121.37013684301874,Cisaranten Kidul,Gedebage,22102,107.69408707193284,-6.959539338600857,Soekarno Hatta,0.0024232107542493,53.5578040904198
7216077733,124.99810161561238,Cisaranten Kidul,Gedebage,22102,107.6939378438858,-6.959413878069182,Soekarno Hatta,0.0024232107542493,53.5578040904198
6608965054,128.0498158199963,Cisaranten Kidul,Gedebage,22102,107.69383734999911,-6.95943240000051,Soekarno Hatta,0.0024232107542493,53.5578040904198
6608965054,119.8107402154414,Cisaranten Kidul,Gedebage,22102,107.69373684999913,-6.959450900000494,Soekarno Hatta,0.0024232107542493,53.5578040904198
6608965054,102.52465307009004,Cisaranten Kidul,Gedebage,22102,107.6934996219171,-6.959492341009517,Soekarno Hatta,0.0024232107542493,53.5578040904198
6608965054,96.38842262073491,Cisaranten Kidul,Gedebage,22102,107.6933949999996,-6.959512050000807,Soekarno Hatta,0.0024232107542493,53.5578040904198
6608965054,91.3643728752577,Cisaranten Kidul,Gedebage,22102,107.6932903999996,-6.959531750000819,Soekarno Hatta,0.0024232107542493,53.5578040904198
6608965054,87.6427954735981,Cisaranten Kidul,Gedebage,22102,107.69318579999964,-6.959551450000829,Soekarno Hatta,0.0024232107542493,53.5578040904198
7216077733,132.6888225338157,Cisaranten Kidul,Gedebage,22102,107.69396529356656,-6.959559628047961,Soekarno Hatta,0.0024232107542493,53.5578040904198
6608965054,139.46394136731126,Cisaranten Kidul,Gedebage,22102,107.69386434999944,-6.959578250000657,Soekarno Hatta,0.0024232107542493,53.5578040904198
6608965054,131.90936510164323,Cisaranten Kidul,Gedebage,22102,107.69376340643234,-6.959596871953347,Soekarno Hatta,0.0024232107542493,53.5578040904198
6608965054,116.73766837596077,Cisaranten Kidul,Gedebage,22102,107.69353147807182,-6.959637708810117,Soekarno Hatta,0.0024232107542493,53.5578040904198
6608965054,111.31833112941024,Cisaranten Kidul,Gedebage,22102,107.69342659999974,-6.95965740000088,Soekarno Hatta,0.0024232107542493,53.5578040904198
6608965054,106.931241982228,Cisaranten Kidul,Gedebage,22102,107.69332169999974,-6.959677100000883,Soekarno Hatta,0.0024232107542493,53.5578040904198
6608965054,103.70849294690343,Cisaranten Kidul,Gedebage,22102,107.69321682192763,-6.959696791191678,Soekarno Hatta,0.0024232107542493,53.5578040904198
7216077733,112.67108320726372,Cisaranten Kidul,Gedebage,22102,107.69406112330051,-6.959392590313177,Soekarno Hatta,0.0024232107542493,53.5578040904198
6608965054,112.10652828888718,Cisaranten Kidul,Gedebage,22102,107.69363634999912,-6.959469400000494,Soekarno Hatta,0.0024232107542493,53.5578040904198
6608965054,85.39414976064349,Cisaranten Kidul,Gedebage,22102,107.6930811999996,-6.959571150000822,Soekarno Hatta,0.0024232107542493,53.5578040904198
6608965054,124.93571901406818,Cisaranten Kidul,Gedebage,22102,107.69366249356652,-6.959615528047974,Soekarno Hatta,0.0024232107542493,53.5578040904198
6608965054,101.76400160737414,Cisaranten Kidul,Gedebage,22102,107.69311197807184,-6.959716508810131,Soekarno Hatta,0.0024232107542493,53.5578040904198
6608982106,105.2184620821958,Cisaranten Kidul,Gedebage,22102,107.69446212169191,-6.959766936864576,Soekarno Hatta,0.0024232107542493,53.5578040904198
6608982106,110.80174639719418,Cisaranten Kidul,Gedebage,22102,107.69438014999768,-6.959781699999479,Soekarno Hatta,0.0024232107542493,53.5578040904198
5848060881,115.9328880984132,Cisaranten Kidul,Gedebage,22102,107.6942981783034,-6.959796463134392,Soekarno Hatta,0.0024232107542493,53.5578040904198
5848060881,120.9412798974562,Cisaranten Kidul,Gedebage,22102,107.69421619999768,-6.95981119999947,Soekarno Hatta,0.0024232107542493,53.5578040904198
5848060881,134.54619248625713,Cisaranten Kidul,Gedebage,22102,107.69402470464354,-6.959843221743424,Soekarno Hatta,0.0024232107542493,53.5578040904198
6617181572,132.12604538413348,Cisaranten Kidul,Gedebage,22102,107.69394384535946,-6.959857778258588,Soekarno Hatta,0.0024232107542493,53.5578040904198
6617181572,129.4281724729989,Cisaranten Kidul,Gedebage,22102,107.69386300464352,-6.959872321743437,Soekarno Hatta,0.0024232107542493,53.5578040904198
6617181572,127.32090829026724,Cisaranten Kidul,Gedebage,22102,107.69378209535247,-6.95988687825582,Soekarno Hatta,0.0024232107542493,53.5578040904198
6617181572,125.4124944071646,Cisaranten Kidul,Gedebage,22102,107.69358829466177,-6.95991657810733,Soekarno Hatta,0.0024232107542493,53.5578040904198
6617181572,125.52497580017662,Cisaranten Kidul,Gedebage,22102,107.69350022721694,-6.959932410678659,Soekarno Hatta,0.0024232107542493,53.5578040904198
6617181572,126.40897299463822,Cisaranten Kidul,Gedebage,22102,107.6934121727802,-6.9599482893213445,Soekarno Hatta,0.0024232107542493,53.5578040904198
6617181572,128.05892239493826,Cisaranten Kidul,Gedebage,22102,107.6933241053354,-6.959964121892691,Soekarno Hatta,0.0024232107542493,53.5578040904198
6617181572,130.4404374878996,Cisaranten Kidul,Gedebage,22102,107.69323599466178,-6.959979978107325,Soekarno Hatta,0.0024232107542493,53.5578040904198
6608982106,92.10309459834484,Cisaranten Kidul,Gedebage,22102,107.69448910462964,-6.959915221737684,Soekarno Hatta,0.0024232107542493,53.5578040904198
5848060881,96.90607155845312,Cisaranten Kidul,Gedebage,22102,107.69440669536615,-6.95993007826152,Soekarno Hatta,0.0024232107542493,53.5578040904198
5848060881,102.04539691719512,Cisaranten Kidul,Gedebage,22102,107.69432429999792,-6.959944899999599,Soekarno Hatta,0.0024232107542493,53.5578040904198
5848060881,107.734205494052,Cisaranten Kidul,Gedebage,22102,107.69424194999792,-6.959959699999585,Soekarno Hatta,0.0024232107542493,53.5578040904198
6617181572,120.05432407946984,Cisaranten Kidul,Gedebage,22102,107.69405199999838,-6.959992899999817,Soekarno Hatta,0.0024232107542493,53.5578040904198
6617181572,116.35689702218932,Cisaranten Kidul,Gedebage,22102,107.69397089999838,-6.960007499999803,Soekarno Hatta,0.0024232107542493,53.5578040904198
6617181572,113.27352469400437,Cisaranten Kidul,Gedebage,22102,107.6938897999984,-6.960022099999809,Soekarno Hatta,0.0024232107542493,53.5578040904198
6617181572,110.85545732649436,Cisaranten Kidul,Gedebage,22102,107.6938086999984,-6.960036699999796,Soekarno Hatta,0.0024232107542493,53.5578040904198
6617181572,108.54771459027111,Cisaranten Kidul,Gedebage,22102,107.69361669460488,-6.9600664281057405,Soekarno Hatta,0.0024232107542493,53.5578040904198
6617181572,108.66029370182166,Cisaranten Kidul,Gedebage,22102,107.69352879999865,-6.96008225000003,Soekarno Hatta,0.0024232107542493,53.5578040904198
6617181572,109.6682614003534,Cisaranten Kidul,Gedebage,22102,107.69344089999863,-6.960098050000036,Soekarno Hatta,0.0024232107542493,53.5578040904198
6617181572,111.54493048798392,Cisaranten Kidul,Gedebage,22102,107.69335299999864,-6.960113850000016,Soekarno Hatta,0.0024232107542493,53.5578040904198
6617181572,114.24508570936888,Cisaranten Kidul,Gedebage,22102,107.69326510539238,-6.960129671894344,Soekarno Hatta,0.0024232107542493,53.5578040904198
5848060881,63.74661919039867,Cisaranten Kidul,Gedebage,22102,107.69458825469728,-6.960170421758238,Soekarno Hatta,0.0024232107542493,53.5578040904198
5848060881,69.29409679004388,Cisaranten Kidul,Gedebage,22102,107.6945064170527,-6.960185165710625,Soekarno Hatta,0.0024232107542493,53.5578040904198
5848060881,75.55553496613244,Cisaranten Kidul,Gedebage,22102,107.69442459999802,-6.960199899999637,Soekarno Hatta,0.0024232107542493,53.5578040904198
5848060881,82.36915179786219,Cisaranten Kidul,Gedebage,22102,107.69434279999804,-6.960214599999647,Soekarno Hatta,0.0024232107542493,53.5578040904198
5848060881,89.60833174181734,Cisaranten Kidul,Gedebage,22102,107.69426099999802,-6.960229299999647,Soekarno Hatta,0.0024232107542493,53.5578040904198
5848060881,97.17660446550562,Cisaranten Kidul,Gedebage,22102,107.694179204693,-6.960244021748834,Soekarno Hatta,0.0024232107542493,53.5578040904198
6617181572,93.9674435477289,Cisaranten Kidul,Gedebage,22102,107.69409737354222,-6.960258790778181,Soekarno Hatta,0.0024232107542493,53.5578040904198
6617181572,89.18659675135989,Cisaranten Kidul,Gedebage,22102,107.69401554999804,-6.960273499999643,Soekarno Hatta,0.0024232107542493,53.5578040904198
6617181572,85.13475577435064,Cisaranten Kidul,Gedebage,22102,107.69393374999804,-6.960288199999649,Soekarno Hatta,0.0024232107542493,53.5578040904198
6617181572,81.91557453357916,Cisaranten Kidul,Gedebage,22102,107.69385195469724,-6.96030292175822,Soekarno Hatta,0.0024232107542493,53.5578040904198
6617181572,79.62860196478549,Cisaranten Kidul,Gedebage,22102,107.69377014529884,-6.960317678241046,Soekarno Hatta,0.0024232107542493,53.5578040904198
6617181572,78.3636296388366,Cisaranten Kidul,Gedebage,22102,107.69368834999804,-6.960332399999655,Soekarno Hatta,0.0024232107542493,53.5578040904198
6617181572,78.16854913175085,Cisaranten Kidul,Gedebage,22102,107.69360654999804,-6.9603470999996375,Soekarno Hatta,0.0024232107542493,53.5578040904198
6617181572,79.04886512283217,Cisaranten Kidul,Gedebage,22102,107.69352474999803,-6.960361799999647,Soekarno Hatta,0.0024232107542493,53.5578040904198
6617181572,80.96970694274516,Cisaranten Kidul,Gedebage,22102,107.69344292645386,-6.9603765092211125,Soekarno Hatta,0.0024232107542493,53.5578040904198
6617181572,83.85481246202961,Cisaranten Kidul,Gedebage,22102,107.69336109530306,-6.960391278250506,Soekarno Hatta,0.0024232107542493,53.5578040904198
5848060881,126.42321914224998,Cisaranten Kidul,Gedebage,22102,107.69413422169193,-6.95982593686457,Soekarno Hatta,0.0024232107542493,53.5578040904198
6617181572,125.83772743676066,Cisaranten Kidul,Gedebage,22102,107.69370125463654,-6.959901421740676,Soekarno Hatta,0.0024232107542493,53.5578040904198
6608965054,132.59739696723622,Cisaranten Kidul,Gedebage,22102,107.69314790533537,-6.95999582189267,Soekarno Hatta,0.0024232107542493,53.5578040904198
5848060881,113.889658888177,Cisaranten Kidul,Gedebage,22102,107.69415960462966,-6.959974521737666,Soekarno Hatta,0.0024232107542493,53.5578040904198
6617181572,109.14692163927408,Cisaranten Kidul,Gedebage,22102,107.69372759999838,-6.9600512999998,Soekarno Hatta,0.0024232107542493,53.5578040904198
6617181572,117.71218051912008,Cisaranten Kidul,Gedebage,22102,107.6931771946049,-6.960145528105728,Soekarno Hatta,0.0024232107542493,53.5578040904198
6617181572,87.61614504834148,Cisaranten Kidul,Gedebage,22102,107.69327929999804,-6.960405999999649,Soekarno Hatta,0.0024232107542493,53.5578040904198
10968637163,81.40613294026424,Cisaranten Kidul,Gedebage,22102,107.69156509999812,-6.95747339999971,Soekarno Hatta,0.0024232107542493,53.5578040904198
10968637163,74.6573376367839,Cisaranten Kidul,Gedebage,22102,107.69163244589248,-6.957459278859481,Soekarno Hatta,0.0024232107542493,53.5578040904198
10968637163,68.09301609666058,Cisaranten Kidul,Gedebage,22102,107.69169974999812,-6.9574451499997005,Soekarno Hatta,0.0024232107542493,53.5578040904198
10968637163,61.77057102707262,Cisaranten Kidul,Gedebage,22102,107.6917670499981,-6.957431049999705,Soekarno Hatta,0.0024232107542493,53.5578040904198
10968637163,48.92560295578849,Cisaranten Kidul,Gedebage,22102,107.69192917878782,-6.957405763891783,Soekarno Hatta,0.0024232107542493,53.5578040904198
10968637163,44.50833936041128,Cisaranten Kidul,Gedebage,22102,107.69199422120828,-6.957392636107404,Soekarno Hatta,0.0024232107542493,53.5578040904198
10968637163,40.94404284477845,Cisaranten Kidul,Gedebage,22102,107.6920592787878,-6.957379563891799,Soekarno Hatta,0.0024232107542493,53.5578040904198
10968637163,38.46036268591961,Cisaranten Kidul,Gedebage,22102,107.69212429999804,-6.957366449999572,Soekarno Hatta,0.0024232107542493,53.5578040904198
7561564769,34.36758334898613,Cisaranten Kidul,Gedebage,22102,107.69218932120828,-6.957353336107397,Soekarno Hatta,0.0024232107542493,53.5578040904198
7561564769,45.26099465169008,Cisaranten Kidul,Gedebage,22102,107.69231882634396,-6.957467459183725,Soekarno Hatta,0.0024232107542493,53.5578040904198
7561564769,46.866622184470486,Cisaranten Kidul,Gedebage,22102,107.69224684999844,-6.9574807999997565,Soekarno Hatta,0.0024232107542493,53.5578040904198
7561564769,49.75086329317708,Cisaranten Kidul,Gedebage,22102,107.69217487832412,-6.957494112484377,Soekarno Hatta,0.0024232107542493,53.5578040904198
7561564769,53.70845612414668,Cisaranten Kidul,Gedebage,22102,107.69210289999846,-6.957507399999758,Soekarno Hatta,0.0024232107542493,53.5578040904198
10968637163,56.866974355336666,Cisaranten Kidul,Gedebage,22102,107.6920309216728,-6.9575206875151165,Soekarno Hatta,0.0024232107542493,53.5578040904198
10968637163,67.05382956205224,Cisaranten Kidul,Gedebage,22102,107.69185769999862,-6.957553399999878,Soekarno Hatta,0.0024232107542493,53.5578040904198
10968637163,72.41838405543295,Cisaranten Kidul,Gedebage,22102,107.69178609999864,-6.95756724999988,Soekarno Hatta,0.0024232107542493,53.5578040904198
10968637163,78.25022908690521,Cisaranten Kidul,Gedebage,22102,107.69171447840982,-6.957581111996985,Soekarno Hatta,0.0024232107542493,53.5578040904198
10968637163,84.4465610983339,Cisaranten Kidul,Gedebage,22102,107.6916428548171,-6.957594921588768,Soekarno Hatta,0.0024232107542493,53.5578040904198
10968637163,105.67476220644578,Cisaranten Kidul,Gedebage,22102,107.69191897168696,-6.957947436853111,Soekarno Hatta,0.0024232107542493,53.5578040904198
10968637163,108.8627797474888,Cisaranten Kidul,Gedebage,22102,107.69185344999848,-6.957959249999671,Soekarno Hatta,0.0024232107542493,53.5578040904198
10968637163,112.44110004034906,Cisaranten Kidul,Gedebage,22102,107.69178792385962,-6.957971041463651,Soekarno Hatta,0.0024232107542493,53.5578040904198
10968637163,116.37229764595904,Cisaranten Kidul,Gedebage,22102,107.6917223999985,-6.957982799999676,Soekarno Hatta,0.0024232107542493,53.5578040904198
10968637163,120.62810657373264,Cisaranten Kidul,Gedebage,22102,107.69165687168768,-6.957994586840257,Soekarno Hatta,0.0024232107542493,53.5578040904198
10968637163,125.17481542914322,Cisaranten Kidul,Gedebage,22102,107.6915913499985,-6.9580063999996735,Soekarno Hatta,0.0024232107542493,53.5578040904198
10968637163,91.6629881216044,Cisaranten Kidul,Gedebage,22102,107.69190374999792,-6.957812099999241,Soekarno Hatta,0.0024232107542493,53.5578040904198
10968637163,94.92237350577014,Cisaranten Kidul,Gedebage,22102,107.69184235374846,-6.957822371645119,Soekarno Hatta,0.0024232107542493,53.5578040904198
10968637163,98.55674314752132,Cisaranten Kidul,Gedebage,22102,107.69178089623968,-6.957832628349186,Soekarno Hatta,0.0024232107542493,53.5578040904198
10968637163,102.52678278837544,Cisaranten Kidul,Gedebage,22102,107.69171944999792,-6.957842899999253,Soekarno Hatta,0.0024232107542493,53.5578040904198
10968637163,106.79421268118392,Cisaranten Kidul,Gedebage,22102,107.69165804999795,-6.957853199999234,Soekarno Hatta,0.0024232107542493,53.5578040904198
10968637163,111.32429881739436,Cisaranten Kidul,Gedebage,22102,107.6915966037562,-6.957863471649271,Soekarno Hatta,0.0024232107542493,53.5578040904198
10968637163,86.91200297038384,Cisaranten Kidul,Gedebage,22102,107.69200559999818,-6.957792499999527,Soekarno Hatta,0.0024232107542493,53.5578040904198
7561564769,83.27111110318714,Cisaranten Kidul,Gedebage,22102,107.6920737716488,-6.957780286341345,Soekarno Hatta,0.0024232107542493,53.5578040904198
7561564769,80.10718698649141,Cisaranten Kidul,Gedebage,22102,107.69214192408656,-6.957768092001236,Soekarno Hatta,0.0024232107542493,53.5578040904198
7561564769,77.56690133940066,Cisaranten Kidul,Gedebage,22102,107.69221009999818,-6.957755849999557,Soekarno Hatta,0.0024232107542493,53.5578040904198
7561564769,75.72403117383914,Cisaranten Kidul,Gedebage,22102,107.69227829999818,-6.957743649999545,Soekarno Hatta,0.0024232107542493,53.5578040904198
7561564769,90.36148631209632,Cisaranten Kidul,Gedebage,22102,107.69236817620988,-6.957872258449426,Soekarno Hatta,0.0024232107542493,53.5578040904198
7561564769,91.28044475928657,Cisaranten Kidul,Gedebage,22102,107.69229932822198,-6.957884263320572,Soekarno Hatta,0.0024232107542493,53.5578040904198
7561564769,92.8324497333725,Cisaranten Kidul,Gedebage,22102,107.69223047177468,-6.957896236678594,Soekarno Hatta,0.0024232107542493,53.5578040904198
7561564769,94.99366388894867,Cisaranten Kidul,Gedebage,22102,107.69216164999834,-6.957908249999557,Soekarno Hatta,0.0024232107542493,53.5578040904198
7561564769,97.71726560886248,Cisaranten Kidul,Gedebage,22102,107.6920928237868,-6.957920241549733,Soekarno Hatta,0.0024232107542493,53.5578040904198
6608965044,91.40165663940267,Cisaranten Kidul,Gedebage,22102,107.6919732499982,-6.958202299999551,Soekarno Hatta,0.0024232107542493,53.5578040904198
6608965040,96.17428603056052,Cisaranten Kidul,Gedebage,22102,107.69190994596669,-6.958214278577924,Soekarno Hatta,0.0024232107542493,53.5578040904198
6608965040,100.90399327555382,Cisaranten Kidul,Gedebage,22102,107.6918466540297,-6.958226221421195,Soekarno Hatta,0.0024232107542493,53.5578040904198
6608965040,105.89967181648802,Cisaranten Kidul,Gedebage,22102,107.69178337140832,-6.958238185950727,Soekarno Hatta,0.0024232107542493,53.5578040904198
6608965040,111.12518643684696,Cisaranten Kidul,Gedebage,22102,107.69172009597222,-6.958250178590027,Soekarno Hatta,0.0024232107542493,53.5578040904198
6608965040,116.55600553244872,Cisaranten Kidul,Gedebage,22102,107.69165680402416,-6.958262121409064,Soekarno Hatta,0.0024232107542493,53.5578040904198
6608965040,122.16024054144228,Cisaranten Kidul,Gedebage,22102,107.6915934999982,-6.958274099999556,Soekarno Hatta,0.0024232107542493,53.5578040904198
6608965040,127.9158644786586,Cisaranten Kidul,Gedebage,22102,107.69153019597222,-6.958286078590027,Soekarno Hatta,0.0024232107542493,53.5578040904198
6608965044,82.69462777866893,Cisaranten Kidul,Gedebage,22102,107.692080205561,-6.958186571788215,Soekarno Hatta,0.0024232107542493,53.5578040904198
6608965044,76.99490277420102,Cisaranten Kidul,Gedebage,22102,107.69216039999904,-6.9581714000001496,Soekarno Hatta,0.0024232107542493,53.5578040904198
6608965044,71.97882555001628,Cisaranten Kidul,Gedebage,22102,107.69224059443708,-6.9581562282120775,Soekarno Hatta,0.0024232107542493,53.5578040904198
6608965044,67.79818350245668,Cisaranten Kidul,Gedebage,22102,107.69232079999904,-6.958141050000156,Soekarno Hatta,0.0024232107542493,53.5578040904198
6608965044,50.63786480609885,Cisaranten Kidul,Gedebage,22102,107.69241859505333,-6.95826207814808,Soekarno Hatta,0.0024232107542493,53.5578040904198
6608965044,54.81407396134191,Cisaranten Kidul,Gedebage,22102,107.69233919999844,-6.958276199999787,Soekarno Hatta,0.0024232107542493,53.5578040904198
6608965044,60.03549014339303,Cisaranten Kidul,Gedebage,22102,107.69225979999844,-6.958290299999782,Soekarno Hatta,0.0024232107542493,53.5578040904198
6608965044,66.05293982551731,Cisaranten Kidul,Gedebage,22102,107.69218039999843,-6.958304399999788,Soekarno Hatta,0.0024232107542493,53.5578040904198
6608965040,80.16754768184084,Cisaranten Kidul,Gedebage,22102,107.69199904564928,-6.958335428497535,Soekarno Hatta,0.0024232107542493,53.5578040904198
6608965040,85.59570137295462,Cisaranten Kidul,Gedebage,22102,107.69193064999828,-6.958348449999663,Soekarno Hatta,0.0024232107542493,53.5578040904198
6608965040,91.35240515995947,Cisaranten Kidul,Gedebage,22102,107.69186224999828,-6.958361449999681,Soekarno Hatta,0.0024232107542493,53.5578040904198
6608965040,97.37644411874322,Cisaranten Kidul,Gedebage,22102,107.6917938543473,-6.95837447150178,Soekarno Hatta,0.0024232107542493,53.5578040904198
6608965040,103.62316463266411,Cisaranten Kidul,Gedebage,22102,107.69172544999827,-6.958387499999648,Soekarno Hatta,0.0024232107542493,53.5578040904198
6608965040,110.0532979977858,Cisaranten Kidul,Gedebage,22102,107.69165707149573,-6.9584004868399525,Soekarno Hatta,0.0024232107542493,53.5578040904198
6608965040,116.63524772103816,Cisaranten Kidul,Gedebage,22102,107.69158869999828,-6.9584134999996605,Soekarno Hatta,0.0024232107542493,53.5578040904198
6608965040,123.34579399367723,Cisaranten Kidul,Gedebage,22102,107.69152032416116,-6.958426541667656,Soekarno Hatta,0.0024232107542493,53.5578040904198
6608965040,58.05789684876164,Cisaranten Kidul,Gedebage,22102,107.69205962160731,-6.958726787351098,Soekarno Hatta,0.0024232107542493,53.5578040904198
6608965040,66.14077719321406,Cisaranten Kidul,Gedebage,22102,107.69198564999826,-6.958740699999717,Soekarno Hatta,0.0024232107542493,53.5578040904198
6608965040,74.27446672013753,Cisaranten Kidul,Gedebage,22102,107.69191169999826,-6.958754599999727,Soekarno Hatta,0.0024232107542493,53.5578040904198
6608965040,82.44602964582883,Cisaranten Kidul,Gedebage,22102,107.69183774541696,-6.95876847839095,Soekarno Hatta,0.0024232107542493,53.5578040904198
6608965040,90.6437558647635,Cisaranten Kidul,Gedebage,22102,107.69176379999826,-6.958782349999692,Soekarno Hatta,0.0024232107542493,53.5578040904198
6608965040,98.86188990047155,Cisaranten Kidul,Gedebage,22102,107.69168985457956,-6.958796221608482,Soekarno Hatta,0.0024232107542493,53.5578040904198
6608965040,109.88044516140036,Cisaranten Kidul,Gedebage,22102,107.691594145344,-6.9586698782098,Soekarno Hatta,0.0024232107542493,53.5578040904198
6608965040,101.87980261183527,Cisaranten Kidul,Gedebage,22102,107.69166830466028,-6.958656721792502,Soekarno Hatta,0.0024232107542493,53.5578040904198
6608965040,93.93722696550552,Cisaranten Kidul,Gedebage,22102,107.69174244999832,-6.958643599999648,Soekarno Hatta,0.0024232107542493,53.5578040904198
6608965040,86.06637353826927,Cisaranten Kidul,Gedebage,22102,107.69181659999836,-6.958630499999647,Soekarno Hatta,0.0024232107542493,53.5578040904198
6608965040,78.28991062258595,Cisaranten Kidul,Gedebage,22102,107.69189074999834,-6.958617399999665,Soekarno Hatta,0.0024232107542493,53.5578040904198
6608965040,70.64238571271162,Cisaranten Kidul,Gedebage,22102,107.6919648782149,-6.958604262699723,Soekarno Hatta,0.0024232107542493,53.5578040904198
6608965040,38.07061691888714,Cisaranten Kidul,Gedebage,22102,107.69224679999893,-6.958691599999969,Soekarno Hatta,0.0024232107542493,53.5578040904198
6608965040,45.77864177421851,Cisaranten Kidul,Gedebage,22102,107.69222501720644,-6.958557065341808,Soekarno Hatta,0.0024232107542493,53.5578040904198
6608965040,122.00438426114688,Cisaranten Kidul,Gedebage,22102,107.69148254999848,-6.958689449999404,Soekarno Hatta,0.0024232107542493,53.5578040904198
6608965040,120.01899583129446,Cisaranten Kidul,Gedebage,22102,107.69149972798816,-6.958826211039804,Soekarno Hatta,0.0024232107542493,53.5578040904198
6608965038,121.70463052370263,Cisaranten Kidul,Gedebage,22102,107.6915737999994,-6.95923760000022,Soekarno Hatta,0.0024232107542493,53.5578040904198
6608965038,130.47800274754016,Cisaranten Kidul,Gedebage,22102,107.6914937999994,-6.959250900000232,Soekarno Hatta,0.0024232107542493,53.5578040904198
6608965038,118.44102836323576,Cisaranten Kidul,Gedebage,22102,107.6915618499986,-6.959109299999889,Soekarno Hatta,0.0024232107542493,53.5578040904198
6608965038,126.96229898026264,Cisaranten Kidul,Gedebage,22102,107.69148587828118,-6.95912351180661,Soekarno Hatta,0.0024232107542493,53.5578040904198
6608965038,57.164255043181534,Cisaranten Kidul,Gedebage,22102,107.69211194999862,-6.959011399999853,Soekarno Hatta,0.0024232107542493,53.5578040904198
6608965038,65.43637948905383,Cisaranten Kidul,Gedebage,22102,107.69203724999863,-6.959024899999848,Soekarno Hatta,0.0024232107542493,53.5578040904198
6608965038,73.74140996885377,Cisaranten Kidul,Gedebage,22102,107.69196249999864,-6.95903839999983,Soekarno Hatta,0.0024232107542493,53.5578040904198
6608965038,82.06575546949405,Cisaranten Kidul,Gedebage,22102,107.69188774999864,-6.959051899999817,Soekarno Hatta,0.0024232107542493,53.5578040904198
6608965038,90.39878893331804,Cisaranten Kidul,Gedebage,22102,107.69181304999864,-6.959065399999837,Soekarno Hatta,0.0024232107542493,53.5578040904198
6608965038,98.74222970036844,Cisaranten Kidul,Gedebage,22102,107.69173834999864,-6.959078899999826,Soekarno Hatta,0.0024232107542493,53.5578040904198
6608965038,61.79206197431769,Cisaranten Kidul,Gedebage,22102,107.6921295719918,-6.959136889310536,Soekarno Hatta,0.0024232107542493,53.5578040904198
6608965038,69.52726596207408,Cisaranten Kidul,Gedebage,22102,107.69205522800664,-6.959150010689667,Soekarno Hatta,0.0024232107542493,53.5578040904198
6608965038,77.38878123435391,Cisaranten Kidul,Gedebage,22102,107.69198089435422,-6.9591631280068045,Soekarno Hatta,0.0024232107542493,53.5578040904198
6608965038,85.34116241799498,Cisaranten Kidul,Gedebage,22102,107.69190657199272,-6.95917623929917,Soekarno Hatta,0.0024232107542493,53.5578040904198
6608965038,93.365361458758,Cisaranten Kidul,Gedebage,22102,107.6918322336568,-6.959189382682036,Soekarno Hatta,0.0024232107542493,53.5578040904198
6608965038,101.4402083687502,Cisaranten Kidul,Gedebage,22102,107.69175789999922,-6.959202500000102,Soekarno Hatta,0.0024232107542493,53.5578040904198
6608965038,37.80828400068187,Cisaranten Kidul,Gedebage,22102,107.69228929999854,-6.958980699999889,Soekarno Hatta,0.0024232107542493,53.5578040904198
6608965038,131.61148192690604,Cisaranten Kidul,Gedebage,22102,107.6916149056891,-6.9595026223628444,Soekarno Hatta,0.0024232107542493,53.5578040904198
6608965038,139.1199967127361,Cisaranten Kidul,Gedebage,22102,107.69154079999926,-6.959513950000006,Soekarno Hatta,0.0024232107542493,53.5578040904198
7561816440,140.3136458183738,Cisaranten Kidul,Gedebage,22102,107.69146669999928,-6.959525249999991,Soekarno Hatta,0.0024232107542493,53.5578040904198
6608965038,88.88757468523698,Cisaranten Kidul,Gedebage,22102,107.69205209999885,-6.959420450000058,Soekarno Hatta,0.0024232107542493,53.5578040904198
6608965038,96.21026868973053,Cisaranten Kidul,Gedebage,22102,107.69197244999884,-6.959435400000047,Soekarno Hatta,0.0024232107542493,53.5578040904198
6608965038,103.7883196677641,Cisaranten Kidul,Gedebage,22102,107.69189277177856,-6.95945028891592,Soekarno Hatta,0.0024232107542493,53.5578040904198
6608965038,111.5713476390961,Cisaranten Kidul,Gedebage,22102,107.6918131282191,-6.959465211084176,Soekarno Hatta,0.0024232107542493,53.5578040904198
6608965038,70.28419557339276,Cisaranten Kidul,Gedebage,22102,107.69269260468086,-6.959456121899278,Soekarno Hatta,0.0024232107542493,53.5578040904198
6608965038,70.85922997085775,Cisaranten Kidul,Gedebage,22102,107.69262131721496,-6.959468265321084,Soekarno Hatta,0.0024232107542493,53.5578040904198
6608965038,72.32376764479918,Cisaranten Kidul,Gedebage,22102,107.69255004999847,-6.959480449999656,Soekarno Hatta,0.0024232107542493,53.5578040904198
6608965038,74.62088467884894,Cisaranten Kidul,Gedebage,22102,107.69247878278198,-6.959492634678214,Soekarno Hatta,0.0024232107542493,53.5578040904198
6608965038,77.6729504927373,Cisaranten Kidul,Gedebage,22102,107.6924074953161,-6.959504778100047,Soekarno Hatta,0.0024232107542493,53.5578040904198
6608965038,81.40007208652663,Cisaranten Kidul,Gedebage,22102,107.69233622188828,-6.95951693721056,Soekarno Hatta,0.0024232107542493,53.5578040904198
6608965038,92.41070138921648,Cisaranten Kidul,Gedebage,22102,107.69217168289526,-6.959548234316329,Soekarno Hatta,0.0024232107542493,53.5578040904198
6608965038,97.6315250313828,Cisaranten Kidul,Gedebage,22102,107.69210134999882,-6.959559649999748,Soekarno Hatta,0.0024232107542493,53.5578040904198
6608965038,103.18684095204756,Cisaranten Kidul,Gedebage,22102,107.69203104999885,-6.959571049999759,Soekarno Hatta,0.0024232107542493,53.5578040904198
6608965038,109.02836099825136,Cisaranten Kidul,Gedebage,22102,107.69196074999884,-6.959582449999767,Soekarno Hatta,0.0024232107542493,53.5578040904198
6608965038,115.11626257009026,Cisaranten Kidul,Gedebage,22102,107.69189041710236,-6.9595938656832175,Soekarno Hatta,0.0024232107542493,53.5578040904198
6608965038,121.41067141417275,Cisaranten Kidul,Gedebage,22102,107.6918200999988,-6.959605299999757,Soekarno Hatta,0.0024232107542493,53.5578040904198
7561816440,137.29195171090086,Cisaranten Kidul,Gedebage,22102,107.69164874999882,-6.959634399999758,Soekarno Hatta,0.0024232107542493,53.5578040904198
7561816440,132.7925821786396,Cisaranten Kidul,Gedebage,22102,107.691581427984,-6.959645612371454,Soekarno Hatta,0.0024232107542493,53.5578040904198
7561816440,128.58337935656027,Cisaranten Kidul,Gedebage,22102,107.69151409510948,-6.959656777976687,Soekarno Hatta,0.0024232107542493,53.5578040904198
7561816440,124.69034085784908,Cisaranten Kidul,Gedebage,22102,107.69144677201444,-6.959667937615577,Soekarno Hatta,0.0024232107542493,53.5578040904198
7561816440,92.02510240281022,Cisaranten Kidul,Gedebage,22102,107.69135275447628,-6.959947921737751,Soekarno Hatta,0.0024232107542493,53.5578040904198
7561816440,96.12455972932833,Cisaranten Kidul,Gedebage,22102,107.69142024552065,-6.959935978261518,Soekarno Hatta,0.0024232107542493,53.5578040904198
7561816440,100.6328025587276,Cisaranten Kidul,Gedebage,22102,107.69148774999844,-6.959923999999644,Soekarno Hatta,0.0024232107542493,53.5578040904198
7561816440,105.49563380666405,Cisaranten Kidul,Gedebage,22102,107.69155524999846,-6.959911999999631,Soekarno Hatta,0.0024232107542493,53.5578040904198
7561816440,110.66459972839742,Cisaranten Kidul,Gedebage,22102,107.69162274999846,-6.9598999999996405,Soekarno Hatta,0.0024232107542493,53.5578040904198
7561816440,107.98588193780382,Cisaranten Kidul,Gedebage,22102,107.69172764999824,-6.960015299999577,Soekarno Hatta,0.0024232107542493,53.5578040904198
7561816440,102.49683457433387,Cisaranten Kidul,Gedebage,22102,107.69166671737584,-6.960027064491977,Soekarno Hatta,0.0024232107542493,53.5578040904198
7561816440,97.17905997983156,Cisaranten Kidul,Gedebage,22102,107.6916057786917,-6.9600388642011,Soekarno Hatta,0.0024232107542493,53.5578040904198
7561816440,92.06800410713,Cisaranten Kidul,Gedebage,22102,107.69154484999824,-6.960050649999569,Soekarno Hatta,0.0024232107542493,53.5578040904198
7561816440,87.19819689627629,Cisaranten Kidul,Gedebage,22102,107.69148394999824,-6.9600624499995725,Soekarno Hatta,0.0024232107542493,53.5578040904198
7561816440,82.61125363121333,Cisaranten Kidul,Gedebage,22102,107.69142302130476,-6.960074235798045,Soekarno Hatta,0.0024232107542493,53.5578040904198
6608965038,126.91768357746248,Cisaranten Kidul,Gedebage,22102,107.69224529597848,-6.959920678644738,Soekarno Hatta,0.0024232107542493,53.5578040904198
6608965038,130.3166264962185,Cisaranten Kidul,Gedebage,22102,107.69218495400956,-6.959932321350135,Soekarno Hatta,0.0024232107542493,53.5578040904198
6608965038,133.9764972776091,Cisaranten Kidul,Gedebage,22102,107.69212459597848,-6.959943978644726,Soekarno Hatta,0.0024232107542493,53.5578040904198
6608965038,137.87238726610758,Cisaranten Kidul,Gedebage,22102,107.69206425400954,-6.959955621350122,Soekarno Hatta,0.0024232107542493,53.5578040904198
7561816440,134.0968228012395,Cisaranten Kidul,Gedebage,22102,107.69200389999835,-6.95996724999961,Soekarno Hatta,0.0024232107542493,53.5578040904198
7561816440,128.12416207315283,Cisaranten Kidul,Gedebage,22102,107.69194354999836,-6.959978899999636,Soekarno Hatta,0.0024232107542493,53.5578040904198
7561816440,122.23764564630964,Cisaranten Kidul,Gedebage,22102,107.69188319999834,-6.95999054999962,Soekarno Hatta,0.0024232107542493,53.5578040904198
6608965038,114.40920911337427,Cisaranten Kidul,Gedebage,22102,107.69222424999847,-6.959793499999665,Soekarno Hatta,0.0024232107542493,53.5578040904198
6608965038,118.19895558743347,Cisaranten Kidul,Gedebage,22102,107.69216274999847,-6.959805149999673,Soekarno Hatta,0.0024232107542493,53.5578040904198
6608965038,122.26582291450916,Cisaranten Kidul,Gedebage,22102,107.69210122852722,-6.959816813531423,Soekarno Hatta,0.0024232107542493,53.5578040904198
6608965038,126.57883096762356,Cisaranten Kidul,Gedebage,22102,107.69203969999847,-6.959828449999651,Soekarno Hatta,0.0024232107542493,53.5578040904198
6608965038,131.11587559680282,Cisaranten Kidul,Gedebage,22102,107.69197817146974,-6.959840086467889,Soekarno Hatta,0.0024232107542493,53.5578040904198
7561816440,135.52018638167817,Cisaranten Kidul,Gedebage,22102,107.69191664999848,-6.959851749999658,Soekarno Hatta,0.0024232107542493,53.5578040904198
7561816440,129.89320002397724,Cisaranten Kidul,Gedebage,22102,107.69185512852724,-6.959863413531439,Soekarno Hatta,0.0024232107542493,53.5578040904198
6608965038,109.54254820911729,Cisaranten Kidul,Gedebage,22102,107.69231549999849,-6.959777999999718,Soekarno Hatta,0.0024232107542493,53.5578040904198
6608965038,106.2231092486055,Cisaranten Kidul,Gedebage,22102,107.69238602826296,-6.959765262641486,Soekarno Hatta,0.0024232107542493,53.5578040904198
6608965038,103.4085898325276,Cisaranten Kidul,Gedebage,22102,107.69245654999848,-6.959752549999724,Soekarno Hatta,0.0024232107542493,53.5578040904198
6608965038,101.13414511476076,Cisaranten Kidul,Gedebage,22102,107.69252704999847,-6.959739799999707,Soekarno Hatta,0.0024232107542493,53.5578040904198
6608965038,99.4405926939674,Cisaranten Kidul,Gedebage,22102,107.69259754999848,-6.959727049999704,Soekarno Hatta,0.0024232107542493,53.5578040904198
6608965038,98.35794316832576,Cisaranten Kidul,Gedebage,22102,107.69266804999847,-6.959714299999707,Soekarno Hatta,0.0024232107542493,53.5578040904198
6608965054,109.81669038065134,Cisaranten Kidul,Gedebage,22102,107.69276412331304,-6.959825639813739,Soekarno Hatta,0.0024232107542493,53.5578040904198
6608965054,112.27408715726467,Cisaranten Kidul,Gedebage,22102,107.69269214999888,-6.959839599999989,Soekarno Hatta,0.0024232107542493,53.5578040904198
6608965038,113.46847102347247,Cisaranten Kidul,Gedebage,22102,107.6926210716084,-6.959853488570871,Soekarno Hatta,0.0024232107542493,53.5578040904198
6608965038,115.0820530733863,Cisaranten Kidul,Gedebage,22102,107.69254999999887,-6.959867399999994,Soekarno Hatta,0.0024232107542493,53.5578040904198
6608965038,117.21856624438544,Cisaranten Kidul,Gedebage,22102,107.69247893345974,-6.959881283038703,Soekarno Hatta,0.0024232107542493,53.5578040904198
7561816440,51.83304626299418,Cisaranten Kidul,Gedebage,22102,107.6913469462902,-6.960356728690089,Soekarno Hatta,0.0024232107542493,53.5578040904198
7561816440,57.109411030608015,Cisaranten Kidul,Gedebage,22102,107.691407299998,-6.960345399999408,Soekarno Hatta,0.0024232107542493,53.5578040904198
7561816440,62.67800980602047,Cisaranten Kidul,Gedebage,22102,107.6914676537058,-6.960334071308736,Soekarno Hatta,0.0024232107542493,53.5578040904198
7561816440,68.4664217076063,Cisaranten Kidul,Gedebage,22102,107.691527999998,-6.9603227499994,Soekarno Hatta,0.0024232107542493,53.5578040904198
7561816440,74.42313344984541,Cisaranten Kidul,Gedebage,22102,107.691588349998,-6.960311449999391,Soekarno Hatta,0.0024232107542493,53.5578040904198
7561816440,80.51183662547075,Cisaranten Kidul,Gedebage,22102,107.69164869999798,-6.960300149999405,Soekarno Hatta,0.0024232107542493,53.5578040904198
7561816440,86.70472913688616,Cisaranten Kidul,Gedebage,22102,107.69170904999798,-6.960288849999407,Soekarno Hatta,0.0024232107542493,53.5578040904198
7561816440,102.9213542599874,Cisaranten Kidul,Gedebage,22102,107.6918640714729,-6.960260485216256,Soekarno Hatta,0.0024232107542493,53.5578040904198
7561816440,109.38060579507209,Cisaranten Kidul,Gedebage,22102,107.69192492852332,-6.960249514782603,Soekarno Hatta,0.0024232107542493,53.5578040904198
7561816440,115.88317810350496,Cisaranten Kidul,Gedebage,22102,107.69198576761654,-6.960238513742134,Soekarno Hatta,0.0024232107542493,53.5578040904198
7561816440,122.42105962168604,Cisaranten Kidul,Gedebage,22102,107.6920466323797,-6.960227586256703,Soekarno Hatta,0.0024232107542493,53.5578040904198
7561816440,128.9910982710245,Cisaranten Kidul,Gedebage,22102,107.69210747147292,-6.960216585216267,Soekarno Hatta,0.0024232107542493,53.5578040904198
7561816440,135.59073627866752,Cisaranten Kidul,Gedebage,22102,107.69216834999813,-6.960205599999432,Soekarno Hatta,0.0024232107542493,53.5578040904198
7561816440,142.21098365256407,Cisaranten Kidul,Gedebage,22102,107.69222919999812,-6.960194599999415,Soekarno Hatta,0.0024232107542493,53.5578040904198
6608965038,148.8637508431994,Cisaranten Kidul,Gedebage,22102,107.69238554999768,-6.96015719999944,Soekarno Hatta,0.0024232107542493,53.5578040904198
6608965038,146.35065431190526,Cisaranten Kidul,Gedebage,22102,107.69245545392673,-6.960143521275591,Soekarno Hatta,0.0024232107542493,53.5578040904198
6608965038,144.22367009896476,Cisaranten Kidul,Gedebage,22102,107.6925253712788,-6.960129835860054,Soekarno Hatta,0.0024232107542493,53.5578040904198
6608965038,142.50261002827756,Cisaranten Kidul,Gedebage,22102,107.69259532871656,-6.960116164138876,Soekarno Hatta,0.0024232107542493,53.5578040904198
6608965038,141.1963357957552,Cisaranten Kidul,Gedebage,22102,107.69266524999766,-6.960102449999458,Soekarno Hatta,0.0024232107542493,53.5578040904198
6608965054,139.10088399199347,Cisaranten Kidul,Gedebage,22102,107.69273514999767,-6.960088749999467,Soekarno Hatta,0.0024232107542493,53.5578040904198
7561816440,40.73680635825071,Cisaranten Kidul,Gedebage,22102,107.69134234999872,-6.960491449999759,Soekarno Hatta,0.0024232107542493,53.5578040904198
7561816440,47.15460513479815,Cisaranten Kidul,Gedebage,22102,107.69140654538349,-6.960479978250188,Soekarno Hatta,0.0024232107542493,53.5578040904198
7561816440,53.7751795105652,Cisaranten Kidul,Gedebage,22102,107.69147074999871,-6.960468499999754,Soekarno Hatta,0.0024232107542493,53.5578040904198
7561816440,60.533982607102,Cisaranten Kidul,Gedebage,22102,107.69153497637836,-6.960457009008124,Soekarno Hatta,0.0024232107542493,53.5578040904198
7561816440,67.38559285800153,Cisaranten Kidul,Gedebage,22102,107.69159919999872,-6.960445549999755,Soekarno Hatta,0.0024232107542493,53.5578040904198
7561816440,74.305501144771,Cisaranten Kidul,Gedebage,22102,107.69166339999872,-6.960434049999732,Soekarno Hatta,0.0024232107542493,53.5578040904198
7561816440,81.27454557379077,Cisaranten Kidul,Gedebage,22102,107.69172759537815,-6.960422578238144,Soekarno Hatta,0.0024232107542493,53.5578040904198
7561816440,146.51579906979669,Cisaranten Kidul,Gedebage,22102,107.69231629999824,-6.960310649999583,Soekarno Hatta,0.0024232107542493,53.5578040904198
7561816440,139.70222990144578,Cisaranten Kidul,Gedebage,22102,107.69225529605016,-6.9603224786900375,Soekarno Hatta,0.0024232107542493,53.5578040904198
7561816440,132.8930042753578,Cisaranten Kidul,Gedebage,22102,107.6921942786768,-6.960334314139795,Soekarno Hatta,0.0024232107542493,53.5578040904198
7561816440,126.091011796047,Cisaranten Kidul,Gedebage,22102,107.6921332539522,-6.960346121321617,Soekarno Hatta,0.0024232107542493,53.5578040904198
7561816440,119.29612161743104,Cisaranten Kidul,Gedebage,22102,107.69207222131904,-6.960357935873168,Soekarno Hatta,0.0024232107542493,53.5578040904198
7561816440,112.51209925266924,Cisaranten Kidul,Gedebage,22102,107.69201119999823,-6.960369749999579,Soekarno Hatta,0.0024232107542493,53.5578040904198
7561816440,105.74237360055064,Cisaranten Kidul,Gedebage,22102,107.69195019999825,-6.960381549999591,Soekarno Hatta,0.0024232107542493,53.5578040904198
7561816440,156.0672914662535,Cisaranten Kidul,Gedebage,22102,107.6924026713427,-6.960296987334167,Soekarno Hatta,0.0024232107542493,53.5578040904198
6608965038,161.68161818086102,Cisaranten Kidul,Gedebage,22102,107.6924698539104,-6.960284071247941,Soekarno Hatta,0.0024232107542493,53.5578040904198
6617181572,159.3933913355676,Cisaranten Kidul,Gedebage,22102,107.69253699557304,-6.960271178648371,Soekarno Hatta,0.0024232107542493,53.5578040904198
6617181572,153.50665446172633,Cisaranten Kidul,Gedebage,22102,107.6926108499986,-6.960255549999999,Soekarno Hatta,0.0024232107542493,53.5578040904198
6617181572,147.85556941517584,Cisaranten Kidul,Gedebage,22102,107.69268469999828,-6.960239949999782,Soekarno Hatta,0.0024232107542493,53.5578040904198
6617181572,142.66299861064502,Cisaranten Kidul,Gedebage,22102,107.69275519999827,-6.96022569999977,Soekarno Hatta,0.0024232107542493,53.5578040904198
7561816440,36.8468980161788,Cisaranten Kidul,Gedebage,22102,107.69138972838878,-6.960758014452134,Soekarno Hatta,0.0024232107542493,53.5578040904198
7561816440,30.60919495796679,Cisaranten Kidul,Gedebage,22102,107.69133159999843,-6.960768199999525,Soekarno Hatta,0.0024232107542493,53.5578040904198
7561816440,87.36143479228473,Cisaranten Kidul,Gedebage,22102,107.691846549998,-6.960675849999461,Soekarno Hatta,0.0024232107542493,53.5578040904198
7561816440,80.38866851054122,Cisaranten Kidul,Gedebage,22102,107.69178407133276,-6.960687635359749,Soekarno Hatta,0.0024232107542493,53.5578040904198
7561816440,73.43079548335089,Cisaranten Kidul,Gedebage,22102,107.69172162866326,-6.960699464639185,Soekarno Hatta,0.0024232107542493,53.5578040904198
7561816440,66.48381089033923,Cisaranten Kidul,Gedebage,22102,107.69165914999802,-6.960711249999465,Soekarno Hatta,0.0024232107542493,53.5578040904198
7561816440,59.55929885353946,Cisaranten Kidul,Gedebage,22102,107.6915966961744,-6.960723028657477,Soekarno Hatta,0.0024232107542493,53.5578040904198
7561816440,52.663085851826274,Cisaranten Kidul,Gedebage,22102,107.691534249998,-6.960734799999458,Soekarno Hatta,0.0024232107542493,53.5578040904198
7561816440,145.1397598746265,Cisaranten Kidul,Gedebage,22102,107.69236235398412,-6.960578671413408,Soekarno Hatta,0.0024232107542493,53.5578040904198
7561816440,138.08737042764452,Cisaranten Kidul,Gedebage,22102,107.69229949999816,-6.960590499999509,Soekarno Hatta,0.0024232107542493,53.5578040904198
7561816440,131.03793601829364,Cisaranten Kidul,Gedebage,22102,107.69223664999818,-6.960602299999517,Soekarno Hatta,0.0024232107542493,53.5578040904198
7561816440,123.98553142210548,Cisaranten Kidul,Gedebage,22102,107.69217374999816,-6.960614099999534,Soekarno Hatta,0.0024232107542493,53.5578040904198
7561816440,116.94161460203104,Cisaranten Kidul,Gedebage,22102,107.69211089999818,-6.960625899999544,Soekarno Hatta,0.0024232107542493,53.5578040904198
7561816440,109.90054211450784,Cisaranten Kidul,Gedebage,22102,107.6920480460122,-6.960637728585639,Soekarno Hatta,0.0024232107542493,53.5578040904198
7561816440,102.8592391412806,Cisaranten Kidul,Gedebage,22102,107.69198514999816,-6.960649549999533,Soekarno Hatta,0.0024232107542493,53.5578040904198
6617181572,114.62658371781468,Cisaranten Kidul,Gedebage,22102,107.69288492170462,-6.960478287440956,Soekarno Hatta,0.0024232107542493,53.5578040904198
6617181572,119.96282857972598,Cisaranten Kidul,Gedebage,22102,107.69282119999878,-6.960489949999792,Soekarno Hatta,0.0024232107542493,53.5578040904198
6617181572,125.47978509320907,Cisaranten Kidul,Gedebage,22102,107.6927574999988,-6.960501599999787,Soekarno Hatta,0.0024232107542493,53.5578040904198
6617181572,131.1557614683405,Cisaranten Kidul,Gedebage,22102,107.69269379999878,-6.960513249999776,Soekarno Hatta,0.0024232107542493,53.5578040904198
6617181572,136.97099004823858,Cisaranten Kidul,Gedebage,22102,107.6926300999988,-6.960524899999796,Soekarno Hatta,0.0024232107542493,53.5578040904198
6617181572,142.90847242284403,Cisaranten Kidul,Gedebage,22102,107.69256639999878,-6.960536549999775,Soekarno Hatta,0.0024232107542493,53.5578040904198
6617181572,148.9535896451554,Cisaranten Kidul,Gedebage,22102,107.69250269999878,-6.960548199999802,Soekarno Hatta,0.0024232107542493,53.5578040904198
10968637163,55.76567505567468,Cisaranten Kidul,Gedebage,22102,107.69183439999811,-6.957416949999719,Soekarno Hatta,0.0024232107542493,53.5578040904198
7561564769,31.318738530540376,Cisaranten Kidul,Gedebage,22102,107.69225437878782,-6.957340263891813,Soekarno Hatta,0.0024232107542493,53.5578040904198
10968637163,60.51914856211123,Cisaranten Kidul,Gedebage,22102,107.69195897832412,-6.95753401248437,Soekarno Hatta,0.0024232107542493,53.5578040904198
10968637163,90.93934224699775,Cisaranten Kidul,Gedebage,22102,107.69157124518016,-6.95760877841098,Soekarno Hatta,0.0024232107542493,53.5578040904198
10968637163,116.08606501023888,Cisaranten Kidul,Gedebage,22102,107.69153514624742,-6.957873728353347,Soekarno Hatta,0.0024232107542493,53.5578040904198
7561564769,74.62549557848959,Cisaranten Kidul,Gedebage,22102,107.6923464499982,-6.957731449999531,Soekarno Hatta,0.0024232107542493,53.5578040904198
7561564769,100.95271224345991,Cisaranten Kidul,Gedebage,22102,107.69202397620988,-6.957932158449421,Soekarno Hatta,0.0024232107542493,53.5578040904198
10968637163,129.9772745909678,Cisaranten Kidul,Gedebage,22102,107.6915258499985,-6.958018199999666,Soekarno Hatta,0.0024232107542493,53.5578040904198
6608965044,64.61584354132296,Cisaranten Kidul,Gedebage,22102,107.69240100556098,-6.9581258717882415,Soekarno Hatta,0.0024232107542493,53.5578040904198
6608965040,133.80363680868754,Cisaranten Kidul,Gedebage,22102,107.69146690402415,-6.958298021409097,Soekarno Hatta,0.0024232107542493,53.5578040904198
6608965040,72.65309916182471,Cisaranten Kidul,Gedebage,22102,107.69210099999844,-6.9583184999998,Soekarno Hatta,0.0024232107542493,53.5578040904198
6608965040,130.1664880883482,Cisaranten Kidul,Gedebage,22102,107.69145194999828,-6.958439549999652,Soekarno Hatta,0.0024232107542493,53.5578040904198
6608965040,46.20676294969349,Cisaranten Kidul,Gedebage,22102,107.69216969464576,-6.958704927991293,Soekarno Hatta,0.0024232107542493,53.5578040904198
6608965040,52.40633042148069,Cisaranten Kidul,Gedebage,22102,107.69215124999836,-6.958569699999623,Soekarno Hatta,0.0024232107542493,53.5578040904198
6608965040,63.16610570151994,Cisaranten Kidul,Gedebage,22102,107.69203902178788,-6.9585910872942005,Soekarno Hatta,0.0024232107542493,53.5578040904198
6608965040,107.0967812228782,Cisaranten Kidul,Gedebage,22102,107.69161589999824,-6.958810099999715,Soekarno Hatta,0.0024232107542493,53.5578040904198
6608965040,128.9939142148135,Cisaranten Kidul,Gedebage,22102,107.69141927200972,-6.958840188960228,Soekarno Hatta,0.0024232107542493,53.5578040904198
6608965040,129.85621767968766,Cisaranten Kidul,Gedebage,22102,107.691410795335,-6.958699427595542,Soekarno Hatta,0.0024232107542493,53.5578040904198
6608965038,46.08639639411449,Cisaranten Kidul,Gedebage,22102,107.69221354999854,-6.958995349999892,Soekarno Hatta,0.0024232107542493,53.5578040904198
6608965038,107.09364519220784,Cisaranten Kidul,Gedebage,22102,107.69166364999865,-6.959092399999849,Soekarno Hatta,0.0024232107542493,53.5578040904198
6608965038,135.48685638075654,Cisaranten Kidul,Gedebage,22102,107.69140989999862,-6.959137699999904,Soekarno Hatta,0.0024232107542493,53.5578040904198
6608965038,109.55409027329672,Cisaranten Kidul,Gedebage,22102,107.69168357199176,-6.959215589310544,Soekarno Hatta,0.0024232107542493,53.5578040904198
6608965038,139.27887752832405,Cisaranten Kidul,Gedebage,22102,107.6914137777962,-6.959264210122679,Soekarno Hatta,0.0024232107542493,53.5578040904198
7561816440,136.6890885437139,Cisaranten Kidul,Gedebage,22102,107.69139259999923,-6.959536549999997,Soekarno Hatta,0.0024232107542493,53.5578040904198
6608965038,119.520292735812,Cisaranten Kidul,Gedebage,22102,107.69173344999884,-6.95948010000004,Soekarno Hatta,0.0024232107542493,53.5578040904198
6608965038,85.71823499581157,Cisaranten Kidul,Gedebage,22102,107.69226497810868,-6.959529162788744,Soekarno Hatta,0.0024232107542493,53.5578040904198
6608965038,127.87673716422395,Cisaranten Kidul,Gedebage,22102,107.6917497999988,-6.959616699999773,Soekarno Hatta,0.0024232107542493,53.5578040904198
7561816440,121.1372374350092,Cisaranten Kidul,Gedebage,22102,107.69137944999882,-6.959679149999763,Soekarno Hatta,0.0024232107542493,53.5578040904198
7561816440,116.09719575451332,Cisaranten Kidul,Gedebage,22102,107.69169025447628,-6.959888021737743,Soekarno Hatta,0.0024232107542493,53.5578040904198
7561816440,78.3556826901148,Cisaranten Kidul,Gedebage,22102,107.6913620826206,-6.960086035507148,Soekarno Hatta,0.0024232107542493,53.5578040904198
7561816440,116.4503378372324,Cisaranten Kidul,Gedebage,22102,107.69182284999836,-6.960002199999628,Soekarno Hatta,0.0024232107542493,53.5578040904198
7561816440,124.39895589408306,Cisaranten Kidul,Gedebage,22102,107.69179359999848,-6.95987504999966,Soekarno Hatta,0.0024232107542493,53.5578040904198
6608965054,96.43893169206493,Cisaranten Kidul,Gedebage,22102,107.69273854999848,-6.959701549999737,Soekarno Hatta,0.0024232107542493,53.5578040904198
6608965038,119.84932001125313,Cisaranten Kidul,Gedebage,22102,107.69240784491848,-6.959895128380643,Soekarno Hatta,0.0024232107542493,53.5578040904198
6608965054,137.12616669089795,Cisaranten Kidul,Gedebage,22102,107.69280509999768,-6.960075049999473,Soekarno Hatta,0.0024232107542493,53.5578040904198
6617181572,137.73791323192376,Cisaranten Kidul,Gedebage,22102,107.6928256999983,-6.960211399999773,Soekarno Hatta,0.0024232107542493,53.5578040904198
7561816440,148.85093058553363,Cisaranten Kidul,Gedebage,22102,107.69229004999814,-6.96018359999944,Soekarno Hatta,0.0024232107542493,53.5578040904198
7561816440,98.98379452331352,Cisaranten Kidul,Gedebage,22102,107.69188917867749,-6.960393364126014,Soekarno Hatta,0.0024232107542493,53.5578040904198
7561816440,92.98190645905048,Cisaranten Kidul,Gedebage,22102,107.69176939629835,-6.960277528694672,Soekarno Hatta,0.0024232107542493,53.5578040904198
7561816440,88.28375558029977,Cisaranten Kidul,Gedebage,22102,107.69179179999873,-6.960411099999735,Soekarno Hatta,0.0024232107542493,53.5578040904198
7561816440,24.52543987906759,Cisaranten Kidul,Gedebage,22102,107.69127349999845,-6.96077839999953,Soekarno Hatta,0.0024232107542493,53.5578040904198
7561816440,45.8064378356864,Cisaranten Kidul,Gedebage,22102,107.691471799998,-6.960746599999454,Soekarno Hatta,0.0024232107542493,53.5578040904198
7561816440,95.82872307667888,Cisaranten Kidul,Gedebage,22102,107.6919223039759,-6.960661371409233,Soekarno Hatta,0.0024232107542493,53.5578040904198
7561816440,153.79945650326178,Cisaranten Kidul,Gedebage,22102,107.69243899999876,-6.960559849999788,Soekarno Hatta,0.0024232107542493,53.5578040904198
6608965038,122.90536377802864,Cisaranten Kidul,Gedebage,22102,107.69234219597848,-6.95990987864474,Soekarno Hatta,0.0024232107542493,53.5578040904198
6608982099,48.30113264031387,Cisaranten Kidul,Gedebage,22102,107.69499344999852,-6.9612506999996056,Soekarno Hatta,0.0024232107542493,53.5578040904198
6617181572,82.2335246525921,Cisaranten Kidul,Gedebage,22102,107.69442629999864,-6.961362399999705,Soekarno Hatta,0.0024232107542493,53.5578040904198
6608982094,84.74166212215745,Rancabolang,Gedebage,12738,107.69506254999877,-6.961610449999727,Soekarno Hatta,0.0024232107542493,30.86685858762861
6608982099,110.19067761120183,Rancabolang,Gedebage,12738,107.69458619999888,-6.961701849999843,Soekarno Hatta,0.0024232107542493,30.86685858762861
6608982099,100.41676088445044,Rancabolang,Gedebage,12738,107.69456249999888,-6.961586849999839,Soekarno Hatta,0.0024232107542493,30.86685858762861
6608982094,73.6100878379567,Rancabolang,Gedebage,12738,107.695039599999,-6.96149579999981,Soekarno Hatta,0.0024232107542493,30.86685858762861
6408734420,153.52134454661876,Rancabolang,Gedebage,12738,107.69522444999976,-6.962351550000524,Soekarno Hatta,0.0024232107542493,30.86685858762861
6608982094,151.03825076369756,Rancabolang,Gedebage,12738,107.695187999999,-6.962239499999824,Soekarno Hatta,0.0024232107542493,30.86685858762861
6408734420,159.63828460653176,Rancabolang,Gedebage,12738,107.69471084999888,-6.962330549999821,Soekarno Hatta,0.0024232107542493,30.86685858762861
6408734420,146.60225007412444,Rancabolang,Gedebage,12738,107.69474424372908,-6.962443628257301,Soekarno Hatta,0.0024232107542493,30.86685858762861
6608982094,118.47449266336234,Rancabolang,Gedebage,12738,107.69565019999908,-6.961885449999997,Soekarno Hatta,0.0024232107542493,30.86685858762861
6608982099,145.76245416674763,Rancabolang,Gedebage,12738,107.69466379999886,-6.962078449999814,Soekarno Hatta,0.0024232107542493,30.86685858762861
6608982099,134.47086460310987,Rancabolang,Gedebage,12738,107.69464009999886,-6.961963449999836,Soekarno Hatta,0.0024232107542493,30.86685858762861
6608982094,105.74516083348252,Rancabolang,Gedebage,12738,107.69563229999872,-6.961769349999705,Soekarno Hatta,0.0024232107542493,30.86685858762861
6377275634,123.37746890793062,Rancabolang,Gedebage,12738,107.69581189999936,-6.962705600000218,Soekarno Hatta,0.0024232107542493,30.86685858762861
6408734420,95.5590317147745,Rancabolang,Gedebage,12738,107.69483354999916,-6.962897000000002,Soekarno Hatta,0.0024232107542493,30.86685858762861
6408734420,108.48885495869114,Rancabolang,Gedebage,12738,107.69481539999958,-6.962780900000399,Soekarno Hatta,0.0024232107542493,30.86685858762861
6377275634,134.16542600478238,Rancabolang,Gedebage,12738,107.6957830999998,-6.9625916500005385,Soekarno Hatta,0.0024232107542493,30.86685858762861
6406042419,66.86525878175814,Rancabolang,Gedebage,12738,107.69487534999917,-6.963153600000059,Soekarno Hatta,0.0024232107542493,30.86685858762861
6377275634,102.7869645862537,Rancabolang,Gedebage,12738,107.69585969999936,-6.962959650000193,Soekarno Hatta,0.0024232107542493,30.86685858762861
6406042419,53.87447587963578,Rancabolang,Gedebage,12738,107.69489904999917,-6.963268600000027,Soekarno Hatta,0.0024232107542493,30.86685858762861
6377275634,94.27622207997103,Rancabolang,Gedebage,12738,107.6958873499991,-6.963073800000019,Soekarno Hatta,0.0024232107542493,30.86685858762861
7562048168,103.75675100923024,Rancabolang,Gedebage,12738,107.69645177841234,-6.961611311448939,Soekarno Hatta,0.0024232107542493,30.86685858762861
7562048168,94.42853539284825,Rancabolang,Gedebage,12738,107.69647679999916,-6.961723350000076,Soekarno Hatta,0.0024232107542493,30.86685858762861
7562048168,77.46210715251381,Rancabolang,Gedebage,12738,107.69652679999888,-6.961983749999946,Soekarno Hatta,0.0024232107542493,30.86685858762861
7562048168,71.73796726699481,Rancabolang,Gedebage,12738,107.69655699999969,-6.962091650000485,Soekarno Hatta,0.0024232107542493,30.86685858762861
7562048168,69.29836090645718,Rancabolang,Gedebage,12738,107.6966257999998,-6.962427500000591,Soekarno Hatta,0.0024232107542493,30.86685858762861
7562048168,73.5385538613074,Rancabolang,Gedebage,12738,107.6966428499996,-6.96253955000033,Soekarno Hatta,0.0024232107542493,30.86685858762861
6608982094,113.85172213587464,Rancabolang,Gedebage,12738,107.69586779999884,-6.9617277499999,Soekarno Hatta,0.0024232107542493,30.86685858762861
6608982094,125.26708107163236,Rancabolang,Gedebage,12738,107.69588844999926,-6.961837500000096,Soekarno Hatta,0.0024232107542493,30.86685858762861
7562048168,139.14166707405536,Rancabolang,Gedebage,12738,107.69594419999912,-6.962099700000128,Soekarno Hatta,0.0024232107542493,30.86685858762861
7562048168,136.07644202254426,Rancabolang,Gedebage,12738,107.69596995000002,-6.962208450000624,Soekarno Hatta,0.0024232107542493,30.86685858762861
6377275634,119.55671536327684,Rancabolang,Gedebage,12738,107.6960378437132,-6.962544628292299,Soekarno Hatta,0.0024232107542493,30.86685858762861
6377275634,108.9248843482614,Rancabolang,Gedebage,12738,107.69604934999926,-6.962656200000088,Soekarno Hatta,0.0024232107542493,30.86685858762861
6377275634,73.86841537778481,Rancabolang,Gedebage,12738,107.69612534999924,-6.963030500000103,Soekarno Hatta,0.0024232107542493,30.86685858762861
6377275634,83.31567191598681,Rancabolang,Gedebage,12738,107.69610479999884,-6.962920749999913,Soekarno Hatta,0.0024232107542493,30.86685858762861
6377275634,69.35646669787725,Rancabolang,Gedebage,12738,107.6966976499991,-6.962799600000087,Soekarno Hatta,0.0024232107542493,30.86685858762861
6377275634,56.68041174289204,Rancabolang,Gedebage,12738,107.69671464999888,-6.962915749999924,Soekarno Hatta,0.0024232107542493,30.86685858762861
9778614765,94.75138519417602,Cisaranten Kidul,Gedebage,22102,107.70210899999866,-6.957905199999585,Soekarno Hatta,0.0024232107542493,53.5578040904198
9778614765,80.77275300514768,Cisaranten Kidul,Gedebage,22102,107.70204979999886,-6.957788199999632,Soekarno Hatta,0.0024232107542493,53.5578040904198
9778614765,58.83586904040393,Cisaranten Kidul,Gedebage,22102,107.70197820446538,-6.957569471863837,Soekarno Hatta,0.0024232107542493,53.5578040904198
9778614765,49.27865573039652,Cisaranten Kidul,Gedebage,22102,107.701952649999,-6.957440949999873,Soekarno Hatta,0.0024232107542493,53.5578040904198
12084548103,41.32966280984889,Cisaranten Kidul,Gedebage,22102,107.70309569999884,-6.95736654999985,Soekarno Hatta,0.0024232107542493,53.5578040904198
13142184800,41.28431492100962,Cisaranten Kidul,Gedebage,22102,107.70317917190484,-6.957352787922847,Soekarno Hatta,0.0024232107542493,53.5578040904198
13142184800,28.32396185083888,Cisaranten Kidul,Gedebage,22102,107.70315964999875,-6.957236399999823,Soekarno Hatta,0.0024232107542493,53.5578040904198
12084548103,28.38445458704637,Cisaranten Kidul,Gedebage,22102,107.70307619999885,-6.957250099999842,Soekarno Hatta,0.0024232107542493,53.5578040904198
12084548103,81.30176190926889,Cisaranten Kidul,Gedebage,22102,107.70316134999857,-6.957722599999634,Soekarno Hatta,0.0024232107542493,53.5578040904198
13142184800,81.267758782867,Cisaranten Kidul,Gedebage,22102,107.70323694999853,-6.957710299999593,Soekarno Hatta,0.0024232107542493,53.5578040904198
13142184800,68.22633089494822,Cisaranten Kidul,Gedebage,22102,107.70321740431612,-6.957593871743962,Soekarno Hatta,0.0024232107542493,53.5578040904198
12084548103,67.40894424800662,Cisaranten Kidul,Gedebage,22102,107.70307614999857,-6.957610899999614,Soekarno Hatta,0.0024232107542493,53.5578040904198
4054886233,170.84700016661685,Cisaranten Kidul,Gedebage,22102,107.7046579717298,-6.957445186303189,Soekarno Hatta,0.0024232107542493,53.5578040904198
13142184800,143.41921196501602,Cisaranten Kidul,Gedebage,22102,107.70434342162449,-6.9575003353652205,Soekarno Hatta,0.0024232107542493,53.5578040904198
13142184800,167.93360544128157,Cisaranten Kidul,Gedebage,22102,107.70463519999868,-6.957321399999635,Soekarno Hatta,0.0024232107542493,53.5578040904198
13142184800,136.10391990653125,Cisaranten Kidul,Gedebage,22102,107.70432062162446,-6.957376535365214,Soekarno Hatta,0.0024232107542493,53.5578040904198
13142184800,107.61322482853215,Cisaranten Kidul,Gedebage,22102,107.7041264046621,-6.957044921832623,Soekarno Hatta,0.0024232107542493,53.5578040904198
13142184800,157.59193382100483,Cisaranten Kidul,Gedebage,22102,107.70458039999848,-6.956963799999544,Soekarno Hatta,0.0024232107542493,53.5578040904198
13142184800,160.046345359299,Cisaranten Kidul,Gedebage,22102,107.70459899999868,-6.957083749999631,Soekarno Hatta,0.0024232107542493,53.5578040904198
13142184800,125.66780755541068,Cisaranten Kidul,Gedebage,22102,107.70428059999884,-6.957139599999747,Soekarno Hatta,0.0024232107542493,53.5578040904198
4054903366,93.12839314981608,Cisaranten Kidul,Gedebage,22102,107.70222725000043,-6.965103050000286,Soekarno Hatta,0.0024232107542493,53.5578040904198
4054903366,57.65696406936384,Cisaranten Kidul,Gedebage,22102,107.70260090000036,-6.965184150000165,Soekarno Hatta,0.0024232107542493,53.5578040904198
4054903366,87.77218659633189,Cisaranten Kidul,Gedebage,22102,107.7022232060347,-6.965194128632668,Soekarno Hatta,0.0024232107542493,53.5578040904198
4054903366,51.39877997956706,Cisaranten Kidul,Gedebage,22102,107.70258495000034,-6.965268850000268,Soekarno Hatta,0.0024232107542493,53.5578040904198
5461004257,81.33091763787618,Cisaranten Kidul,Gedebage,22102,107.70374480000022,-6.9654285000000975,Soekarno Hatta,0.0024232107542493,53.5578040904198
5461004257,76.81814977109515,Cisaranten Kidul,Gedebage,22102,107.70373475000008,-6.965525349999318,Soekarno Hatta,0.0024232107542493,53.5578040904198
5461004257,45.79046625963562,Cisaranten Kidul,Gedebage,22102,107.70322240000046,-6.96532530000018,Soekarno Hatta,0.0024232107542493,53.5578040904198
5461004257,35.859965904639395,Cisaranten Kidul,Gedebage,22102,107.70320245000065,-6.965414549999757,Soekarno Hatta,0.0024232107542493,53.5578040904198
6608982099,76.71093748027371,Rancabolang,Gedebage,12738,107.69496874999886,-6.961506249999826,Soekarno Hatta,0.0024232107542493,30.86685858762861
6608982099,78.9117984865263,Rancabolang,Gedebage,12738,107.69491072142156,-6.9615177373292525,Soekarno Hatta,0.0024232107542493,30.86685858762861
6608982099,81.58364154303993,Rancabolang,Gedebage,12738,107.6948526785762,-6.961529262670422,Soekarno Hatta,0.0024232107542493,30.86685858762861
6608982099,84.67869793488832,Rancabolang,Gedebage,12738,107.69479464999888,-6.961540799999834,Soekarno Hatta,0.0024232107542493,30.86685858762861
6608982099,88.1514968579054,Rancabolang,Gedebage,12738,107.69473662142154,-6.961552337329277,Soekarno Hatta,0.0024232107542493,30.86685858762861
6608982099,91.95645286619164,Rancabolang,Gedebage,12738,107.69467859999888,-6.961563849999849,Soekarno Hatta,0.0024232107542493,30.86685858762861
6608982099,96.0569159293246,Rancabolang,Gedebage,12738,107.69462054999886,-6.961575349999841,Soekarno Hatta,0.0024232107542493,30.86685858762861
6608982094,41.26999256751954,Cisaranten Kidul,Gedebage,22102,107.69514029999851,-6.961221199999617,Soekarno Hatta,0.0024232107542493,53.5578040904198
6608982094,44.63243910574855,Cisaranten Kidul,Gedebage,22102,107.69509134999852,-6.961231049999626,Soekarno Hatta,0.0024232107542493,53.5578040904198
6608982099,46.90110102661184,Cisaranten Kidul,Gedebage,22102,107.69504239999854,-6.961240899999632,Soekarno Hatta,0.0024232107542493,53.5578040904198
6608982099,51.01519711694318,Cisaranten Kidul,Gedebage,22102,107.69492839999864,-6.961263549999702,Soekarno Hatta,0.0024232107542493,53.5578040904198
6608982099,54.02961995469125,Cisaranten Kidul,Gedebage,22102,107.69487259999865,-6.961274549999717,Soekarno Hatta,0.0024232107542493,53.5578040904198
6608982099,57.572652094470186,Cisaranten Kidul,Gedebage,22102,107.69481680405184,-6.961285521307059,Soekarno Hatta,0.0024232107542493,53.5578040904198
6608982099,61.55688015207113,Cisaranten Kidul,Gedebage,22102,107.69476099999862,-6.961296499999728,Soekarno Hatta,0.0024232107542493,53.5578040904198
6608982099,65.89999937699247,Cisaranten Kidul,Gedebage,22102,107.69470524999863,-6.96130749999974,Soekarno Hatta,0.0024232107542493,53.5578040904198
6608982099,70.53455789990291,Cisaranten Kidul,Gedebage,22102,107.69464949594544,-6.96131847869237,Soekarno Hatta,0.0024232107542493,53.5578040904198
6608982099,75.41075168151349,Cisaranten Kidul,Gedebage,22102,107.69459369999862,-6.96132944999972,Soekarno Hatta,0.0024232107542493,53.5578040904198
6608982099,80.48307346293788,Cisaranten Kidul,Gedebage,22102,107.69453790405186,-6.961340421307061,Soekarno Hatta,0.0024232107542493,53.5578040904198
6608982099,85.71792514297202,Cisaranten Kidul,Gedebage,22102,107.69448209999862,-6.961351399999709,Soekarno Hatta,0.0024232107542493,53.5578040904198
6608982094,62.74252383064004,Cisaranten Kidul,Gedebage,22102,107.695310699999,-6.961444749999816,Soekarno Hatta,0.0024232107542493,53.5578040904198
6608982094,63.90563749484989,Rancabolang,Gedebage,12738,107.695256499999,-6.961454949999814,Soekarno Hatta,0.0024232107542493,30.86685858762861
6608982094,65.62048114904287,Rancabolang,Gedebage,12738,107.69520229551875,-6.961465178430123,Soekarno Hatta,0.0024232107542493,30.86685858762861
6608982094,67.84263146478592,Rancabolang,Gedebage,12738,107.695148049999,-6.961475399999813,Soekarno Hatta,0.0024232107542493,30.86685858762861
6608982094,70.52249568042488,Rancabolang,Gedebage,12738,107.695093799999,-6.961485599999804,Soekarno Hatta,0.0024232107542493,30.86685858762861
6608982094,88.4372634573483,Rancabolang,Gedebage,12738,107.69499244999886,-6.961621249999824,Soekarno Hatta,0.0024232107542493,30.86685858762861
6608982099,91.06418370379946,Rancabolang,Gedebage,12738,107.69493442142154,-6.961632737329255,Soekarno Hatta,0.0024232107542493,30.86685858762861
6608982099,93.38269070582122,Rancabolang,Gedebage,12738,107.6948763785762,-6.961644262670411,Soekarno Hatta,0.0024232107542493,30.86685858762861
6608982099,96.09257518856325,Rancabolang,Gedebage,12738,107.69481834999888,-6.961655799999841,Soekarno Hatta,0.0024232107542493,30.86685858762861
6608982099,99.16073955720368,Rancabolang,Gedebage,12738,107.69476032142154,-6.961667337329254,Soekarno Hatta,0.0024232107542493,30.86685858762861
6608982099,102.55220384660107,Rancabolang,Gedebage,12738,107.69470229999888,-6.961678849999843,Soekarno Hatta,0.0024232107542493,30.86685858762861
6608982099,106.2386160214239,Rancabolang,Gedebage,12738,107.69464424999886,-6.9616903499998415,Soekarno Hatta,0.0024232107542493,30.86685858762861
6608982094,75.42859423587825,Rancabolang,Gedebage,12738,107.69533409999876,-6.961558249999723,Soekarno Hatta,0.0024232107542493,30.86685858762861
6608982094,76.40918328756285,Rancabolang,Gedebage,12738,107.69527979999876,-6.961568699999716,Soekarno Hatta,0.0024232107542493,30.86685858762861
6608982094,77.85909332407311,Rancabolang,Gedebage,12738,107.69522549999874,-6.961579149999757,Soekarno Hatta,0.0024232107542493,30.86685858762861
6608982094,79.74914437702542,Rancabolang,Gedebage,12738,107.69517117858814,-6.961589563679631,Soekarno Hatta,0.0024232107542493,30.86685858762861
6608982094,82.05526604736865,Rancabolang,Gedebage,12738,107.69511684999875,-6.961599999999708,Soekarno Hatta,0.0024232107542493,30.86685858762861
6608982094,114.30787901504944,Rancabolang,Gedebage,12738,107.69504629999886,-6.96188279999985,Soekarno Hatta,0.0024232107542493,30.86685858762861
6608982094,117.19289364279597,Rancabolang,Gedebage,12738,107.69498829553469,-6.961894328589987,Soekarno Hatta,0.0024232107542493,30.86685858762861
6608982094,120.36517272780206,Rancabolang,Gedebage,12738,107.69493024999888,-6.961905849999827,Soekarno Hatta,0.0024232107542493,30.86685858762861
6608982099,123.22570492188886,Rancabolang,Gedebage,12738,107.69487220446308,-6.961917371409708,Soekarno Hatta,0.0024232107542493,30.86685858762861
6608982099,125.62150343642033,Rancabolang,Gedebage,12738,107.69481419999887,-6.961928899999842,Soekarno Hatta,0.0024232107542493,30.86685858762861
6608982099,128.30623390111714,Rancabolang,Gedebage,12738,107.69475619553468,-6.961940428589992,Soekarno Hatta,0.0024232107542493,30.86685858762861
6608982099,131.26272892458687,Rancabolang,Gedebage,12738,107.69469814999889,-6.961951949999826,Soekarno Hatta,0.0024232107542493,30.86685858762861
6608982094,111.52860410498016,Rancabolang,Gedebage,12738,107.69511289999872,-6.961870949999697,Soekarno Hatta,0.0024232107542493,30.86685858762861
6608982094,109.56688733045672,Rancabolang,Gedebage,12738,107.69516484999876,-6.961860799999695,Soekarno Hatta,0.0024232107542493,30.86685858762861
6608982094,107.887454276232,Rancabolang,Gedebage,12738,107.69521679999872,-6.961850649999705,Soekarno Hatta,0.0024232107542493,30.86685858762861
6608982094,106.4982321703991,Rancabolang,Gedebage,12738,107.69526869999872,-6.9618404499997055,Soekarno Hatta,0.0024232107542493,30.86685858762861
6608982094,105.42142021593236,Rancabolang,Gedebage,12738,107.69532064999872,-6.961830299999711,Soekarno Hatta,0.0024232107542493,30.86685858762861
6608982094,104.66138250858106,Rancabolang,Gedebage,12738,107.69537259999872,-6.961820149999694,Soekarno Hatta,0.0024232107542493,30.86685858762861
6608982094,104.22504936127322,Rancabolang,Gedebage,12738,107.69542454999872,-6.961809999999706,Soekarno Hatta,0.0024232107542493,30.86685858762861
6608982094,104.11649067165185,Rancabolang,Gedebage,12738,107.69547649999872,-6.961799849999711,Soekarno Hatta,0.0024232107542493,30.86685858762861
6608982094,104.32996565420322,Rancabolang,Gedebage,12738,107.69552839999872,-6.961789649999725,Soekarno Hatta,0.0024232107542493,30.86685858762861
6608982094,104.8767227371644,Rancabolang,Gedebage,12738,107.69558034999874,-6.961779499999708,Soekarno Hatta,0.0024232107542493,30.86685858762861
6608982094,126.19502621761612,Rancabolang,Gedebage,12738,107.69506999999886,-6.961997799999845,Soekarno Hatta,0.0024232107542493,30.86685858762861
6608982094,128.8096341974123,Rancabolang,Gedebage,12738,107.69501199553468,-6.962009328589998,Soekarno Hatta,0.0024232107542493,30.86685858762861
6608982094,131.69788306174777,Rancabolang,Gedebage,12738,107.69495394999888,-6.962020849999844,Soekarno Hatta,0.0024232107542493,30.86685858762861
6608982094,134.84211210204148,Rancabolang,Gedebage,12738,107.69489590446308,-6.962032371409697,Soekarno Hatta,0.0024232107542493,30.86685858762861
6608982099,137.6540245514561,Rancabolang,Gedebage,12738,107.69483789999887,-6.962043899999846,Soekarno Hatta,0.0024232107542493,30.86685858762861
6608982099,140.10429008500202,Rancabolang,Gedebage,12738,107.69477989553468,-6.962055428589978,Soekarno Hatta,0.0024232107542493,30.86685858762861
6608982099,142.8125922044187,Rancabolang,Gedebage,12738,107.69472184999888,-6.962066949999833,Soekarno Hatta,0.0024232107542493,30.86685858762861
6608982094,123.49896064275543,Rancabolang,Gedebage,12738,107.6951423999991,-6.961984849999984,Soekarno Hatta,0.0024232107542493,30.86685858762861
6608982094,121.4188010342161,Rancabolang,Gedebage,12738,107.6952058999991,-6.961972449999986,Soekarno Hatta,0.0024232107542493,30.86685858762861
6608982094,119.72524747143233,Rancabolang,Gedebage,12738,107.6952693499991,-6.961959999999993,Soekarno Hatta,0.0024232107542493,30.86685858762861
6608982094,118.4398610644194,Rancabolang,Gedebage,12738,107.69533279999912,-6.961947549999972,Soekarno Hatta,0.0024232107542493,30.86685858762861
6608982094,117.58210172234416,Rancabolang,Gedebage,12738,107.6953962999991,-6.961935149999983,Soekarno Hatta,0.0024232107542493,30.86685858762861
6608982094,117.15580062976557,Rancabolang,Gedebage,12738,107.6954597999991,-6.961922749999979,Soekarno Hatta,0.0024232107542493,30.86685858762861
6608982094,117.15904044647309,Rancabolang,Gedebage,12738,107.6955232499991,-6.961910299999966,Soekarno Hatta,0.0024232107542493,30.86685858762861
6608982094,117.597857805032,Rancabolang,Gedebage,12738,107.69558669999908,-6.961897849999991,Soekarno Hatta,0.0024232107542493,30.86685858762861
6608982094,152.9557021883236,Rancabolang,Gedebage,12738,107.69511709999888,-6.962249949999839,Soekarno Hatta,0.0024232107542493,30.86685858762861
6608982094,155.13261385544476,Rancabolang,Gedebage,12738,107.6950590785762,-6.962261462670441,Soekarno Hatta,0.0024232107542493,30.86685858762861
6608982094,157.54789472338862,Rancabolang,Gedebage,12738,107.69500102142156,-6.9622729373292325,Soekarno Hatta,0.0024232107542493,30.86685858762861
6608982094,160.2028091195837,Rancabolang,Gedebage,12738,107.69494299999886,-6.962284499999859,Soekarno Hatta,0.0024232107542493,30.86685858762861
6408734420,159.84518743394554,Rancabolang,Gedebage,12738,107.69488497857618,-6.962296062670405,Soekarno Hatta,0.0024232107542493,30.86685858762861
6408734420,159.5087203322423,Rancabolang,Gedebage,12738,107.69482694999888,-6.962307549999829,Soekarno Hatta,0.0024232107542493,30.86685858762861
6408734420,159.43926966301146,Rancabolang,Gedebage,12738,107.69476889999886,-6.962319049999857,Soekarno Hatta,0.0024232107542493,30.86685858762861
6408734420,150.9766430103291,Rancabolang,Gedebage,12738,107.6951310999996,-6.962366850000403,Soekarno Hatta,0.0024232107542493,30.86685858762861
6408734420,149.0943340730108,Rancabolang,Gedebage,12738,107.69505372825924,-6.962382209385765,Soekarno Hatta,0.0024232107542493,30.86685858762861
6408734420,147.70702000746843,Rancabolang,Gedebage,12738,107.69497637173212,-6.962397540620786,Soekarno Hatta,0.0024232107542493,30.86685858762861
6408734420,146.81954582177673,Rancabolang,Gedebage,12738,107.69489899373455,-6.962412928266994,Soekarno Hatta,0.0024232107542493,30.86685858762861
6408734420,146.45074397097974,Rancabolang,Gedebage,12738,107.69482163452555,-6.962428281125497,Soekarno Hatta,0.0024232107542493,30.86685858762861
6608982094,159.12125180667974,Rancabolang,Gedebage,12738,107.69546884999976,-6.962304600000511,Soekarno Hatta,0.0024232107542493,30.86685858762861
6608982094,159.9631636128699,Rancabolang,Gedebage,12738,107.69538739999976,-6.962320250000486,Soekarno Hatta,0.0024232107542493,30.86685858762861
6408734420,156.5324814500561,Rancabolang,Gedebage,12738,107.69530594999976,-6.962335900000499,Soekarno Hatta,0.0024232107542493,30.86685858762861
6608982094,146.23360595780574,Rancabolang,Gedebage,12738,107.695458999999,-6.962188449999814,Soekarno Hatta,0.0024232107542493,30.86685858762861
6608982094,146.69971273348102,Rancabolang,Gedebage,12738,107.695404799999,-6.962198649999808,Soekarno Hatta,0.0024232107542493,30.86685858762861
6608982094,147.419999727963,Rancabolang,Gedebage,12738,107.69535059551876,-6.9622088784301255,Soekarno Hatta,0.0024232107542493,30.86685858762861
6608982094,148.3870025435821,Rancabolang,Gedebage,12738,107.695296399999,-6.962219099999822,Soekarno Hatta,0.0024232107542493,30.86685858762861
6608982094,149.59422279493137,Rancabolang,Gedebage,12738,107.69524219999902,-6.962229299999798,Soekarno Hatta,0.0024232107542493,30.86685858762861
7562048168,81.95723383762267,Rancabolang,Gedebage,12738,107.69646195,-6.962110350000642,Soekarno Hatta,0.0024232107542493,30.86685858762861
7562048168,90.8633079319896,Rancabolang,Gedebage,12738,107.69637994999998,-6.96212670000064,Soekarno Hatta,0.0024232107542493,30.86685858762861
7562048168,99.83128928188836,Rancabolang,Gedebage,12738,107.69629795,-6.962143050000656,Soekarno Hatta,0.0024232107542493,30.86685858762861
7562048168,108.84587682344493,Rancabolang,Gedebage,12738,107.69621595,-6.962159400000643,Soekarno Hatta,0.0024232107542493,30.86685858762861
7562048168,117.89638002036418,Rancabolang,Gedebage,12738,107.69613395,-6.962175750000652,Soekarno Hatta,0.0024232107542493,30.86685858762861
7562048168,126.97511894016829,Rancabolang,Gedebage,12738,107.69605194999998,-6.962192100000628,Soekarno Hatta,0.0024232107542493,30.86685858762861
7562048168,85.86845583429407,Rancabolang,Gedebage,12738,107.69644414999912,-6.961999500000138,Soekarno Hatta,0.0024232107542493,30.86685858762861
7562048168,93.2530450930312,Rancabolang,Gedebage,12738,107.69637274999911,-6.962013800000136,Soekarno Hatta,0.0024232107542493,30.86685858762861
7562048168,100.74220465779555,Rancabolang,Gedebage,12738,107.69630132839586,-6.962028110715229,Soekarno Hatta,0.0024232107542493,30.86685858762861
7562048168,108.31292663429004,Rancabolang,Gedebage,12738,107.69622989999915,-6.962042450000137,Soekarno Hatta,0.0024232107542493,30.86685858762861
7562048168,115.94913499564348,Rancabolang,Gedebage,12738,107.6961584716024,-6.962056789285028,Soekarno Hatta,0.0024232107542493,30.86685858762861
7562048168,123.63824796129131,Rancabolang,Gedebage,12738,107.69608704999912,-6.962071100000119,Soekarno Hatta,0.0024232107542493,30.86685858762861
7562048168,131.37123168203615,Rancabolang,Gedebage,12738,107.69601562839588,-6.962085410715223,Soekarno Hatta,0.0024232107542493,30.86685858762861
7562048168,101.18557494767252,Rancabolang,Gedebage,12738,107.69639864999928,-6.961735700000084,Soekarno Hatta,0.0024232107542493,30.86685858762861
7562048168,106.78736631239305,Rancabolang,Gedebage,12738,107.69633484999926,-6.961748400000086,Soekarno Hatta,0.0024232107542493,30.86685858762861
7562048168,112.56294528296375,Rancabolang,Gedebage,12738,107.69627109999928,-6.9617611500000764,Soekarno Hatta,0.0024232107542493,30.86685858762861
7562048168,118.49331687066548,Rancabolang,Gedebage,12738,107.69620734999926,-6.961773900000074,Soekarno Hatta,0.0024232107542493,30.86685858762861
7562048168,124.5634777424209,Rancabolang,Gedebage,12738,107.69614354999926,-6.961786600000055,Soekarno Hatta,0.0024232107542493,30.86685858762861
7562048168,130.74766931076758,Rancabolang,Gedebage,12738,107.69607974999929,-6.961799300000062,Soekarno Hatta,0.0024232107542493,30.86685858762861
6608982094,131.06083180173448,Rancabolang,Gedebage,12738,107.69601599999926,-6.96181205000009,Soekarno Hatta,0.0024232107542493,30.86685858762861
6608982094,127.99866925564474,Rancabolang,Gedebage,12738,107.69595224999928,-6.961824800000077,Soekarno Hatta,0.0024232107542493,30.86685858762861
7562048168,109.67557068810817,Rancabolang,Gedebage,12738,107.69637564999884,-6.961626000000001,Soekarno Hatta,0.0024232107542493,30.86685858762861
7562048168,114.84336142824417,Rancabolang,Gedebage,12738,107.69631214999885,-6.961638699999905,Soekarno Hatta,0.0024232107542493,30.86685858762861
7562048168,120.21326203985126,Rancabolang,Gedebage,12738,107.69624866676118,-6.961651416424049,Soekarno Hatta,0.0024232107542493,30.86685858762861
7562048168,125.7591275420751,Rancabolang,Gedebage,12738,107.69618519999884,-6.961664149999909,Soekarno Hatta,0.0024232107542493,30.86685858762861
6608982094,127.79275030276058,Rancabolang,Gedebage,12738,107.69612173323648,-6.961676883575762,Soekarno Hatta,0.0024232107542493,30.86685858762861
6608982094,123.83458856527092,Rancabolang,Gedebage,12738,107.69605824999884,-6.961689599999879,Soekarno Hatta,0.0024232107542493,30.86685858762861
6608982094,120.17299002250732,Rancabolang,Gedebage,12738,107.69599476676116,-6.96170231642407,Soekarno Hatta,0.0024232107542493,30.86685858762861
6608982094,116.83845583122952,Rancabolang,Gedebage,12738,107.69593129999882,-6.961715049999886,Soekarno Hatta,0.0024232107542493,30.86685858762861
7562048168,80.91615808196113,Cisaranten Kidul,Gedebage,22102,107.69685527841234,-6.9615320114489645,Soekarno Hatta,0.0024232107542493,53.5578040904198
7562048168,83.44998615014302,Cisaranten Kidul,Gedebage,22102,107.69678802158562,-6.961545188551026,Soekarno Hatta,0.0024232107542493,53.5578040904198
7562048168,86.57022314109494,Cisaranten Kidul,Gedebage,22102,107.69672077841236,-6.96155841144898,Soekarno Hatta,0.0024232107542493,53.5578040904198
7562048168,90.22135783338256,Rancabolang,Gedebage,12738,107.6966535215784,-6.961571638557548,Soekarno Hatta,0.0024232107542493,30.86685858762861
7562048168,94.3367806176774,Rancabolang,Gedebage,12738,107.69658627841235,-6.961584911448976,Soekarno Hatta,0.0024232107542493,30.86685858762861
7562048168,98.87086111575246,Rancabolang,Gedebage,12738,107.6965190215856,-6.961598088551031,Soekarno Hatta,0.0024232107542493,30.86685858762861
7562048168,69.13072936493826,Cisaranten Kidul,Gedebage,22102,107.69687679999916,-6.961642250000066,Soekarno Hatta,0.0024232107542493,53.5578040904198
7562048168,72.01249829873825,Cisaranten Kidul,Gedebage,22102,107.69681014999914,-6.961655750000081,Soekarno Hatta,0.0024232107542493,53.5578040904198
7562048168,75.5357361620524,Cisaranten Kidul,Gedebage,22102,107.69674349999916,-6.961669250000099,Soekarno Hatta,0.0024232107542493,53.5578040904198
7562048168,79.61554492258394,Rancabolang,Gedebage,12738,107.69667679999915,-6.961682800000078,Soekarno Hatta,0.0024232107542493,30.86685858762861
7562048168,84.17199084966546,Rancabolang,Gedebage,12738,107.69661009999916,-6.961696350000087,Soekarno Hatta,0.0024232107542493,30.86685858762861
7562048168,89.13071045988795,Rancabolang,Gedebage,12738,107.69654344999915,-6.961709850000054,Soekarno Hatta,0.0024232107542493,30.86685858762861
7562048168,46.58899650850727,Cisaranten Kidul,Gedebage,22102,107.69686764999888,-6.961918299999929,Soekarno Hatta,0.0024232107542493,53.5578040904198
7562048168,51.97014151547405,Cisaranten Kidul,Gedebage,22102,107.69679947163056,-6.961931388284954,Soekarno Hatta,0.0024232107542493,53.5578040904198
7562048168,57.86649203764426,Cisaranten Kidul,Gedebage,22102,107.6967313283672,-6.961944511714884,Soekarno Hatta,0.0024232107542493,53.5578040904198
7562048168,64.14654886824009,Rancabolang,Gedebage,12738,107.696663145034,-6.961957578357103,Soekarno Hatta,0.0024232107542493,30.86685858762861
7562048168,70.70215724247763,Rancabolang,Gedebage,12738,107.69659497163146,-6.961970638272566,Soekarno Hatta,0.0024232107542493,30.86685858762861
7562048168,46.73269002560515,Cisaranten Kidul,Gedebage,22102,107.69679939999968,-6.962042700000509,Soekarno Hatta,0.0024232107542493,53.5578040904198
7562048168,54.819050984278384,Cisaranten Kidul,Gedebage,22102,107.69671860650006,-6.962059021704947,Soekarno Hatta,0.0024232107542493,53.5578040904198
7562048168,63.18735534921749,Rancabolang,Gedebage,12738,107.69663779999968,-6.962075350000493,Soekarno Hatta,0.0024232107542493,30.86685858762861
7562048168,80.13487784139625,Rancabolang,Gedebage,12738,107.6965275437132,-6.962446528292313,Soekarno Hatta,0.0024232107542493,30.86685858762861
7562048168,89.19744941788367,Rancabolang,Gedebage,12738,107.69644595628591,-6.9624628717086,Soekarno Hatta,0.0024232107542493,30.86685858762861
7562048168,98.28896096622096,Rancabolang,Gedebage,12738,107.6963643437132,-6.962479228292328,Soekarno Hatta,0.0024232107542493,30.86685858762861
7562048168,107.40184961816756,Rancabolang,Gedebage,12738,107.6962827062949,-6.962495571710843,Soekarno Hatta,0.0024232107542493,30.86685858762861
6377275634,113.31066885355943,Rancabolang,Gedebage,12738,107.6962010437132,-6.962511928292298,Soekarno Hatta,0.0024232107542493,30.86685858762861
6377275634,116.11132225095876,Rancabolang,Gedebage,12738,107.69611945628591,-6.962528271708594,Soekarno Hatta,0.0024232107542493,30.86685858762861
7562048168,82.2351825158241,Rancabolang,Gedebage,12738,107.69655954999926,-6.962554400000084,Soekarno Hatta,0.0024232107542493,30.86685858762861
7562048168,89.05769376561953,Rancabolang,Gedebage,12738,107.69649574999926,-6.962567100000099,Soekarno Hatta,0.0024232107542493,30.86685858762861
7562048168,95.93213078152966,Rancabolang,Gedebage,12738,107.69643199999926,-6.962579850000075,Soekarno Hatta,0.0024232107542493,30.86685858762861
6377275634,97.79109052800628,Rancabolang,Gedebage,12738,107.69636824999928,-6.96259260000006,Soekarno Hatta,0.0024232107542493,30.86685858762861
6377275634,99.08119741203517,Rancabolang,Gedebage,12738,107.69630444999926,-6.9626053000000665,Soekarno Hatta,0.0024232107542493,30.86685858762861
6377275634,100.8690680573749,Rancabolang,Gedebage,12738,107.69624064999924,-6.962617999999998,Soekarno Hatta,0.0024232107542493,30.86685858762861
6377275634,103.12121111334544,Rancabolang,Gedebage,12738,107.69617689999929,-6.962630750000078,Soekarno Hatta,0.0024232107542493,30.86685858762861
6377275634,105.81480775023954,Rancabolang,Gedebage,12738,107.69611314999926,-6.96264350000008,Soekarno Hatta,0.0024232107542493,30.86685858762861
7562048168,42.60901313129406,Cisaranten Kidul,Gedebage,22102,107.69687125670374,-6.96237757169021,Soekarno Hatta,0.0024232107542493,53.5578040904198
7562048168,51.38696965090515,Cisaranten Kidul,Gedebage,22102,107.69678944329586,-6.9623942283109335,Soekarno Hatta,0.0024232107542493,53.5578040904198
7562048168,60.30024186600516,Rancabolang,Gedebage,12738,107.69670763501595,-6.96241088041574,Soekarno Hatta,0.0024232107542493,30.86685858762861
7562048168,38.17746827766389,Cisaranten Kidul,Gedebage,22102,107.69701389999958,-6.962467400000338,Soekarno Hatta,0.0024232107542493,53.5578040904198
7562048168,44.36204750968385,Cisaranten Kidul,Gedebage,22102,107.6969396937946,-6.962481828207829,Soekarno Hatta,0.0024232107542493,53.5578040904198
7562048168,51.16836435233404,Cisaranten Kidul,Gedebage,22102,107.69686550620456,-6.962496271792855,Soekarno Hatta,0.0024232107542493,53.5578040904198
7562048168,58.38141554460575,Cisaranten Kidul,Gedebage,22102,107.6967912717916,-6.962510690476576,Soekarno Hatta,0.0024232107542493,53.5578040904198
7562048168,65.86752046618898,Rancabolang,Gedebage,12738,107.69671704380016,-6.962525128217961,Soekarno Hatta,0.0024232107542493,30.86685858762861
6377275634,67.35387247654832,Rancabolang,Gedebage,12738,107.69661259999884,-6.962818949999898,Soekarno Hatta,0.0024232107542493,30.86685858762861
6377275634,66.92411816181988,Rancabolang,Gedebage,12738,107.69654909999882,-6.962831649999901,Soekarno Hatta,0.0024232107542493,30.86685858762861
6377275634,67.2515159529706,Rancabolang,Gedebage,12738,107.69648564999883,-6.962844399999904,Soekarno Hatta,0.0024232107542493,30.86685858762861
6377275634,68.33107687564693,Rancabolang,Gedebage,12738,107.69642219999884,-6.9628571499998895,Soekarno Hatta,0.0024232107542493,30.86685858762861
6377275634,70.13558384216621,Rancabolang,Gedebage,12738,107.69635869999884,-6.962869849999872,Soekarno Hatta,0.0024232107542493,30.86685858762861
6377275634,72.60460767927526,Rancabolang,Gedebage,12738,107.69629519999884,-6.962882549999887,Soekarno Hatta,0.0024232107542493,30.86685858762861
6377275634,75.66534949280357,Rancabolang,Gedebage,12738,107.69623174999884,-6.962895299999903,Soekarno Hatta,0.0024232107542493,30.86685858762861
6377275634,79.25592683746375,Rancabolang,Gedebage,12738,107.69616829999885,-6.962908049999885,Soekarno Hatta,0.0024232107542493,30.86685858762861
6377275634,55.05807565899199,Rancabolang,Gedebage,12738,107.69663554999929,-6.962928700000066,Soekarno Hatta,0.0024232107542493,30.86685858762861
6377275634,54.52394650193945,Rancabolang,Gedebage,12738,107.69657174999926,-6.962941400000064,Soekarno Hatta,0.0024232107542493,30.86685858762861
6377275634,54.927778542142285,Rancabolang,Gedebage,12738,107.69650799999928,-6.962954150000065,Soekarno Hatta,0.0024232107542493,30.86685858762861
6377275634,56.255089252074136,Rancabolang,Gedebage,12738,107.69644424999926,-6.962966900000088,Soekarno Hatta,0.0024232107542493,30.86685858762861
6377275634,58.45062777174518,Rancabolang,Gedebage,12738,107.69638044999924,-6.962979600000094,Soekarno Hatta,0.0024232107542493,30.86685858762861
6377275634,61.415108545360255,Rancabolang,Gedebage,12738,107.69631664999926,-6.962992300000092,Soekarno Hatta,0.0024232107542493,30.86685858762861
6377275634,65.03565634750446,Rancabolang,Gedebage,12738,107.69625289999928,-6.963005050000092,Soekarno Hatta,0.0024232107542493,30.86685858762861
6377275634,69.2158337134793,Rancabolang,Gedebage,12738,107.69618914999926,-6.963017800000097,Soekarno Hatta,0.0024232107542493,30.86685858762861
7562048168,69.63097280958692,Cisaranten Kidul,Gedebage,22102,107.69728194999892,-6.962800749999933,Soekarno Hatta,0.0024232107542493,53.5578040904198
7562048168,70.48742011769369,Cisaranten Kidul,Gedebage,22102,107.69721889999892,-6.962813549999928,Soekarno Hatta,0.0024232107542493,53.5578040904198
7562048168,72.0341591128797,Cisaranten Kidul,Gedebage,22102,107.6971558499989,-6.962826299999943,Soekarno Hatta,0.0024232107542493,53.5578040904198
7562048168,74.23231310999411,Cisaranten Kidul,Gedebage,22102,107.69709284999888,-6.962839049999945,Soekarno Hatta,0.0024232107542493,53.5578040904198
6377275634,75.27608205026003,Cisaranten Kidul,Gedebage,22102,107.6970298499989,-6.962851849999932,Soekarno Hatta,0.0024232107542493,53.5578040904198
6377275634,70.5194512218732,Cisaranten Kidul,Gedebage,22102,107.69696679999888,-6.962864649999931,Soekarno Hatta,0.0024232107542493,53.5578040904198
6377275634,66.1871006069005,Cisaranten Kidul,Gedebage,22102,107.6969037499989,-6.962877449999914,Soekarno Hatta,0.0024232107542493,53.5578040904198
6377275634,62.37449829826057,Cisaranten Kidul,Gedebage,22102,107.69684074999893,-6.96289019999992,Soekarno Hatta,0.0024232107542493,53.5578040904198
6377275634,59.17207060931847,Rancabolang,Gedebage,12738,107.6967776999989,-6.962902949999929,Soekarno Hatta,0.0024232107542493,30.86685858762861
7562048168,56.75147051962774,Cisaranten Kidul,Gedebage,22102,107.69725079999908,-6.962687200000067,Soekarno Hatta,0.0024232107542493,53.5578040904198
7562048168,58.06459809372651,Cisaranten Kidul,Gedebage,22102,107.69718164999908,-6.962701250000097,Soekarno Hatta,0.0024232107542493,53.5578040904198
7562048168,60.36592612514115,Cisaranten Kidul,Gedebage,22102,107.69711249999908,-6.962715300000096,Soekarno Hatta,0.0024232107542493,53.5578040904198
7562048168,63.548490529875146,Cisaranten Kidul,Gedebage,22102,107.69704337845624,-6.962729360929485,Soekarno Hatta,0.0024232107542493,53.5578040904198
7562048168,67.48486765914267,Cisaranten Kidul,Gedebage,22102,107.69697422153466,-6.962743389077201,Soekarno Hatta,0.0024232107542493,53.5578040904198
7562048168,72.05770819426535,Cisaranten Kidul,Gedebage,22102,107.69690507845624,-6.962757460929465,Soekarno Hatta,0.0024232107542493,53.5578040904198
6377275634,74.82493755599226,Cisaranten Kidul,Gedebage,22102,107.69683594999908,-6.962771500000094,Soekarno Hatta,0.0024232107542493,53.5578040904198
6377275634,71.71928526554957,Rancabolang,Gedebage,12738,107.6967667999991,-6.962785550000089,Soekarno Hatta,0.0024232107542493,30.86685858762861
6408734420,70.78932497316241,Rancabolang,Gedebage,12738,107.69537954999907,-6.963173249999986,Soekarno Hatta,0.0024232107542493,30.86685858762861
6408734420,75.64801895500801,Rancabolang,Gedebage,12738,107.69544304495278,-6.963160828404079,Soekarno Hatta,0.0024232107542493,30.86685858762861
6408734420,80.8493533343044,Rancabolang,Gedebage,12738,107.6955065050357,-6.96314837159244,Soekarno Hatta,0.0024232107542493,30.86685858762861
6408734420,86.3261531506564,Rancabolang,Gedebage,12738,107.69556994999908,-6.963135949999987,Soekarno Hatta,0.0024232107542493,30.86685858762861
6408734420,92.03646639035018,Rancabolang,Gedebage,12738,107.6956334449528,-6.963123528404074,Soekarno Hatta,0.0024232107542493,30.86685858762861
6408734420,97.9380155069042,Rancabolang,Gedebage,12738,107.69569694999907,-6.963111099999999,Soekarno Hatta,0.0024232107542493,30.86685858762861
6408734420,103.99307360022888,Rancabolang,Gedebage,12738,107.6957604050357,-6.96309867159241,Soekarno Hatta,0.0024232107542493,30.86685858762861
6377275634,100.190992427743,Rancabolang,Gedebage,12738,107.69582384495276,-6.963086228404068,Soekarno Hatta,0.0024232107542493,30.86685858762861
6408734420,81.27048391326535,Rancabolang,Gedebage,12738,107.69535979999937,-6.963057450000195,Soekarno Hatta,0.0024232107542493,30.86685858762861
6408734420,86.12178715281766,Rancabolang,Gedebage,12738,107.69543119999936,-6.963043500000197,Soekarno Hatta,0.0024232107542493,30.86685858762861
6408734420,91.42470645046774,Rancabolang,Gedebage,12738,107.69550259999936,-6.963029550000204,Soekarno Hatta,0.0024232107542493,30.86685858762861
6408734420,97.11299882345811,Rancabolang,Gedebage,12738,107.69557404999938,-6.963015550000215,Soekarno Hatta,0.0024232107542493,30.86685858762861
6408734420,103.11665806339909,Rancabolang,Gedebage,12738,107.69564549999936,-6.963001550000207,Soekarno Hatta,0.0024232107542493,30.86685858762861
6408734420,109.3759620238296,Rancabolang,Gedebage,12738,107.69571689999935,-6.962987600000213,Soekarno Hatta,0.0024232107542493,30.86685858762861
6377275634,108.97000042690377,Rancabolang,Gedebage,12738,107.69578829999938,-6.96297365000021,Soekarno Hatta,0.0024232107542493,30.86685858762861
6408734420,118.08308056018392,Rancabolang,Gedebage,12738,107.69529334999982,-6.962687450000538,Soekarno Hatta,0.0024232107542493,30.86685858762861
6408734420,122.04226607561628,Rancabolang,Gedebage,12738,107.69537497818212,-6.962671508821544,Soekarno Hatta,0.0024232107542493,30.86685858762861
6408734420,126.5488025678368,Rancabolang,Gedebage,12738,107.6954565999998,-6.962655550000532,Soekarno Hatta,0.0024232107542493,30.86685858762861
6408734420,131.54994565538348,Rancabolang,Gedebage,12738,107.69553822180956,-6.96263954118499,Soekarno Hatta,0.0024232107542493,30.86685858762861
6408734420,136.985382161931,Rancabolang,Gedebage,12738,107.6956198499998,-6.962623550000544,Soekarno Hatta,0.0024232107542493,30.86685858762861
6377275634,139.7041696179596,Rancabolang,Gedebage,12738,107.69570147818212,-6.962607608821547,Soekarno Hatta,0.0024232107542493,30.86685858762861
6408734420,106.09763718962542,Rancabolang,Gedebage,12738,107.69531194999938,-6.962803450000208,Soekarno Hatta,0.0024232107542493,30.86685858762861
6408734420,109.874746505767,Rancabolang,Gedebage,12738,107.69538337247909,-6.962789488415084,Soekarno Hatta,0.0024232107542493,30.86685858762861
6408734420,114.09827747870416,Rancabolang,Gedebage,12738,107.69545479999938,-6.96277550000024,Soekarno Hatta,0.0024232107542493,30.86685858762861
6408734420,118.71790302534164,Rancabolang,Gedebage,12738,107.69552622751972,-6.96276151158535,Soekarno Hatta,0.0024232107542493,30.86685858762861
6408734420,123.6863757106882,Rancabolang,Gedebage,12738,107.69559764999936,-6.962747550000219,Soekarno Hatta,0.0024232107542493,30.86685858762861
6408734420,128.96600029861435,Rancabolang,Gedebage,12738,107.69566907247903,-6.962733588415093,Soekarno Hatta,0.0024232107542493,30.86685858762861
6377275634,128.55990155686882,Rancabolang,Gedebage,12738,107.6957404999994,-6.962719600000232,Soekarno Hatta,0.0024232107542493,30.86685858762861
6408734420,102.56423098923337,Rancabolang,Gedebage,12738,107.69523154999916,-6.962817999999999,Soekarno Hatta,0.0024232107542493,30.86685858762861
6408734420,100.0439352366139,Rancabolang,Gedebage,12738,107.69516519999914,-6.96283115000008,Soekarno Hatta,0.0024232107542493,30.86685858762861
6408734420,98.03089677630874,Rancabolang,Gedebage,12738,107.69509884999914,-6.962844300000066,Soekarno Hatta,0.0024232107542493,30.86685858762861
6408734420,96.5511220863939,Rancabolang,Gedebage,12738,107.69503254999914,-6.962857500000073,Soekarno Hatta,0.0024232107542493,30.86685858762861
6408734420,95.63447017795052,Rancabolang,Gedebage,12738,107.69496624999914,-6.962870700000054,Soekarno Hatta,0.0024232107542493,30.86685858762861
6408734420,95.30367330789176,Rancabolang,Gedebage,12738,107.69489989999914,-6.962883850000067,Soekarno Hatta,0.0024232107542493,30.86685858762861
6408734420,114.50328410898304,Rancabolang,Gedebage,12738,107.6952022499996,-6.962704100000369,Soekarno Hatta,0.0024232107542493,30.86685858762861
6408734420,111.97714379068672,Rancabolang,Gedebage,12738,107.6951248717412,-6.962719440603975,Soekarno Hatta,0.0024232107542493,30.86685858762861
6408734420,110.08293863272056,Rancabolang,Gedebage,12738,107.69504752826576,-6.9627348093910655,Soekarno Hatta,0.0024232107542493,30.86685858762861
6408734420,108.85433123995432,Rancabolang,Gedebage,12738,107.6949701499996,-6.9627502000003965,Soekarno Hatta,0.0024232107542493,30.86685858762861
6408734420,108.32215678999376,Rancabolang,Gedebage,12738,107.69489277174118,-6.962765540603964,Soekarno Hatta,0.0024232107542493,30.86685858762861
6408734420,76.08463295985538,Rancabolang,Gedebage,12738,107.69527329999914,-6.96307470000004,Soekarno Hatta,0.0024232107542493,30.86685858762861
6408734420,72.75593712327371,Rancabolang,Gedebage,12738,107.6952069716076,-6.963087838964064,Soekarno Hatta,0.0024232107542493,30.86685858762861
6408734420,70.06766339547784,Rancabolang,Gedebage,12738,107.69514064999916,-6.963100999999995,Soekarno Hatta,0.0024232107542493,30.86685858762861
6408734420,68.09804459972993,Rancabolang,Gedebage,12738,107.69507432839067,-6.9631141610360245,Soekarno Hatta,0.0024232107542493,30.86685858762861
6408734420,66.91307587142767,Rancabolang,Gedebage,12738,107.69500799999916,-6.963127300000056,Soekarno Hatta,0.0024232107542493,30.86685858762861
6408734420,66.55222502535493,Rancabolang,Gedebage,12738,107.6949416716076,-6.963140438964083,Soekarno Hatta,0.0024232107542493,30.86685858762861
6408734420,65.07849624326045,Rancabolang,Gedebage,12738,107.69529699999916,-6.963189700000062,Soekarno Hatta,0.0024232107542493,30.86685858762861
6408734420,61.141900693637645,Rancabolang,Gedebage,12738,107.6952306716076,-6.963202838964076,Soekarno Hatta,0.0024232107542493,30.86685858762861
6408734420,57.9052286494003,Rancabolang,Gedebage,12738,107.69516434999916,-6.963215999999995,Soekarno Hatta,0.0024232107542493,30.86685858762861
6408734420,55.493370093690665,Rancabolang,Gedebage,12738,107.69509802839067,-6.963229161036045,Soekarno Hatta,0.0024232107542493,30.86685858762861
6408734420,54.01940796328252,Rancabolang,Gedebage,12738,107.69503169999916,-6.963242300000051,Soekarno Hatta,0.0024232107542493,30.86685858762861
6408734420,53.55839444624922,Rancabolang,Gedebage,12738,107.6949653716076,-6.963255438964098,Soekarno Hatta,0.0024232107542493,30.86685858762861
5348686324,10.913368686003311,Cisaranten Endah,Arcamanik,21356,107.6720914329264,-6.924374002372365,Soekarno Hatta,0.0024232107542493,51.75008886774977
5348686324,18.3800281169154,Cisaranten Endah,Arcamanik,21356,107.67218439999972,-6.924306950000842,Soekarno Hatta,0.0024232107542493,51.75008886774977
7691015012,18.31511364769645,Cisaranten Endah,Arcamanik,21356,107.67222854999932,-6.924275150000797,Soekarno Hatta,0.0024232107542493,51.75008886774977
7691015012,14.013210380535051,Cisaranten Endah,Arcamanik,21356,107.67226936666604,-6.92424569462574,Soekarno Hatta,0.0024232107542493,51.75008886774977
7691015012,10.862191133397255,Cisaranten Endah,Arcamanik,21356,107.67231148326807,-6.924215355147004,Soekarno Hatta,0.0024232107542493,51.75008886774977
7691015012,10.391502266255277,Cisaranten Endah,Arcamanik,21356,107.67235796701064,-6.924181846359791,Soekarno Hatta,0.0024232107542493,51.75008886774977
7691015012,13.407044626410322,Cisaranten Endah,Arcamanik,21356,107.67240503321057,-6.924147954907901,Soekarno Hatta,0.0024232107542493,51.75008886774977
7691015012,18.45937421873559,Cisaranten Endah,Arcamanik,21356,107.67245375205997,-6.924112817058761,Soekarno Hatta,0.0024232107542493,51.75008886774977
5348686323,15.102082953782386,Cisaranten Endah,Arcamanik,21356,107.67250589842573,-6.924075232985889,Soekarno Hatta,0.0024232107542493,51.75008886774977
11305975594,137.56639047004143,Campaka,Andir,18989,107.56430696401767,-6.895131984044356,Pajajaran,0.0025141975770577,47.74209779074892
11305975594,144.95512031330867,Campaka,Andir,18989,107.56427609999837,-6.895191850006241,Pajajaran,0.0025141975770577,47.74209779074892
11305975594,152.3500221808988,Campaka,Andir,18989,107.56424523597904,-6.895251715968119,Pajajaran,0.0025141975770577,47.74209779074892
11305975594,159.74881697758576,Campaka,Andir,18989,107.56421441403218,-6.895311584045519,Pajajaran,0.0025141975770577,47.74209779074892
11305975594,167.15362034808794,Campaka,Andir,18989,107.56418354999836,-6.8953714500062375,Pajajaran,0.0025141975770577,47.74209779074892
11305975594,136.03906617003443,Campaka,Andir,18989,107.56415176655514,-6.895049035062322,Pajajaran,0.0025141975770577,47.74209779074892
11305975594,142.70665981257022,Campaka,Andir,18989,107.56412414999794,-6.8951026000069575,Pajajaran,0.0025141975770577,47.74209779074892
11305975594,149.37942415454464,Campaka,Andir,18989,107.56409649999792,-6.895156200006974,Pajajaran,0.0025141975770577,47.74209779074892
11305975594,156.04961713302035,Campaka,Andir,18989,107.56406883344071,-6.89520976495159,Pajajaran,0.0025141975770577,47.74209779074892
11305975594,162.71521347189952,Campaka,Andir,18989,107.56404126655514,-6.895263335062324,Pajajaran,0.0025141975770577,47.74209779074892
11305975594,169.38286518587384,Campaka,Andir,18989,107.56401364999792,-6.89531690000695,Pajajaran,0.0025141975770577,47.74209779074892
11305975594,139.0190295219515,Campaka,Andir,18989,107.56395309999752,-6.8949531500082735,Pajajaran,0.0025141975770577,47.74209779074892
11305975594,146.0981387818313,Campaka,Andir,18989,107.56392329999753,-6.895010950008273,Pajajaran,0.0025141975770577,47.74209779074892
11305975594,153.18804438729697,Campaka,Andir,18989,107.56389349999752,-6.895068750008285,Pajajaran,0.0025141975770577,47.74209779074892
11305975594,160.2873136474031,Campaka,Andir,18989,107.56386369999753,-6.895126550008264,Pajajaran,0.0025141975770577,47.74209779074892
11305975594,167.39475518099343,Campaka,Andir,18989,107.56383389999752,-6.895184350008271,Pajajaran,0.0025141975770577,47.74209779074892
11305975594,174.50937042209165,Campaka,Andir,18989,107.56380409999753,-6.895242150008276,Pajajaran,0.0025141975770577,47.74209779074892
11305975594,148.34138262899424,Campaka,Andir,18989,107.5637422137906,-6.894874280853073,Pajajaran,0.0025141975770577,47.74209779074892
11305975594,153.870540636106,Campaka,Andir,18989,107.56372465000018,-6.894928350002952,Pajajaran,0.0025141975770577,47.74209779074892
11305975594,159.45613826427729,Campaka,Andir,18989,107.5637070862098,-6.894982419152794,Pajajaran,0.0025141975770577,47.74209779074892
11305975594,165.09126733695862,Campaka,Andir,18989,107.5636895500002,-6.895036500002928,Pajajaran,0.0025141975770577,47.74209779074892
11305975594,170.7721864154275,Campaka,Andir,18989,107.56367201379058,-6.895090580853092,Pajajaran,0.0025141975770577,47.74209779074892
11305975594,176.4955566162881,Campaka,Andir,18989,107.5636544500002,-6.895144650002946,Pajajaran,0.0025141975770577,47.74209779074892
11305975594,182.25631022508483,Campaka,Andir,18989,107.5636368862098,-6.895198719152814,Pajajaran,0.0025141975770577,47.74209779074892
11305975594,196.38170127832177,Campaka,Andir,18989,107.56341675667304,-6.895162003727492,Pajajaran,0.0025141975770577,47.74209779074892
11305975594,190.7680082156626,Campaka,Andir,18989,107.56343508978016,-6.895106636307506,Pajajaran,0.0025141975770577,47.74209779074892
11305975594,185.2065521788316,Campaka,Andir,18989,107.56345341320788,-6.895051223161399,Pajajaran,0.0025141975770577,47.74209779074892
11305975594,179.70221926187384,Campaka,Andir,18989,107.56347179016312,-6.894995834333567,Pajajaran,0.0025141975770577,47.74209779074892
11305975594,174.26721098948062,Campaka,Andir,18989,107.56349012724012,-6.8949404520788935,Pajajaran,0.0025141975770577,47.74209779074892
11770677717,158.25049040129204,Campaka,Andir,18989,107.56342975000024,-6.894723800002759,Pajajaran,0.0025141975770577,47.74209779074892
11770677717,164.34106473948293,Campaka,Andir,18989,107.56341120000026,-6.894780950002756,Pajajaran,0.0025141975770577,47.74209779074892
11770677717,170.47332664258815,Campaka,Andir,18989,107.56339265000024,-6.894838100002767,Pajajaran,0.0025141975770577,47.74209779074892
11770677717,176.6464042582312,Campaka,Andir,18989,107.56337411277735,-6.8948952806365496,Pajajaran,0.0025141975770577,47.74209779074892
11770677717,182.84818153730785,Campaka,Andir,18989,107.56335553721178,-6.89495241937366,Pajajaran,0.0025141975770577,47.74209779074892
11770677717,189.0829811289875,Campaka,Andir,18989,107.56333701277735,-6.895009580636553,Pajajaran,0.0025141975770577,47.74209779074892
11770677717,195.3424534274156,Campaka,Andir,18989,107.56331843721178,-6.89506671937364,Pajajaran,0.0025141975770577,47.74209779074892
11770677717,140.78923518107297,Campaka,Andir,18989,107.56327025,-6.89457420000395,Pajajaran,0.0025141975770577,47.74209779074892
11770677717,146.833565591539,Campaka,Andir,18989,107.56325133159892,-6.894628598298664,Pajajaran,0.0025141975770577,47.74209779074892
11770677717,152.90498726582427,Campaka,Andir,18989,107.56323240000002,-6.894683000003944,Pajajaran,0.0025141975770577,47.74209779074892
11770677717,159.00005617150765,Campaka,Andir,18989,107.56321346840107,-6.894737401709219,Pajajaran,0.0025141975770577,47.74209779074892
11770677717,165.1156965439195,Campaka,Andir,18989,107.56319455,-6.894791800003925,Pajajaran,0.0025141975770577,47.74209779074892
11770677717,171.25008291104308,Campaka,Andir,18989,107.56317563159892,-6.894846198298662,Pajajaran,0.0025141975770577,47.74209779074892
11770677717,177.401756018114,Campaka,Andir,18989,107.5631567,-6.89490060000393,Pajajaran,0.0025141975770577,47.74209779074892
11770677717,183.56856686167103,Campaka,Andir,18989,107.56313776840108,-6.894955001709178,Pajajaran,0.0025141975770577,47.74209779074892
11770677717,189.7485295345164,Campaka,Andir,18989,107.56311885,-6.89500940000394,Pajajaran,0.0025141975770577,47.74209779074892
11770677717,142.17905331266584,Campaka,Andir,18989,107.5631033000002,-6.894575050001821,Pajajaran,0.0025141975770577,47.74209779074892
11770677717,148.3275502991955,Campaka,Andir,18989,107.5630847000002,-6.8946285500018005,Pajajaran,0.0025141975770577,47.74209779074892
11770677717,154.48559029848414,Campaka,Andir,18989,107.5630661000002,-6.894682050001788,Pajajaran,0.0025141975770577,47.74209779074892
11770677717,160.65207590141637,Campaka,Andir,18989,107.5630475000002,-6.894735550001782,Pajajaran,0.0025141975770577,47.74209779074892
11770677717,166.82700267577457,Campaka,Andir,18989,107.56302886937569,-6.894789053446666,Pajajaran,0.0025141975770577,47.74209779074892
11770677717,173.00770076289,Campaka,Andir,18989,107.56301023062476,-6.894842546556936,Pajajaran,0.0025141975770577,47.74209779074892
11770677717,179.19310261983858,Campaka,Andir,18989,107.562991610981,-6.894896030633171,Pajajaran,0.0025141975770577,47.74209779074892
11770677717,185.38216298710708,Campaka,Andir,18989,107.5629730000002,-6.894949500001821,Pajajaran,0.0025141975770577,47.74209779074892
1666232460,188.8353409576941,Campaka,Andir,18989,107.56336022986947,-6.895324804464295,Pajajaran,0.0025141975770577,47.74209779074892
1666232460,186.2647389071528,Campaka,Andir,18989,107.563303450002,-6.895304199998551,Pajajaran,0.0025141975770577,47.74209779074892
1666232460,183.9034285699458,Campaka,Andir,18989,107.563246650002,-6.8952835499985685,Pajajaran,0.0025141975770577,47.74209779074892
1666232460,181.757390383245,Campaka,Andir,18989,107.56318986833506,-6.895262913878033,Pajajaran,0.0025141975770577,47.74209779074892
1666232460,179.8380395277011,Campaka,Andir,18989,107.56313313347177,-6.8952422678015,Pajajaran,0.0025141975770577,47.74209779074892
1666232460,178.1456387301274,Campaka,Andir,18989,107.5630763481906,-6.895221618339447,Pajajaran,0.0025141975770577,47.74209779074892
1666232460,176.68623241750026,Campaka,Andir,18989,107.563019550002,-6.895200999998579,Pajajaran,0.0025141975770577,47.74209779074892
1666232460,175.4690106557471,Campaka,Andir,18989,107.56296277013452,-6.895180395532827,Pajajaran,0.0025141975770577,47.74209779074892
1666232460,174.5097262954563,Campaka,Andir,18989,107.56290602986944,-6.89515970446429,Pajajaran,0.0025141975770577,47.74209779074892
1666232460,173.79148247600375,Campaka,Andir,18989,107.562849250002,-6.895139099998549,Pajajaran,0.0025141975770577,47.74209779074892
1666232460,173.3279052959056,Campaka,Andir,18989,107.56279247013454,-6.895118495532831,Pajajaran,0.0025141975770577,47.74209779074892
1666232460,198.61944307337603,Campaka,Andir,18989,107.56353970000156,-6.895384499999012,Pajajaran,0.0025141975770577,47.74209779074892
9681484923,193.58346118553456,Campaka,Andir,18989,107.56413385000174,-6.8956124999986566,Pajajaran,0.0025141975770577,47.74209779074892
11305975594,194.1383524703878,Campaka,Andir,18989,107.56408446807184,-6.895594614894705,Pajajaran,0.0025141975770577,47.74209779074892
11305975594,194.36738088775127,Campaka,Andir,18989,107.56403510000176,-6.895576699998652,Pajajaran,0.0025141975770577,47.74209779074892
11305975594,194.7675404041869,Campaka,Andir,18989,107.56398573337133,-6.895558767049979,Pajajaran,0.0025141975770577,47.74209779074892
11305975594,195.33899565345425,Campaka,Andir,18989,107.56393634855202,-6.895540818078496,Pajajaran,0.0025141975770577,47.74209779074892
11305975594,196.08481486535376,Campaka,Andir,18989,107.56388695000172,-6.895522899998655,Pajajaran,0.0025141975770577,47.74209779074892
11305975594,197.00157091727945,Campaka,Andir,18989,107.56383756807185,-6.895505014894711,Pajajaran,0.0025141975770577,47.74209779074892
11305975594,198.08086594090787,Campaka,Andir,18989,107.56378820000174,-6.895487099998624,Pajajaran,0.0025141975770577,47.74209779074892
11305975594,199.32363042210525,Campaka,Andir,18989,107.56373883193164,-6.895469185102546,Pajajaran,0.0025141975770577,47.74209779074892
11305975594,200.73041051466643,Campaka,Andir,18989,107.56368945000172,-6.895451299998636,Pajajaran,0.0025141975770577,47.74209779074892
1666232460,194.8221913487097,Campaka,Andir,18989,107.56347497729249,-6.895363857364109,Pajajaran,0.0025141975770577,47.74209779074892
11305975594,202.2925418407837,Campaka,Andir,18989,107.5636400695085,-6.895433396810136,Pajajaran,0.0025141975770577,47.74209779074892
9339630687,178.6148810802602,Campaka,Andir,18989,107.56498095209191,-6.895922731482979,Pajajaran,0.0025141975770577,47.74209779074892
9339630687,179.45692402517955,Campaka,Andir,18989,107.56492385000182,-6.895901899998816,Pajajaran,0.0025141975770577,47.74209779074892
9339630687,180.54549727509576,Campaka,Andir,18989,107.56486674791172,-6.895881068514653,Pajajaran,0.0025141975770577,47.74209779074892
9339630687,181.8752839016745,Campaka,Andir,18989,107.56480965209192,-6.895860231482952,Pajajaran,0.0025141975770577,47.74209779074892
9681484923,182.3906522537076,Campaka,Andir,18989,107.5647525500018,-6.895839399998798,Pajajaran,0.0025141975770577,47.74209779074892
9681484923,182.2507563315576,Campaka,Andir,18989,107.56469546850975,-6.89581861311535,Pajajaran,0.0025141975770577,47.74209779074892
9681484923,182.3520650709617,Campaka,Andir,18989,107.56463839792188,-6.895797768503782,Pajajaran,0.0025141975770577,47.74209779074892
9681484923,182.70252587608115,Campaka,Andir,18989,107.56458130208176,-6.895776931493855,Pajajaran,0.0025141975770577,47.74209779074892
9681484923,183.2998310395923,Campaka,Andir,18989,107.56452420000184,-6.895756099998788,Pajajaran,0.0025141975770577,47.74209779074892
9681484923,184.1437224141032,Campaka,Andir,18989,107.56446710000182,-6.8957352999988135,Pajajaran,0.0025141975770577,47.74209779074892
9681484923,185.22489286569612,Campaka,Andir,18989,107.56440999792189,-6.895714468503778,Pajajaran,0.0025141975770577,47.74209779074892
9681484923,186.5382141119052,Campaka,Andir,18989,107.56435293357488,-6.8956936183744615,Pajajaran,0.0025141975770577,47.74209779074892
9681484923,188.08663699219403,Campaka,Andir,18989,107.5642958500018,-6.895672799998796,Pajajaran,0.0025141975770577,47.74209779074892
9681484923,189.86044818271043,Campaka,Andir,18989,107.56423874791172,-6.895651968514654,Pajajaran,0.0025141975770577,47.74209779074892
1666232460,173.1315521411863,Campaka,Andir,18989,107.56273572986947,-6.895097804464318,Pajajaran,0.0025141975770577,47.74209779074892
11770677717,191.57922741353545,Campaka,Andir,18989,107.5629544000002,-6.8950030000018,Pajajaran,0.0025141975770577,47.74209779074892
1666232460,194.27585844901444,Campaka,Andir,18989,107.56309993159894,-6.895063798298648,Pajajaran,0.0025141975770577,47.74209779074892
11305975594,168.90547194454822,Campaka,Andir,18989,107.5635084593334,-6.894885084771383,Pajajaran,0.0025141975770577,47.74209779074892
1666232460,201.3723002642302,Campaka,Andir,18989,107.56329991277735,-6.8951238806365565,Pajajaran,0.0025141975770577,47.74209779074892
11305975594,188.04741191282045,Campaka,Andir,18989,107.5636193638028,-6.895252780848798,Pajajaran,0.0025141975770577,47.74209779074892
11305975594,181.63031633138365,Campaka,Andir,18989,107.56377429999752,-6.895299950008278,Pajajaran,0.0025141975770577,47.74209779074892
11305975594,174.5644485132809,Campaka,Andir,18989,107.56415263597906,-6.895431315968104,Pajajaran,0.0025141975770577,47.74209779074892
11305975594,176.05311605013662,Campaka,Andir,18989,107.56398604999794,-6.895370500006957,Pajajaran,0.0025141975770577,47.74209779074892
9681484923,153.75949487021327,Campaka,Andir,18989,107.56441819999976,-6.8953787500029575,Pajajaran,0.0025141975770577,47.74209779074892
9681484923,161.62594160477565,Campaka,Andir,18989,107.56438504999971,-6.895442750002957,Pajajaran,0.0025141975770577,47.74209779074892
9339630687,157.96256788060302,Campaka,Andir,18989,107.56492206561305,-6.895675564628442,Pajajaran,0.0025141975770577,47.74209779074892
9681484923,158.41126677148085,Campaka,Andir,18989,107.5648675331128,-6.895647719773232,Pajajaran,0.0025141975770577,47.74209779074892
9681484923,157.22656847128104,Campaka,Andir,18989,107.56481296561344,-6.8956199146133725,Pajajaran,0.0025141975770577,47.74209779074892
9681484923,156.31912534282986,Campaka,Andir,18989,107.56475843567576,-6.895592050993108,Pajajaran,0.0025141975770577,47.74209779074892
9681484923,155.71087077498095,Campaka,Andir,18989,107.56470386561304,-6.895564264628417,Pajajaran,0.0025141975770577,47.74209779074892
9681484923,155.38878423181643,Campaka,Andir,18989,107.5646493487106,-6.895536434398053,Pajajaran,0.0025141975770577,47.74209779074892
9681484923,155.35933060941196,Campaka,Andir,18989,107.564594834395,-6.895508585382582,Pajajaran,0.0025141975770577,47.74209779074892
9681484923,155.6318710860832,Campaka,Andir,18989,107.56454026689566,-6.895480780222717,Pajajaran,0.0025141975770577,47.74209779074892
9339630687,138.2174182645376,Campaka,Andir,18989,107.56510289130664,-6.895574967687458,Pajajaran,0.0025141975770577,47.74209779074892
9339630687,147.82945774583385,Campaka,Andir,18989,107.56506295870328,-6.895652132318632,Pajajaran,0.0025141975770577,47.74209779074892
9339630687,127.31381112262876,Campaka,Andir,18989,107.56531044999905,-6.895559150004026,Pajajaran,0.0025141975770577,47.74209779074892
9339630687,133.8136810310332,Campaka,Andir,18989,107.56528319999904,-6.8956118000040085,Pajajaran,0.0025141975770577,47.74209779074892
9339630687,140.3178321389479,Campaka,Andir,18989,107.5652559836047,-6.895664450365213,Pajajaran,0.0025141975770577,47.74209779074892
9339630687,146.82340788923528,Campaka,Andir,18989,107.56522871639338,-6.895717049642822,Pajajaran,0.0025141975770577,47.74209779074892
9339630687,153.33132208979472,Campaka,Andir,18989,107.56520149999903,-6.895769650004031,Pajajaran,0.0025141975770577,47.74209779074892
9339630687,92.45554737275953,Campaka,Andir,18989,107.56545208353316,-6.895274100271424,Pajajaran,0.0025141975770577,47.74209779074892
9339630687,97.87638744013648,Campaka,Andir,18989,107.56542918744177,-6.895318316480486,Pajajaran,0.0025141975770577,47.74209779074892
9339630687,103.30809579149222,Campaka,Andir,18989,107.56540629999937,-6.895362550002736,Pajajaran,0.0025141975770577,47.74209779074892
9339630687,108.744637464572,Campaka,Andir,18989,107.56538339999936,-6.895406750002752,Pajajaran,0.0025141975770577,47.74209779074892
9339630687,114.18800091040154,Campaka,Andir,18989,107.56536049999936,-6.895450950002745,Pajajaran,0.0025141975770577,47.74209779074892
9339630687,159.84935305148252,Campaka,Andir,18989,107.56517424999905,-6.895822300004037,Pajajaran,0.0025141975770577,47.74209779074892
9339630687,157.43579220808283,Campaka,Andir,18989,107.56502304999972,-6.895729250003994,Pajajaran,0.0025141975770577,47.74209779074892
9681484923,156.1921520495241,Campaka,Andir,18989,107.56448573439542,-6.895452935367502,Pajajaran,0.0025141975770577,47.74209779074892
9681484923,169.5024903344937,Campaka,Andir,18989,107.56435189999974,-6.895506750002943,Pajajaran,0.0025141975770577,47.74209779074892
9339630687,140.90573758929597,Campaka,Andir,18989,107.56495691512583,-6.89551316581165,Pajajaran,0.0025141975770577,47.74209779074892
9681484923,140.16292992651705,Campaka,Andir,18989,107.5649062848799,-6.895487284202105,Pajajaran,0.0025141975770577,47.74209779074892
9681484923,139.100020060341,Campaka,Andir,18989,107.56485561512584,-6.895461465811657,Pajajaran,0.0025141975770577,47.74209779074892
9681484923,138.31382381169814,Campaka,Andir,18989,107.5648049482252,-6.895435634873143,Pajajaran,0.0025141975770577,47.74209779074892
9681484923,137.80475404737513,Campaka,Andir,18989,107.56475428666022,-6.8954097493243856,Pajajaran,0.0025141975770577,47.74209779074892
9681484923,137.59247571054055,Campaka,Andir,18989,107.56470361512584,-6.895383965811632,Pajajaran,0.0025141975770577,47.74209779074892
9681484923,137.65567436058078,Campaka,Andir,18989,107.5646529848799,-6.895358084202084,Pajajaran,0.0025141975770577,47.74209779074892
9681484923,138.01397761159288,Campaka,Andir,18989,107.56460231512584,-6.895332265811656,Pajajaran,0.0025141975770577,47.74209779074892
9681484923,138.65201477137967,Campaka,Andir,18989,107.5645516831018,-6.8953064190778806,Pajajaran,0.0025141975770577,47.74209779074892
9681484923,139.57366989695944,Campaka,Andir,18989,107.56450101690672,-6.89528058091778,Pajajaran,0.0025141975770577,47.74209779074892
9681484923,140.7713095324597,Campaka,Andir,18989,107.56445035000426,-6.895254749997836,Pajajaran,0.0025141975770577,47.74209779074892
9339630687,118.5430134989302,Campaka,Andir,18989,107.5650510000038,-6.89533164999815,Pajajaran,0.0025141975770577,47.74209779074892
9681484923,118.05801036032292,Campaka,Andir,18989,107.5649992012556,-6.895305365626057,Pajajaran,0.0025141975770577,47.74209779074892
9681484923,116.78639534157658,Campaka,Andir,18989,107.56494739875204,-6.895279134370232,Pajajaran,0.0025141975770577,47.74209779074892
9681484923,115.85164322286391,Campaka,Andir,18989,107.5648956000038,-6.89525284999817,Pajajaran,0.0025141975770577,47.74209779074892
9681484923,115.26636212615504,Campaka,Andir,18989,107.5648438000038,-6.895226549998164,Pajajaran,0.0025141975770577,47.74209779074892
9681484923,115.03932424237595,Campaka,Andir,18989,107.5647920343776,-6.895200285291428,Pajajaran,0.0025141975770577,47.74209779074892
9681484923,115.17412937900735,Campaka,Andir,18989,107.5647402500038,-6.895174049998158,Pajajaran,0.0025141975770577,47.74209779074892
9681484923,115.6606396841216,Campaka,Andir,18989,107.5646884500038,-6.895147749998137,Pajajaran,0.0025141975770577,47.74209779074892
9681484923,116.50163428007144,Campaka,Andir,18989,107.5646366668826,-6.895121480331209,Pajajaran,0.0025141975770577,47.74209779074892
9681484923,117.68855545223296,Campaka,Andir,18989,107.56458489875202,-6.89509523437025,Pajajaran,0.0025141975770577,47.74209779074892
9339630687,102.25885550293066,Campaka,Andir,18989,107.56512119930474,-6.895199983876483,Pajajaran,0.0025141975770577,47.74209779074892
9681484923,102.1204638290539,Campaka,Andir,18989,107.5650692845566,-6.895173602718804,Pajajaran,0.0025141975770577,47.74209779074892
9681484923,100.62396963391538,Campaka,Andir,18989,107.56501731544977,-6.8951472972783625,Pajajaran,0.0025141975770577,47.74209779074892
9681484923,99.5164649723676,Campaka,Andir,18989,107.5649654000032,-6.89512094999856,Pajajaran,0.0025141975770577,47.74209779074892
9681484923,98.81695659367402,Campaka,Andir,18989,107.5649134845566,-6.895094602718805,Pajajaran,0.0025141975770577,47.74209779074892
9681484923,98.53792377476027,Campaka,Andir,18989,107.5648615493176,-6.89506828386696,Pajajaran,0.0025141975770577,47.74209779074892
9681484923,98.67566776188734,Campaka,Andir,18989,107.56480961682088,-6.895041929542616,Pajajaran,0.0025141975770577,47.74209779074892
9681484923,99.23181064399871,Campaka,Andir,18989,107.56475768318548,-6.895015570454532,Pajajaran,0.0025141975770577,47.74209779074892
9681484923,100.20316182369356,Campaka,Andir,18989,107.56470575000318,-6.89498924999859,Pajajaran,0.0025141975770577,47.74209779074892
9681484923,101.5742391688012,Campaka,Andir,18989,107.56465381682088,-6.894962929542624,Pajajaran,0.0025141975770577,47.74209779074892
9681484923,119.20892352096024,Campaka,Andir,18989,107.5645331000038,-6.895068949998156,Pajajaran,0.0025141975770577,47.74209779074892
9681484923,103.32592709805338,Campaka,Andir,18989,107.56460189930476,-6.894936583876477,Pajajaran,0.0025141975770577,47.74209779074892
9681484923,71.20705238761737,Campaka,Andir,18989,107.56521924999916,-6.894912250004234,Pajajaran,0.0025141975770577,47.74209779074892
9681484923,78.08257567305604,Campaka,Andir,18989,107.56518848312332,-6.894972199707084,Pajajaran,0.0025141975770577,47.74209779074892
9681484923,84.15053959501688,Campaka,Andir,18989,107.5646859000027,-6.8947734999991,Pajajaran,0.0025141975770577,47.74209779074892
9681484923,81.7880572688535,Campaka,Andir,18989,107.56474335000269,-6.894802549999083,Pajajaran,0.0025141975770577,47.74209779074892
9681484923,79.99156783395141,Campaka,Andir,18989,107.56480080000269,-6.894831599999059,Pajajaran,0.0025141975770577,47.74209779074892
9681484923,78.79977463934223,Campaka,Andir,18989,107.56485826695275,-6.894860661210245,Pajajaran,0.0025141975770577,47.74209779074892
9681484923,78.23751988391815,Campaka,Andir,18989,107.56491573305205,-6.894889688773625,Pajajaran,0.0025141975770577,47.74209779074892
9681484923,78.3272325613271,Campaka,Andir,18989,107.56497316695275,-6.894918761210222,Pajajaran,0.0025141975770577,47.74209779074892
9681484923,85.05595230140322,Campaka,Andir,18989,107.56515771688274,-6.89503215031266,Pajajaran,0.0025141975770577,47.74209779074892
9681484923,79.05477175629635,Campaka,Andir,18989,107.56503063305205,-6.894947788773633,Pajajaran,0.0025141975770577,47.74209779074892
11305975594,98.17093624949864,Campaka,Andir,18989,107.56445994999856,-6.894807750006172,Pajajaran,0.0025141975770577,47.74209779074892
11305975594,106.28047627390804,Campaka,Andir,18989,107.56442588737733,-6.894873816486096,Pajajaran,0.0025141975770577,47.74209779074892
11305975594,114.40902699122694,Campaka,Andir,18989,107.56439179999856,-6.894939900006162,Pajajaran,0.0025141975770577,47.74209779074892
11305975594,96.86705671277996,Campaka,Andir,18989,107.56431121643058,-6.894732849695411,Pajajaran,0.0025141975770577,47.74209779074892
11305975594,105.0071950497652,Campaka,Andir,18989,107.56427749999852,-6.894798250006168,Pajajaran,0.0025141975770577,47.74209779074892
11305975594,113.14918657630471,Campaka,Andir,18989,107.56424381276284,-6.89486368357418,Pajajaran,0.0025141975770577,47.74209779074892
11305975594,122.55106679409374,Campaka,Andir,18989,107.56435774999856,-6.895006000006155,Pajajaran,0.0025141975770577,47.74209779074892
11305975594,121.29092765988509,Campaka,Andir,18989,107.56421009999852,-6.8949291000061725,Pajajaran,0.0025141975770577,47.74209779074892
11305975594,124.5481411935572,Campaka,Andir,18989,107.56401673581996,-6.8948367159062025,Pajajaran,0.0025141975770577,47.74209779074892
11305975594,117.66000861167548,Campaka,Andir,18989,107.56404589999848,-6.89478015000571,Pajajaran,0.0025141975770577,47.74209779074892
11305975594,110.78928476967444,Campaka,Andir,18989,107.56407504999848,-6.894723550005703,Pajajaran,0.0025141975770577,47.74209779074892
11305975594,103.93811612851977,Campaka,Andir,18989,107.56410424999852,-6.89466695000568,Pajajaran,0.0025141975770577,47.74209779074892
11305975594,97.11862851148648,Campaka,Andir,18989,107.56413339999848,-6.894610350005698,Pajajaran,0.0025141975770577,47.74209779074892
11305975594,90.33526900591896,Campaka,Andir,18989,107.56416256417698,-6.894553784105173,Pajajaran,0.0025141975770577,47.74209779074892
11305975594,83.59382893143595,Campaka,Andir,18989,107.56419173581996,-6.894497215906196,Pajajaran,0.0025141975770577,47.74209779074892
11305975594,76.90438895529843,Campaka,Andir,18989,107.56422093409812,-6.894440650947728,Pajajaran,0.0025141975770577,47.74209779074892
11305975594,19.373763419725545,Campaka,Andir,18989,107.56456921679164,-6.894042900195547,Pajajaran,0.0025141975770577,47.74209779074892
11305975594,25.77842432900165,Campaka,Andir,18989,107.56453788320673,-6.894101099811986,Pajajaran,0.0025141975770577,47.74209779074892
11305975594,32.56802346956169,Campaka,Andir,18989,107.56450654999917,-6.894159300003775,Pajajaran,0.0025141975770577,47.74209779074892
11305975594,39.54297866862225,Campaka,Andir,18989,107.56447520593278,-6.894217466988119,Pajajaran,0.0025141975770577,47.74209779074892
11305975594,46.61841999938276,Campaka,Andir,18989,107.56444389406552,-6.894275633019422,Pajajaran,0.0025141975770577,47.74209779074892
11305975594,53.75867943620948,Campaka,Andir,18989,107.56441254999916,-6.894333800003791,Pajajaran,0.0025141975770577,47.74209779074892
11305975594,60.93915230567981,Campaka,Andir,18989,107.56438124999916,-6.894392000003776,Pajajaran,0.0025141975770577,47.74209779074892
9681484923,60.51772177301904,Campaka,Andir,18989,107.56480260000376,-6.894576049998461,Pajajaran,0.0025141975770577,47.74209779074892
9681484923,64.57313628383322,Campaka,Andir,18989,107.5647411001563,-6.894545016552443,Pajajaran,0.0025141975770577,47.74209779074892
11305975594,61.42104791480224,Campaka,Andir,18989,107.5646796163861,-6.894513995854271,Pajajaran,0.0025141975770577,47.74209779074892
11305975594,58.96147243852656,Campaka,Andir,18989,107.56461815000377,-6.894482949998469,Pajajaran,0.0025141975770577,47.74209779074892
11305975594,57.41758516217289,Campaka,Andir,18989,107.56455668345797,-6.894451937596736,Pajajaran,0.0025141975770577,47.74209779074892
11305975594,9.349449544956492,Campaka,Andir,18989,107.56479760000158,-6.893919299999263,Pajajaran,0.0025141975770577,47.74209779074892
11305975594,6.053249955892223,Campaka,Andir,18989,107.5647578000016,-6.894003649999268,Pajajaran,0.0025141975770577,47.74209779074892
11305975594,14.096085192979924,Campaka,Andir,18989,107.56471800000158,-6.89408794999927,Pajajaran,0.0025141975770577,47.74209779074892
13142081220,33.30695228479215,Cisaranten Kidul,Gedebage,22102,107.70433960000008,-6.965580249999338,Soekarno Hatta,0.0024232107542493,53.5578040904198
13142081220,35.21800589444776,Cisaranten Kidul,Gedebage,22102,107.7042846000001,-6.965575249999327,Soekarno Hatta,0.0024232107542493,53.5578040904198
13142081220,38.02193727290543,Cisaranten Kidul,Gedebage,22102,107.70422962329768,-6.965570263417352,Soekarno Hatta,0.0024232107542493,53.5578040904198
13142081220,41.542062723355336,Cisaranten Kidul,Gedebage,22102,107.70417465000008,-6.965565249999337,Soekarno Hatta,0.0024232107542493,53.5578040904198
13142081220,45.61150706936543,Cisaranten Kidul,Gedebage,22102,107.70411965000008,-6.965560249999324,Soekarno Hatta,0.0024232107542493,53.5578040904198
13142081220,50.09164189272107,Cisaranten Kidul,Gedebage,22102,107.70406467669352,-6.96555528657738,Soekarno Hatta,0.0024232107542493,53.5578040904198
13142081220,54.88408796896247,Cisaranten Kidul,Gedebage,22102,107.70400970000009,-6.965550349999331,Soekarno Hatta,0.0024232107542493,53.5578040904198
13142081220,59.92185853370213,Cisaranten Kidul,Gedebage,22102,107.70395470000008,-6.965545349999337,Soekarno Hatta,0.0024232107542493,53.5578040904198
13142081220,65.1398665307955,Cisaranten Kidul,Gedebage,22102,107.70389972329768,-6.965540363417382,Soekarno Hatta,0.0024232107542493,53.5578040904198
13142081220,70.50165188265244,Cisaranten Kidul,Gedebage,22102,107.70384475000009,-6.965535349999332,Soekarno Hatta,0.0024232107542493,53.5578040904198
13142081220,75.97736854187517,Cisaranten Kidul,Gedebage,22102,107.70378975000008,-6.965530349999334,Soekarno Hatta,0.0024232107542493,53.5578040904198
13142081220,43.50568332509783,Cisaranten Kidul,Gedebage,22102,107.70434230000023,-6.965487100000083,Soekarno Hatta,0.0024232107542493,53.5578040904198
13142081220,45.08626243624764,Cisaranten Kidul,Gedebage,22102,107.70428800000025,-6.965481800000054,Soekarno Hatta,0.0024232107542493,53.5578040904198
13142081220,47.39290243194863,Cisaranten Kidul,Gedebage,22102,107.70423370000024,-6.9654764500000805,Soekarno Hatta,0.0024232107542493,53.5578040904198
13142081220,50.323571233591935,Cisaranten Kidul,Gedebage,22102,107.70417935000025,-6.965471100000098,Soekarno Hatta,0.0024232107542493,53.5578040904198
13142081220,53.77057522228414,Cisaranten Kidul,Gedebage,22102,107.70412500000022,-6.96546580000009,Soekarno Hatta,0.0024232107542493,53.5578040904198
13142081220,57.64232183315615,Cisaranten Kidul,Gedebage,22102,107.70407070000024,-6.965460500000079,Soekarno Hatta,0.0024232107542493,53.5578040904198
13142081220,61.86530039802918,Cisaranten Kidul,Gedebage,22102,107.70401640000024,-6.965455150000063,Soekarno Hatta,0.0024232107542493,53.5578040904198
13142081220,66.36869800652002,Cisaranten Kidul,Gedebage,22102,107.70396210000024,-6.965449800000081,Soekarno Hatta,0.0024232107542493,53.5578040904198
13142081220,71.09551391067708,Cisaranten Kidul,Gedebage,22102,107.70390780000024,-6.965444500000078,Soekarno Hatta,0.0024232107542493,53.5578040904198
13142081220,76.01173614222371,Cisaranten Kidul,Gedebage,22102,107.70385345000022,-6.965439200000087,Soekarno Hatta,0.0024232107542493,53.5578040904198
13142081220,81.08310861385837,Cisaranten Kidul,Gedebage,22102,107.70379910000024,-6.965433850000104,Soekarno Hatta,0.0024232107542493,53.5578040904198
5461004257,67.76367445963848,Cisaranten Kidul,Gedebage,22102,107.70364485000064,-6.965511199999749,Soekarno Hatta,0.0024232107542493,53.5578040904198
5461004257,61.74571324855648,Cisaranten Kidul,Gedebage,22102,107.70358165000064,-6.965497399999744,Soekarno Hatta,0.0024232107542493,53.5578040904198
5461004257,55.99553693904704,Cisaranten Kidul,Gedebage,22102,107.70351845000064,-6.965483599999739,Soekarno Hatta,0.0024232107542493,53.5578040904198
5461004257,50.60451290503912,Cisaranten Kidul,Gedebage,22102,107.70345525000064,-6.965469799999752,Soekarno Hatta,0.0024232107542493,53.5578040904198
5461004257,45.70138661435609,Cisaranten Kidul,Gedebage,22102,107.70339204464784,-6.965455971334626,Soekarno Hatta,0.0024232107542493,53.5578040904198
5461004257,41.45869886117986,Cisaranten Kidul,Gedebage,22102,107.70332885000064,-6.965442149999764,Soekarno Hatta,0.0024232107542493,53.5578040904198
5461004257,38.09469371470358,Cisaranten Kidul,Gedebage,22102,107.70326565000065,-6.965428349999743,Soekarno Hatta,0.0024232107542493,53.5578040904198
5461004257,72.70804606557518,Cisaranten Kidul,Gedebage,22102,107.70365310000048,-6.965415000000182,Soekarno Hatta,0.0024232107542493,53.5578040904198
5461004257,67.38861715510244,Cisaranten Kidul,Gedebage,22102,107.70359160000046,-6.965402200000173,Soekarno Hatta,0.0024232107542493,53.5578040904198
5461004257,62.38537995945619,Cisaranten Kidul,Gedebage,22102,107.70353005000048,-6.965389400000186,Soekarno Hatta,0.0024232107542493,53.5578040904198
5461004257,57.78675860367925,Cisaranten Kidul,Gedebage,22102,107.70346850000048,-6.965376600000183,Soekarno Hatta,0.0024232107542493,53.5578040904198
5461004257,53.70463068767546,Cisaranten Kidul,Gedebage,22102,107.70340700000048,-6.9653637500001775,Soekarno Hatta,0.0024232107542493,53.5578040904198
5461004257,50.25544849921115,Cisaranten Kidul,Gedebage,22102,107.70334550000048,-6.965350900000182,Soekarno Hatta,0.0024232107542493,53.5578040904198
5461004257,47.56949130329539,Cisaranten Kidul,Gedebage,22102,107.70328395000048,-6.965338100000179,Soekarno Hatta,0.0024232107542493,53.5578040904198
4054903366,39.58370631517946,Cisaranten Kidul,Gedebage,22102,107.703017371389,-6.965275708504406,Soekarno Hatta,0.0024232107542493,53.5578040904198
4054903366,39.31871325498865,Cisaranten Kidul,Gedebage,22102,107.70296345000038,-6.9652636000002,Soekarno Hatta,0.0024232107542493,53.5578040904198
4054903366,40.20712886577806,Cisaranten Kidul,Gedebage,22102,107.70290482093952,-6.9652494642178935,Soekarno Hatta,0.0024232107542493,53.5578040904198
4054903366,42.27870992223033,Cisaranten Kidul,Gedebage,22102,107.70284215776137,-6.965234678525491,Soekarno Hatta,0.0024232107542493,53.5578040904198
4054903366,45.24375427558461,Cisaranten Kidul,Gedebage,22102,107.70277949205254,-6.965221221508198,Soekarno Hatta,0.0024232107542493,53.5578040904198
4054903366,49.08299897683166,Cisaranten Kidul,Gedebage,22102,107.7027148583715,-6.9652084282714055,Soekarno Hatta,0.0024232107542493,53.5578040904198
4054903366,53.32264960091989,Cisaranten Kidul,Gedebage,22102,107.70265484336282,-6.965196271392547,Soekarno Hatta,0.0024232107542493,53.5578040904198
4054903366,30.10051614201961,Cisaranten Kidul,Gedebage,22102,107.70301415000034,-6.965367000000266,Soekarno Hatta,0.0024232107542493,53.5578040904198
4054903366,29.39022889861945,Cisaranten Kidul,Gedebage,22102,107.70296049290764,-6.965354721349382,Soekarno Hatta,0.0024232107542493,53.5578040904198
4054903366,29.923266750032305,Cisaranten Kidul,Gedebage,22102,107.7029068570775,-6.965342478654411,Soekarno Hatta,0.0024232107542493,53.5578040904198
4054903366,31.6436023459686,Cisaranten Kidul,Gedebage,22102,107.70285320000032,-6.965330200000271,Soekarno Hatta,0.0024232107542493,53.5578040904198
4054903366,34.37060012380707,Cisaranten Kidul,Gedebage,22102,107.7027995429232,-6.96531792134612,Soekarno Hatta,0.0024232107542493,53.5578040904198
4054903366,37.886095405869305,Cisaranten Kidul,Gedebage,22102,107.70274590000034,-6.965305650000261,Soekarno Hatta,0.0024232107542493,53.5578040904198
4054903366,41.993304914915626,Cisaranten Kidul,Gedebage,22102,107.70269225707747,-6.965293378654396,Soekarno Hatta,0.0024232107542493,53.5578040904198
4054903366,46.53603851479502,Cisaranten Kidul,Gedebage,22102,107.70263859290765,-6.965281121349388,Soekarno Hatta,0.0024232107542493,53.5578040904198
4054903366,58.38927290334158,Cisaranten Kidul,Gedebage,22102,107.70250710000045,-6.965257350000035,Soekarno Hatta,0.0024232107542493,53.5578040904198
4054903366,64.05467832841276,Cisaranten Kidul,Gedebage,22102,107.70245030000044,-6.965244700000039,Soekarno Hatta,0.0024232107542493,53.5578040904198
4054903366,69.84913847316189,Cisaranten Kidul,Gedebage,22102,107.70239355000044,-6.965232050000044,Soekarno Hatta,0.0024232107542493,53.5578040904198
4054903366,75.7438242147186,Cisaranten Kidul,Gedebage,22102,107.7023368060347,-6.965219428632658,Soekarno Hatta,0.0024232107542493,53.5578040904198
4054903366,81.72750681978751,Cisaranten Kidul,Gedebage,22102,107.7022799939662,-6.965206771367417,Soekarno Hatta,0.0024232107542493,53.5578040904198
4054903366,63.87076356965731,Cisaranten Kidul,Gedebage,22102,107.70252345000044,-6.965172850000298,Soekarno Hatta,0.0024232107542493,53.5578040904198
4054903366,69.40427474125345,Cisaranten Kidul,Gedebage,22102,107.70246420000046,-6.965158900000306,Soekarno Hatta,0.0024232107542493,53.5578040904198
4054903366,75.1335788167462,Cisaranten Kidul,Gedebage,22102,107.70240495000044,-6.965144950000289,Soekarno Hatta,0.0024232107542493,53.5578040904198
4054903366,81.01662649417251,Cisaranten Kidul,Gedebage,22102,107.70234575000045,-6.965130950000285,Soekarno Hatta,0.0024232107542493,53.5578040904198
4054903366,87.02289640010196,Cisaranten Kidul,Gedebage,22102,107.70228650000044,-6.965117000000289,Soekarno Hatta,0.0024232107542493,53.5578040904198
11250407096,169.78204807763657,Cisaranten Kidul,Gedebage,22102,107.69992774999044,-6.957648500002501,Soekarno Hatta,0.0024232107542493,53.5578040904198
11373181575,175.30297293320922,Cisaranten Kidul,Gedebage,22102,107.69978951971233,-6.957716033308032,Soekarno Hatta,0.0024232107542493,53.5578040904198
11373181575,146.2490014979389,Cisaranten Kidul,Gedebage,22102,107.69985346754063,-6.957974787265588,Soekarno Hatta,0.0024232107542493,53.5578040904198
11373181575,153.17296133070846,Cisaranten Kidul,Gedebage,22102,107.69999819998012,-6.957912500004925,Soekarno Hatta,0.0024232107542493,53.5578040904198
11373181575,125.45093358430384,Cisaranten Kidul,Gedebage,22102,107.70065475302104,-6.958428771132592,Soekarno Hatta,0.0024232107542493,53.5578040904198
11373181575,114.21336915669262,Cisaranten Kidul,Gedebage,22102,107.70051969998454,-6.958452549993953,Soekarno Hatta,0.0024232107542493,53.5578040904198
11373181575,103.97778596767608,Cisaranten Kidul,Gedebage,22102,107.700384646948,-6.958476328855301,Soekarno Hatta,0.0024232107542493,53.5578040904198
11373181575,95.07249931837168,Cisaranten Kidul,Gedebage,22102,107.7002496030242,-6.958500071134904,Soekarno Hatta,0.0024232107542493,53.5578040904198
11373181575,87.8968772503656,Cisaranten Kidul,Gedebage,22102,107.70011451808448,-6.958523810904438,Soekarno Hatta,0.0024232107542493,53.5578040904198
11373181575,82.89994661370092,Cisaranten Kidul,Gedebage,22102,107.69997948188453,-6.958547589083492,Soekarno Hatta,0.0024232107542493,53.5578040904198
11373181575,63.82584381127439,Cisaranten Kidul,Gedebage,22102,107.70018085475331,-6.958778821833975,Soekarno Hatta,0.0024232107542493,53.5578040904198
11373181575,84.63827739561964,Cisaranten Kidul,Gedebage,22102,107.70044194999518,-6.9587328999991165,Soekarno Hatta,0.0024232107542493,53.5578040904198
11373181575,96.71902368325873,Cisaranten Kidul,Gedebage,22102,107.70057254999516,-6.958709899999114,Soekarno Hatta,0.0024232107542493,53.5578040904198
11373181575,123.78824595951124,Cisaranten Kidul,Gedebage,22102,107.70084559999496,-6.9586618999989325,Soekarno Hatta,0.0024232107542493,53.5578040904198
11373181575,136.9277390223511,Cisaranten Kidul,Gedebage,22102,107.70097289999497,-6.958639499998925,Soekarno Hatta,0.0024232107542493,53.5578040904198
10596741996,146.4341602044169,Cisaranten Kidul,Gedebage,22102,107.70110019999495,-6.958617099998941,Soekarno Hatta,0.0024232107542493,53.5578040904198
11373181575,39.49075371480553,Cisaranten Kidul,Gedebage,22102,107.7002458499997,-6.959143250001344,Soekarno Hatta,0.0024232107542493,53.5578040904198
11373181575,53.78574658466077,Cisaranten Kidul,Gedebage,22102,107.7003764499997,-6.959120250001344,Soekarno Hatta,0.0024232107542493,53.5578040904198
11373181575,68.23780283147443,Cisaranten Kidul,Gedebage,22102,107.7005070499997,-6.959097250001365,Soekarno Hatta,0.0024232107542493,53.5578040904198
11373181575,82.76305761783364,Cisaranten Kidul,Gedebage,22102,107.70063764999968,-6.959074300001344,Soekarno Hatta,0.0024232107542493,53.5578040904198
10596741996,124.78813580503264,Cisaranten Kidul,Gedebage,22102,107.70116524999946,-6.958981450001179,Soekarno Hatta,0.0024232107542493,53.5578040904198
7216077614,111.31251053267628,Cisaranten Kidul,Gedebage,22102,107.70091069999948,-6.959026250001156,Soekarno Hatta,0.0024232107542493,53.5578040904198
10596741996,125.09007860516228,Cisaranten Kidul,Gedebage,22102,107.70137774999324,-6.958548400003211,Soekarno Hatta,0.0024232107542493,53.5578040904198
11373181575,109.43204258010144,Cisaranten Kidul,Gedebage,22102,107.70070315475334,-6.958686921833981,Soekarno Hatta,0.0024232107542493,53.5578040904198
11373181575,55.72246557625705,Cisaranten Kidul,Gedebage,22102,107.7000368499972,-6.958804150000781,Soekarno Hatta,0.0024232107542493,53.5578040904198
11373181575,97.32722170806468,Cisaranten Kidul,Gedebage,22102,107.70076822788803,-6.959051358831158,Soekarno Hatta,0.0024232107542493,53.5578040904198
11373181575,24.246988004100373,Cisaranten Kidul,Gedebage,22102,107.70010185000172,-6.959168600003016,Soekarno Hatta,0.0024232107542493,53.5578040904198
11373181572,119.73118656626428,Cisaranten Kidul,Gedebage,22102,107.69878487790378,-6.959400259239494,Soekarno Hatta,0.0024232107542493,53.5578040904198
11373181572,105.75330321438278,Cisaranten Kidul,Gedebage,22102,107.6986598220949,-6.959422240762595,Soekarno Hatta,0.0024232107542493,53.5578040904198
11373181572,77.86333749356119,Cisaranten Kidul,Gedebage,22102,107.69840969999932,-6.95946625000106,Soekarno Hatta,0.0024232107542493,53.5578040904198
11373181572,63.98355737160645,Cisaranten Kidul,Gedebage,22102,107.69828464999932,-6.959488250001046,Soekarno Hatta,0.0024232107542493,53.5578040904198
11373181572,50.19353642546296,Cisaranten Kidul,Gedebage,22102,107.69815959999931,-6.959510250001047,Soekarno Hatta,0.0024232107542493,53.5578040904198
11373181572,36.5925968784275,Cisaranten Kidul,Gedebage,22102,107.69803452209489,-6.959532240762592,Soekarno Hatta,0.0024232107542493,53.5578040904198
11373181575,95.7864670349007,Cisaranten Kidul,Gedebage,22102,107.69905812212671,-6.959352141637762,Soekarno Hatta,0.0024232107542493,53.5578040904198
11373181575,49.99674505341002,Cisaranten Kidul,Gedebage,22102,107.69947052212672,-6.959279641637762,Soekarno Hatta,0.0024232107542493,53.5578040904198
11373181572,23.51931532436769,Cisaranten Kidul,Gedebage,22102,107.69790947790376,-6.959554259239499,Soekarno Hatta,0.0024232107542493,53.5578040904198
11373181575,123.39853436442375,Cisaranten Kidul,Gedebage,22102,107.6988423047402,-6.9590143218289855,Soekarno Hatta,0.0024232107542493,53.5578040904198
11373181572,129.0595976624524,Cisaranten Kidul,Gedebage,22102,107.69871199999515,-6.959037249999111,Soekarno Hatta,0.0024232107542493,53.5578040904198
11373181572,102.91030897028492,Cisaranten Kidul,Gedebage,22102,107.6984513952501,-6.959083078169212,Soekarno Hatta,0.0024232107542493,53.5578040904198
11373181572,90.55252833075244,Cisaranten Kidul,Gedebage,22102,107.69832109999514,-6.959105999999103,Soekarno Hatta,0.0024232107542493,53.5578040904198
11373181572,59.97049024300857,Cisaranten Kidul,Gedebage,22102,107.69793029999516,-6.959174749999097,Soekarno Hatta,0.0024232107542493,53.5578040904198
11373181572,55.20086667715605,Cisaranten Kidul,Gedebage,22102,107.69780956161114,-6.959188140251695,Soekarno Hatta,0.0024232107542493,53.5578040904198
11373181575,108.95177152380067,Cisaranten Kidul,Gedebage,22102,107.69898574999463,-6.958989099998687,Soekarno Hatta,0.0024232107542493,53.5578040904198
11373181575,97.00586881205932,Cisaranten Kidul,Gedebage,22102,107.69910849999464,-6.9589674999986855,Soekarno Hatta,0.0024232107542493,53.5578040904198
11373181575,85.61379676518123,Cisaranten Kidul,Gedebage,22102,107.69923124999464,-6.958945899998693,Soekarno Hatta,0.0024232107542493,53.5578040904198
11373181575,75.02362618915481,Cisaranten Kidul,Gedebage,22102,107.69935404999464,-6.958924299998681,Soekarno Hatta,0.0024232107542493,53.5578040904198
11373181575,55.87598796826084,Cisaranten Kidul,Gedebage,22102,107.69964370000233,-6.958873350005073,Soekarno Hatta,0.0024232107542493,53.5578040904198
11373181575,118.85976919824505,Cisaranten Kidul,Gedebage,22102,107.69901572917117,-6.958717663452551,Soekarno Hatta,0.0024232107542493,53.5578040904198
10596741969,172.2815418903261,Cisaranten Kidul,Gedebage,22102,107.69517667638875,-6.949795388564881,Soekarno Hatta,0.0024232107542493,53.5578040904198
11513213946,162.22658547596524,Cisaranten Kidul,Gedebage,22102,107.6950979330679,-6.949670966305948,Soekarno Hatta,0.0024232107542493,53.5578040904198
11513213946,152.4525493431908,Cisaranten Kidul,Gedebage,22102,107.69499440000124,-6.949767200002307,Soekarno Hatta,0.0024232107542493,53.5578040904198
11513213946,126.16861838087556,Cisaranten Kidul,Gedebage,22102,107.69475184609313,-6.949766391895279,Soekarno Hatta,0.0024232107542493,53.5578040904198
11513213946,108.49941594063507,Cisaranten Kidul,Gedebage,22102,107.6945839950755,-6.94977827203184,Soekarno Hatta,0.0024232107542493,53.5578040904198
4054886233,61.17743958500513,Cisaranten Kidul,Gedebage,22102,107.70506654655772,-6.95838267859979,Soekarno Hatta,0.0024232107542493,53.5578040904198
11373181571,64.69702194623143,Cisaranten Kidul,Gedebage,22102,107.70500825343775,-6.9583928213985615,Soekarno Hatta,0.0024232107542493,53.5578040904198
11373181571,68.55007822846129,Cisaranten Kidul,Gedebage,22102,107.70494994999775,-6.958402949999163,Soekarno Hatta,0.0024232107542493,53.5578040904198
11373181571,72.78854112917372,Cisaranten Kidul,Gedebage,22102,107.70489164655774,-6.958413078599778,Soekarno Hatta,0.0024232107542493,53.5578040904198
11373181571,77.34725259623943,Cisaranten Kidul,Gedebage,22102,107.70483335343778,-6.958423221398559,Soekarno Hatta,0.0024232107542493,53.5578040904198
11373181571,82.17630175147914,Cisaranten Kidul,Gedebage,22102,107.70477504999776,-6.958433349999151,Soekarno Hatta,0.0024232107542493,53.5578040904198
11373181571,87.23040768356076,Cisaranten Kidul,Gedebage,22102,107.70471674999774,-6.958443449999157,Soekarno Hatta,0.0024232107542493,53.5578040904198
11373181571,92.47042133524538,Cisaranten Kidul,Gedebage,22102,107.70465844655774,-6.958453578599786,Soekarno Hatta,0.0024232107542493,53.5578040904198
11373181571,51.98938689374477,Cisaranten Kidul,Gedebage,22102,107.70504367884764,-6.958523918158528,Soekarno Hatta,0.0024232107542493,53.5578040904198
11373181571,56.10054561059561,Cisaranten Kidul,Gedebage,22102,107.70499094699151,-6.95853307884163,Soekarno Hatta,0.0024232107542493,53.5578040904198
11373181571,60.51321322161966,Cisaranten Kidul,Gedebage,22102,107.70493822415769,-6.958542202980419,Soekarno Hatta,0.0024232107542493,53.5578040904198
11373181571,65.1624789371243,Cisaranten Kidul,Gedebage,22102,107.7048854788476,-6.958551418158532,Soekarno Hatta,0.0024232107542493,53.5578040904198
11373181571,70.00612920090765,Cisaranten Kidul,Gedebage,22102,107.70483274999758,-6.95856054999902,Soekarno Hatta,0.0024232107542493,53.5578040904198
11373181571,75.00406128037517,Cisaranten Kidul,Gedebage,22102,107.70478002114754,-6.958569681839547,Soekarno Hatta,0.0024232107542493,53.5578040904198
11373181571,80.12610935764435,Cisaranten Kidul,Gedebage,22102,107.7047272758375,-6.958578897017651,Soekarno Hatta,0.0024232107542493,53.5578040904198
11373181571,85.35222355773801,Cisaranten Kidul,Gedebage,22102,107.70467455300364,-6.958588021156408,Soekarno Hatta,0.0024232107542493,53.5578040904198
11373181571,98.66267260005552,Cisaranten Kidul,Gedebage,22102,107.70454364999776,-6.958610799999155,Soekarno Hatta,0.0024232107542493,53.5578040904198
11373181571,104.7518670067626,Cisaranten Kidul,Gedebage,22102,107.70448494999776,-6.958620999999181,Soekarno Hatta,0.0024232107542493,53.5578040904198
11373181571,110.89817133172448,Cisaranten Kidul,Gedebage,22102,107.70442624999777,-6.958631199999183,Soekarno Hatta,0.0024232107542493,53.5578040904198
11373181571,117.09677781213068,Cisaranten Kidul,Gedebage,22102,107.70436751793945,-6.958641362289536,Soekarno Hatta,0.0024232107542493,53.5578040904198
11373181571,123.3341656002983,Cisaranten Kidul,Gedebage,22102,107.70430879999776,-6.958651549999196,Soekarno Hatta,0.0024232107542493,53.5578040904198
11373181571,129.60645597120617,Cisaranten Kidul,Gedebage,22102,107.70425007858614,-6.958661766298143,Soekarno Hatta,0.0024232107542493,53.5578040904198
11373181571,135.91015177065978,Cisaranten Kidul,Gedebage,22102,107.70419134999776,-6.958671949999164,Soekarno Hatta,0.0024232107542493,53.5578040904198
11373181571,105.57972741185672,Cisaranten Kidul,Gedebage,22102,107.70451914999776,-6.958477799999174,Soekarno Hatta,0.0024232107542493,53.5578040904198
11373181571,111.2998329107026,Cisaranten Kidul,Gedebage,22102,107.70446044999775,-6.9584879999991935,Soekarno Hatta,0.0024232107542493,53.5578040904198
11373181571,117.11125854758832,Cisaranten Kidul,Gedebage,22102,107.70440174999776,-6.958498199999172,Soekarno Hatta,0.0024232107542493,53.5578040904198
11373181571,123.00106113207232,Cisaranten Kidul,Gedebage,22102,107.70434304999776,-6.958508399999179,Soekarno Hatta,0.0024232107542493,53.5578040904198
11373181571,128.9620188360685,Cisaranten Kidul,Gedebage,22102,107.70428432140888,-6.9585185837144605,Soekarno Hatta,0.0024232107542493,53.5578040904198
11373181571,134.97999926391643,Cisaranten Kidul,Gedebage,22102,107.70422559999776,-6.9585287999991925,Soekarno Hatta,0.0024232107542493,53.5578040904198
11373181571,141.0473193731865,Cisaranten Kidul,Gedebage,22102,107.70416689999776,-6.958538999999173,Soekarno Hatta,0.0024232107542493,53.5578040904198
11373181570,163.01880741205858,Cisaranten Kidul,Gedebage,22102,107.70393599999784,-6.958716349999248,Soekarno Hatta,0.0024232107542493,53.5578040904198
11373181570,169.62699030851195,Cisaranten Kidul,Gedebage,22102,107.7038744463136,-6.958727028482779,Soekarno Hatta,0.0024232107542493,53.5578040904198
7216077612,166.37175446092988,Cisaranten Kidul,Gedebage,22102,107.70381289999784,-6.9587376999992365,Soekarno Hatta,0.0024232107542493,53.5578040904198
7216077612,159.56067051436514,Cisaranten Kidul,Gedebage,22102,107.70375135368208,-6.958748371515726,Soekarno Hatta,0.0024232107542493,53.5578040904198
7216077612,152.76005539124918,Cisaranten Kidul,Gedebage,22102,107.70368982150698,-6.958759034467478,Soekarno Hatta,0.0024232107542493,53.5578040904198
7216077612,145.9655632911432,Cisaranten Kidul,Gedebage,22102,107.70362827848872,-6.95876976553104,Soekarno Hatta,0.0024232107542493,53.5578040904198
7216077612,139.18564481240062,Cisaranten Kidul,Gedebage,22102,107.70356674999786,-6.958780449999246,Soekarno Hatta,0.0024232107542493,53.5578040904198
7216077612,132.41591014647284,Cisaranten Kidul,Gedebage,22102,107.70350519999784,-6.958791149999249,Soekarno Hatta,0.0024232107542493,53.5578040904198
11373181571,167.90438711191766,Cisaranten Kidul,Gedebage,22102,107.70391149999786,-6.958583349999252,Soekarno Hatta,0.0024232107542493,53.5578040904198
11373181571,174.46272305229817,Cisaranten Kidul,Gedebage,22102,107.70384994999785,-6.958594049999232,Soekarno Hatta,0.0024232107542493,53.5578040904198
7216077612,169.31096724577924,Cisaranten Kidul,Gedebage,22102,107.703788421507,-6.95860473446747,Soekarno Hatta,0.0024232107542493,53.5578040904198
7216077612,162.62764417551952,Cisaranten Kidul,Gedebage,22102,107.7037268748,-6.958615444028871,Soekarno Hatta,0.0024232107542493,53.5578040904198
7216077612,155.96657800678528,Cisaranten Kidul,Gedebage,22102,107.70366532150751,-6.958626084453843,Soekarno Hatta,0.0024232107542493,53.5578040904198
7216077612,149.32452300984107,Cisaranten Kidul,Gedebage,22102,107.7036037784882,-6.958636815544653,Soekarno Hatta,0.0024232107542493,53.5578040904198
7216077612,142.7133337633731,Cisaranten Kidul,Gedebage,22102,107.70354225368207,-6.958647471515701,Soekarno Hatta,0.0024232107542493,53.5578040904198
7216077612,136.12733546882924,Cisaranten Kidul,Gedebage,22102,107.70348069999784,-6.958658149999262,Soekarno Hatta,0.0024232107542493,53.5578040904198
7216077612,120.66334308693077,Cisaranten Kidul,Gedebage,22102,107.7033348746938,-6.958683543743732,Soekarno Hatta,0.0024232107542493,53.5578040904198
7216077612,114.10939153858996,Cisaranten Kidul,Gedebage,22102,107.70327230376516,-6.958694371550783,Soekarno Hatta,0.0024232107542493,53.5578040904198
7216077612,107.60844469120173,Cisaranten Kidul,Gedebage,22102,107.70320969999788,-6.958705249999272,Soekarno Hatta,0.0024232107542493,53.5578040904198
7216077612,101.17682531991063,Cisaranten Kidul,Gedebage,22102,107.70314709999788,-6.958716149999272,Soekarno Hatta,0.0024232107542493,53.5578040904198
7216077612,94.8329796390818,Cisaranten Kidul,Gedebage,22102,107.70308449999789,-6.958726999999282,Soekarno Hatta,0.0024232107542493,53.5578040904198
7216077612,88.59503418953086,Cisaranten Kidul,Gedebage,22102,107.70302192153792,-6.958737834721571,Soekarno Hatta,0.0024232107542493,53.5578040904198
7216077612,82.47951805517597,Cisaranten Kidul,Gedebage,22102,107.70295937845783,-6.95874876527698,Soekarno Hatta,0.0024232107542493,53.5578040904198
7216077612,76.5215908185676,Cisaranten Kidul,Gedebage,22102,107.70289679623062,-6.958759628447749,Soekarno Hatta,0.0024232107542493,53.5578040904198
7216077612,116.78227311236324,Cisaranten Kidul,Gedebage,22102,107.70336248196745,-6.958815938315517,Soekarno Hatta,0.0024232107542493,53.5578040904198
7216077612,110.64289593985715,Cisaranten Kidul,Gedebage,22102,107.70330614999769,-6.9588256999991085,Soekarno Hatta,0.0024232107542493,53.5578040904198
7216077612,104.52675487861198,Cisaranten Kidul,Gedebage,22102,107.70324984999768,-6.9588354999991,Soekarno Hatta,0.0024232107542493,53.5578040904198
7216077612,98.43134056518689,Cisaranten Kidul,Gedebage,22102,107.7031934999977,-6.958845299999114,Soekarno Hatta,0.0024232107542493,53.5578040904198
7216077612,92.36680560943302,Cisaranten Kidul,Gedebage,22102,107.70313714999769,-6.958855099999131,Soekarno Hatta,0.0024232107542493,53.5578040904198
7216077612,86.3453250279041,Cisaranten Kidul,Gedebage,22102,107.703080846711,-6.958864878676661,Soekarno Hatta,0.0024232107542493,53.5578040904198
7216077612,80.3706564021527,Cisaranten Kidul,Gedebage,22102,107.70302454999768,-6.9588746499991085,Soekarno Hatta,0.0024232107542493,53.5578040904198
7216077612,74.44808011734001,Cisaranten Kidul,Gedebage,22102,107.70296820329229,-6.95888442132673,Soekarno Hatta,0.0024232107542493,53.5578040904198
7216077612,68.59617302686773,Cisaranten Kidul,Gedebage,22102,107.70291184999768,-6.958894199999114,Soekarno Hatta,0.0024232107542493,53.5578040904198
7216077612,63.35800854390179,Cisaranten Kidul,Gedebage,22102,107.70274940379502,-6.958785221561533,Soekarno Hatta,0.0024232107542493,53.5578040904198
7216077612,58.26037809777021,Cisaranten Kidul,Gedebage,22102,107.7026863999979,-6.958796149999286,Soekarno Hatta,0.0024232107542493,53.5578040904198
7216077612,53.61072442232454,Cisaranten Kidul,Gedebage,22102,107.7026233999979,-6.95880709999929,Soekarno Hatta,0.0024232107542493,53.5578040904198
7216077612,49.53740939410644,Cisaranten Kidul,Gedebage,22102,107.70256039999788,-6.958818049999297,Soekarno Hatta,0.0024232107542493,53.5578040904198
7216077612,36.11975947878486,Cisaranten Kidul,Gedebage,22102,107.70256317120004,-6.958954782215653,Soekarno Hatta,0.0024232107542493,53.5578040904198
7216077612,40.367732517564825,Cisaranten Kidul,Gedebage,22102,107.70261699999762,-6.958945449999059,Soekarno Hatta,0.0024232107542493,53.5578040904198
7216077612,45.02668527359831,Cisaranten Kidul,Gedebage,22102,107.70267079999762,-6.958936099999065,Soekarno Hatta,0.0024232107542493,53.5578040904198
7216077612,49.98587871521415,Cisaranten Kidul,Gedebage,22102,107.70272464999762,-6.95892674999906,Soekarno Hatta,0.0024232107542493,53.5578040904198
11373181571,97.8659084926622,Cisaranten Kidul,Gedebage,22102,107.70460015343774,-6.958463721398542,Soekarno Hatta,0.0024232107542493,53.5578040904198
7216077612,46.19535406938535,Cisaranten Kidul,Gedebage,22102,107.70249739620076,-6.958828978437058,Soekarno Hatta,0.0024232107542493,53.5578040904198
11373181571,147.16143751645652,Cisaranten Kidul,Gedebage,22102,107.70410817858664,-6.958549216283874,Soekarno Hatta,0.0024232107542493,53.5578040904198
7216077612,129.57414926530382,Cisaranten Kidul,Gedebage,22102,107.70341914999784,-6.958668849999272,Soekarno Hatta,0.0024232107542493,53.5578040904198
7216077612,70.76037844783721,Cisaranten Kidul,Gedebage,22102,107.70283420376516,-6.958770471550779,Soekarno Hatta,0.0024232107542493,53.5578040904198
7216077612,55.1619096212922,Cisaranten Kidul,Gedebage,22102,107.70277849999762,-6.95891739999906,Soekarno Hatta,0.0024232107542493,53.5578040904198
11373181571,90.65956652307264,Cisaranten Kidul,Gedebage,22102,107.70462184999758,-6.958597199999008,Soekarno Hatta,0.0024232107542493,53.5578040904198
11373181570,142.10042259448116,Cisaranten Kidul,Gedebage,22102,107.70413264999776,-6.95868214999917,Soekarno Hatta,0.0024232107542493,53.5578040904198
7216077612,125.66129333401348,Cisaranten Kidul,Gedebage,22102,107.70344364999784,-6.958801849999252,Soekarno Hatta,0.0024232107542493,53.5578040904198
7216077612,62.83944197213205,Cisaranten Kidul,Gedebage,22102,107.7028555499977,-6.958903999999102,Soekarno Hatta,0.0024232107542493,53.5578040904198
12084548103,67.51187760604572,Cisaranten Kidul,Gedebage,22102,107.70313924999856,-6.957599749999653,Soekarno Hatta,0.0024232107542493,53.5578040904198
12084548103,90.76219705378448,Cisaranten Kidul,Gedebage,22102,107.7025618999989,-6.957705449999643,Soekarno Hatta,0.0024232107542493,53.5578040904198
13142184800,65.54704631072362,Cisaranten Kidul,Gedebage,22102,107.70367439999876,-6.957266599999827,Soekarno Hatta,0.0024232107542493,53.5578040904198
13142184800,59.56194612262943,Cisaranten Kidul,Gedebage,22102,107.70360364999875,-6.957278899999829,Soekarno Hatta,0.0024232107542493,53.5578040904198
13142184800,54.08293544722965,Cisaranten Kidul,Gedebage,22102,107.70353289999878,-6.957291199999811,Soekarno Hatta,0.0024232107542493,53.5578040904198
13142184800,49.28382184755365,Cisaranten Kidul,Gedebage,22102,107.70346217189804,-6.957303537928431,Soekarno Hatta,0.0024232107542493,53.5578040904198
13142184800,45.377401589046,Cisaranten Kidul,Gedebage,22102,107.70339142809269,-6.957315912076766,Soekarno Hatta,0.0024232107542493,53.5578040904198
13142184800,42.59796119694346,Cisaranten Kidul,Gedebage,22102,107.70332067190483,-6.957328187922858,Soekarno Hatta,0.0024232107542493,53.5578040904198
13142184800,41.19045628515523,Cisaranten Kidul,Gedebage,22102,107.70324992809267,-6.957340512076778,Soekarno Hatta,0.0024232107542493,53.5578040904198
13142184800,58.341689328047806,Cisaranten Kidul,Gedebage,22102,107.70365489999875,-6.9571501999998215,Soekarno Hatta,0.0024232107542493,53.5578040904198
13142184800,51.51344054839635,Cisaranten Kidul,Gedebage,22102,107.70358414999878,-6.957162499999811,Soekarno Hatta,0.0024232107542493,53.5578040904198
13142184800,45.05157890679487,Cisaranten Kidul,Gedebage,22102,107.70351339999876,-6.957174799999801,Soekarno Hatta,0.0024232107542493,53.5578040904198
13142184800,39.141236073673205,Cisaranten Kidul,Gedebage,22102,107.70344264999878,-6.957187149999816,Soekarno Hatta,0.0024232107542493,53.5578040904198
13142184800,34.06738101925867,Cisaranten Kidul,Gedebage,22102,107.70337189999876,-6.95719949999982,Soekarno Hatta,0.0024232107542493,53.5578040904198
13142184800,30.24915998094692,Cisaranten Kidul,Gedebage,22102,107.70330114999878,-6.957211799999843,Soekarno Hatta,0.0024232107542493,53.5578040904198
13142184800,28.20576439150519,Cisaranten Kidul,Gedebage,22102,107.70323039999876,-6.9572240999998005,Soekarno Hatta,0.0024232107542493,53.5578040904198
12084548103,58.24910799891055,Cisaranten Kidul,Gedebage,22102,107.70258149999884,-6.95733619999986,Soekarno Hatta,0.0024232107542493,53.5578040904198
12084548103,51.434814010169774,Cisaranten Kidul,Gedebage,22102,107.70265219999884,-6.957323899999847,Soekarno Hatta,0.0024232107542493,53.5578040904198
12084548103,44.99340844381033,Cisaranten Kidul,Gedebage,22102,107.70272284999884,-6.957311599999859,Soekarno Hatta,0.0024232107542493,53.5578040904198
12084548103,39.10314171948724,Cisaranten Kidul,Gedebage,22102,107.70279349999882,-6.95729929999985,Soekarno Hatta,0.0024232107542493,53.5578040904198
12084548103,34.048926238638415,Cisaranten Kidul,Gedebage,22102,107.70286419999884,-6.957286999999872,Soekarno Hatta,0.0024232107542493,53.5578040904198
12084548103,30.25819154475533,Cisaranten Kidul,Gedebage,22102,107.70293489999882,-6.957274699999839,Soekarno Hatta,0.0024232107542493,53.5578040904198
12084548103,28.24405348377788,Cisaranten Kidul,Gedebage,22102,107.70300554999884,-6.957262399999844,Soekarno Hatta,0.0024232107542493,53.5578040904198
12084548103,65.61315870426208,Cisaranten Kidul,Gedebage,22102,107.70260099999882,-6.957452649999866,Soekarno Hatta,0.0024232107542493,53.5578040904198
12084548103,59.63473152219554,Cisaranten Kidul,Gedebage,22102,107.70267169999885,-6.957440349999848,Soekarno Hatta,0.0024232107542493,53.5578040904198
12084548103,54.16435305071925,Cisaranten Kidul,Gedebage,22102,107.70274234999884,-6.957428049999844,Soekarno Hatta,0.0024232107542493,53.5578040904198
12084548103,49.36633701728439,Cisaranten Kidul,Gedebage,22102,107.70281299999884,-6.957415749999836,Soekarno Hatta,0.0024232107542493,53.5578040904198
12084548103,45.45263397854709,Cisaranten Kidul,Gedebage,22102,107.70288369999884,-6.957403449999835,Soekarno Hatta,0.0024232107542493,53.5578040904198
12084548103,42.67087656124267,Cisaranten Kidul,Gedebage,22102,107.70295439999884,-6.957391149999846,Soekarno Hatta,0.0024232107542493,53.5578040904198
12084548103,41.25022701340586,Cisaranten Kidul,Gedebage,22102,107.70302504999884,-6.9573788499998335,Soekarno Hatta,0.0024232107542493,53.5578040904198
12084548103,66.90313575769369,Cisaranten Kidul,Gedebage,22102,107.702495049999,-6.957350999999848,Soekarno Hatta,0.0024232107542493,53.5578040904198
12084548103,73.85110161340116,Cisaranten Kidul,Gedebage,22102,107.702427249999,-6.957362249999866,Soekarno Hatta,0.0024232107542493,53.5578040904198
12084548103,80.91641868441904,Cisaranten Kidul,Gedebage,22102,107.702359449999,-6.957373499999854,Soekarno Hatta,0.0024232107542493,53.5578040904198
9778614765,83.67308511711768,Cisaranten Kidul,Gedebage,22102,107.702291655126,-6.957384722071941,Soekarno Hatta,0.0024232107542493,53.5578040904198
9778614765,76.52092679102215,Cisaranten Kidul,Gedebage,22102,107.702223844872,-6.957395977927748,Soekarno Hatta,0.0024232107542493,53.5578040904198
9778614765,69.46615595873298,Cisaranten Kidul,Gedebage,22102,107.70215605512598,-6.957407222071947,Soekarno Hatta,0.0024232107542493,53.5578040904198
9778614765,62.53689471320782,Cisaranten Kidul,Gedebage,22102,107.702088249999,-6.957418449999853,Soekarno Hatta,0.0024232107542493,53.5578040904198
9778614765,55.78406185958741,Cisaranten Kidul,Gedebage,22102,107.702020449999,-6.957429699999871,Soekarno Hatta,0.0024232107542493,53.5578040904198
12084548103,73.97982073773613,Cisaranten Kidul,Gedebage,22102,107.70251769553217,-6.957478028135498,Soekarno Hatta,0.0024232107542493,53.5578040904198
12084548103,79.57241185327423,Cisaranten Kidul,Gedebage,22102,107.70245775447437,-6.957488171867552,Soekarno Hatta,0.0024232107542493,53.5578040904198
12084548103,85.33185726316967,Cisaranten Kidul,Gedebage,22102,107.70239779999876,-6.957498349999659,Soekarno Hatta,0.0024232107542493,53.5578040904198
12084548103,91.22353236307974,Cisaranten Kidul,Gedebage,22102,107.7023378455232,-6.957508528131784,Soekarno Hatta,0.0024232107542493,53.5578040904198
9778614765,85.90784700795638,Cisaranten Kidul,Gedebage,22102,107.70227790446536,-6.957518671863838,Soekarno Hatta,0.0024232107542493,53.5578040904198
9778614765,80.10086220012695,Cisaranten Kidul,Gedebage,22102,107.70221799553217,-6.9575288281355006,Soekarno Hatta,0.0024232107542493,53.5578040904198
9778614765,74.44378161104378,Cisaranten Kidul,Gedebage,22102,107.70215805447437,-6.957538971867541,Soekarno Hatta,0.0024232107542493,53.5578040904198
9778614765,68.9786957253895,Cisaranten Kidul,Gedebage,22102,107.70209809999876,-6.95754914999967,Soekarno Hatta,0.0024232107542493,53.5578040904198
9778614765,63.75495448059483,Cisaranten Kidul,Gedebage,22102,107.70203814552316,-6.957559328131778,Soekarno Hatta,0.0024232107542493,53.5578040904198
12084548103,101.74251498361612,Cisaranten Kidul,Gedebage,22102,107.70257629999864,-6.957827199999596,Soekarno Hatta,0.0024232107542493,53.5578040904198
12084548103,105.76013238813864,Cisaranten Kidul,Gedebage,22102,107.70251789999864,-6.957836949999589,Soekarno Hatta,0.0024232107542493,53.5578040904198
12084548103,110.0209665106742,Cisaranten Kidul,Gedebage,22102,107.70245949999868,-6.957846699999585,Soekarno Hatta,0.0024232107542493,53.5578040904198
12084548103,114.49786786457013,Cisaranten Kidul,Gedebage,22102,107.70240109999864,-6.957856449999585,Soekarno Hatta,0.0024232107542493,53.5578040904198
9778614765,110.76677388711909,Cisaranten Kidul,Gedebage,22102,107.70234264999866,-6.95786619999962,Soekarno Hatta,0.0024232107542493,53.5578040904198
9778614765,106.38172639610625,Cisaranten Kidul,Gedebage,22102,107.70228419999864,-6.957875949999596,Soekarno Hatta,0.0024232107542493,53.5578040904198
9778614765,102.23297674914996,Cisaranten Kidul,Gedebage,22102,107.70222579999866,-6.957885699999583,Soekarno Hatta,0.0024232107542493,53.5578040904198
9778614765,98.34547593060393,Cisaranten Kidul,Gedebage,22102,107.70216739999866,-6.95789544999959,Soekarno Hatta,0.0024232107542493,53.5578040904198
12084548103,95.0774083354576,Cisaranten Kidul,Gedebage,22102,107.70250449999888,-6.957714549999624,Soekarno Hatta,0.0024232107542493,53.5578040904198
12084548103,99.58421745098292,Cisaranten Kidul,Gedebage,22102,107.70244774554156,-6.957723728021087,Soekarno Hatta,0.0024232107542493,53.5578040904198
12084548103,104.28289482665188,Cisaranten Kidul,Gedebage,22102,107.70239099999888,-6.957732899999641,Soekarno Hatta,0.0024232107542493,53.5578040904198
9778614765,102.17337078586505,Cisaranten Kidul,Gedebage,22102,107.70233339999886,-6.9577422999996505,Soekarno Hatta,0.0024232107542493,53.5578040904198
9778614765,97.44338150964106,Cisaranten Kidul,Gedebage,22102,107.70227670444685,-6.9577514719744045,Soekarno Hatta,0.0024232107542493,53.5578040904198
9778614765,92.9065679882566,Cisaranten Kidul,Gedebage,22102,107.70221999999887,-6.957760649999633,Soekarno Hatta,0.0024232107542493,53.5578040904198
9778614765,88.58891113500682,Cisaranten Kidul,Gedebage,22102,107.70216324554158,-6.95776982802109,Soekarno Hatta,0.0024232107542493,53.5578040904198
9778614765,84.5295642121096,Cisaranten Kidul,Gedebage,22102,107.70210649999886,-6.957778999999654,Soekarno Hatta,0.0024232107542493,53.5578040904198
12084548103,84.94808983681209,Cisaranten Kidul,Gedebage,22102,107.70263634999856,-6.957687399999621,Soekarno Hatta,0.0024232107542493,53.5578040904198
12084548103,80.84764524129828,Cisaranten Kidul,Gedebage,22102,107.70269919999856,-6.957676499999638,Soekarno Hatta,0.0024232107542493,53.5578040904198
12084548103,77.17006362638185,Cisaranten Kidul,Gedebage,22102,107.70276204999855,-6.957665549999621,Soekarno Hatta,0.0024232107542493,53.5578040904198
12084548103,73.98545219045899,Cisaranten Kidul,Gedebage,22102,107.70282484999858,-6.9576545999996045,Soekarno Hatta,0.0024232107542493,53.5578040904198
12084548103,71.3627847233694,Cisaranten Kidul,Gedebage,22102,107.70288764999856,-6.957643699999642,Soekarno Hatta,0.0024232107542493,53.5578040904198
12084548103,69.35450050998837,Cisaranten Kidul,Gedebage,22102,107.70295044999855,-6.957632749999632,Soekarno Hatta,0.0024232107542493,53.5578040904198
12084548103,68.02105360891973,Cisaranten Kidul,Gedebage,22102,107.70301329999856,-6.95762179999964,Soekarno Hatta,0.0024232107542493,53.5578040904198
12084548103,96.2020551996817,Cisaranten Kidul,Gedebage,22102,107.70265874999856,-6.957810099999617,Soekarno Hatta,0.0024232107542493,53.5578040904198
12084548103,92.60687385688097,Cisaranten Kidul,Gedebage,22102,107.70272154999856,-6.957799149999626,Soekarno Hatta,0.0024232107542493,53.5578040904198
12084548103,89.42241340656088,Cisaranten Kidul,Gedebage,22102,107.70278439999856,-6.957788199999636,Soekarno Hatta,0.0024232107542493,53.5578040904198
12084548103,86.70173977271511,Cisaranten Kidul,Gedebage,22102,107.70284724999856,-6.957777299999621,Soekarno Hatta,0.0024232107542493,53.5578040904198
12084548103,84.47902932826882,Cisaranten Kidul,Gedebage,22102,107.70291004999858,-6.957766349999632,Soekarno Hatta,0.0024232107542493,53.5578040904198
12084548103,82.79863192223415,Cisaranten Kidul,Gedebage,22102,107.70297284999856,-6.957755399999616,Soekarno Hatta,0.0024232107542493,53.5578040904198
12084548103,81.69986399592928,Cisaranten Kidul,Gedebage,22102,107.70303569999857,-6.957744499999601,Soekarno Hatta,0.0024232107542493,53.5578040904198
12084548103,81.19576415628772,Cisaranten Kidul,Gedebage,22102,107.70309854999856,-6.957733549999618,Soekarno Hatta,0.0024232107542493,53.5578040904198
13142184800,85.3860571971823,Cisaranten Kidul,Gedebage,22102,107.70372050431614,-6.957506271743994,Soekarno Hatta,0.0024232107542493,53.5578040904198
13142184800,81.3160259864653,Cisaranten Kidul,Gedebage,22102,107.70365759568084,-6.957517228255193,Soekarno Hatta,0.0024232107542493,53.5578040904198
13142184800,77.67595736711003,Cisaranten Kidul,Gedebage,22102,107.70359470431612,-6.957528171743979,Soekarno Hatta,0.0024232107542493,53.5578040904198
13142184800,74.52852997017544,Cisaranten Kidul,Gedebage,22102,107.70353179568085,-6.957539128255207,Soekarno Hatta,0.0024232107542493,53.5578040904198
13142184800,71.94104028821752,Cisaranten Kidul,Gedebage,22102,107.7034689543077,-6.957550071740265,Soekarno Hatta,0.0024232107542493,53.5578040904198
13142184800,69.97228342104266,Cisaranten Kidul,Gedebage,22102,107.70340609568086,-6.957561028255203,Soekarno Hatta,0.0024232107542493,53.5578040904198
13142184800,68.67288180837127,Cisaranten Kidul,Gedebage,22102,107.70334320431614,-6.957571971743977,Soekarno Hatta,0.0024232107542493,53.5578040904198
13142184800,68.08537445583256,Cisaranten Kidul,Gedebage,22102,107.70328029568086,-6.9575829282551895,Soekarno Hatta,0.0024232107542493,53.5578040904198
13142184800,96.07471653994892,Cisaranten Kidul,Gedebage,22102,107.70373999999848,-6.95762269999958,Soekarno Hatta,0.0024232107542493,53.5578040904198
13142184800,92.48311244082642,Cisaranten Kidul,Gedebage,22102,107.7036770999985,-6.957633649999571,Soekarno Hatta,0.0024232107542493,53.5578040904198
13142184800,89.3063445197787,Cisaranten Kidul,Gedebage,22102,107.70361422173784,-6.9576445863646015,Soekarno Hatta,0.0024232107542493,53.5578040904198
13142184800,86.59249461594382,Cisaranten Kidul,Gedebage,22102,107.70355134999848,-6.957655549999597,Soekarno Hatta,0.0024232107542493,53.5578040904198
13142184800,84.38315846773924,Cisaranten Kidul,Gedebage,22102,107.70348847825916,-6.957666513634568,Soekarno Hatta,0.0024232107542493,53.5578040904198
13142184800,82.7156963678834,Cisaranten Kidul,Gedebage,22102,107.70342559999852,-6.957677449999608,Soekarno Hatta,0.0024232107542493,53.5578040904198
13142184800,81.62647338707976,Cisaranten Kidul,Gedebage,22102,107.70336272173785,-6.957688386364582,Soekarno Hatta,0.0024232107542493,53.5578040904198
13142184800,81.14188077099465,Cisaranten Kidul,Gedebage,22102,107.70329984999849,-6.957699349999598,Soekarno Hatta,0.0024232107542493,53.5578040904198
13142184800,122.01059000407426,Cisaranten Kidul,Gedebage,22102,107.7042579546672,-6.957022021844386,Soekarno Hatta,0.0024232107542493,53.5578040904198
13142184800,114.79877544672564,Cisaranten Kidul,Gedebage,22102,107.7041921671741,-6.957033465411773,Soekarno Hatta,0.0024232107542493,53.5578040904198
13142184800,131.65443808763607,Cisaranten Kidul,Gedebage,22102,107.70434569999848,-6.957004699999538,Soekarno Hatta,0.0024232107542493,53.5578040904198
13142184800,138.1271238977079,Cisaranten Kidul,Gedebage,22102,107.70440439999848,-6.95699449999954,Soekarno Hatta,0.0024232107542493,53.5578040904198
13142184800,144.60474017585918,Cisaranten Kidul,Gedebage,22102,107.70446304999848,-6.956984249999534,Soekarno Hatta,0.0024232107542493,53.5578040904198
13142184800,151.09156805151989,Cisaranten Kidul,Gedebage,22102,107.70452169999848,-6.956973999999524,Soekarno Hatta,0.0024232107542493,53.5578040904198
13142184800,134.81525534570895,Cisaranten Kidul,Gedebage,22102,107.70436599999869,-6.957124349999627,Soekarno Hatta,0.0024232107542493,53.5578040904198
13142184800,141.09149375002357,Cisaranten Kidul,Gedebage,22102,107.7044242499987,-6.957114199999645,Soekarno Hatta,0.0024232107542493,53.5578040904198
13142184800,147.3905527494569,Cisaranten Kidul,Gedebage,22102,107.70448249999868,-6.957104049999658,Soekarno Hatta,0.0024232107542493,53.5578040904198
13142184800,153.7096268474564,Cisaranten Kidul,Gedebage,22102,107.70454074999869,-6.95709389999963,Soekarno Hatta,0.0024232107542493,53.5578040904198
13142184800,86.96834051634659,Cisaranten Kidul,Gedebage,22102,107.70390929999884,-6.957204249999742,Soekarno Hatta,0.0024232107542493,53.5578040904198
13142184800,93.24228896162666,Cisaranten Kidul,Gedebage,22102,107.70397120465232,-6.9571934718356365,Soekarno Hatta,0.0024232107542493,53.5578040904198
13142184800,99.60501379681604,Cisaranten Kidul,Gedebage,22102,107.70403309999884,-6.957182699999752,Soekarno Hatta,0.0024232107542493,53.5578040904198
13142184800,106.03576482190525,Cisaranten Kidul,Gedebage,22102,107.70409494535444,-6.957171928167399,Soekarno Hatta,0.0024232107542493,53.5578040904198
13142184800,112.52819792757604,Cisaranten Kidul,Gedebage,22102,107.70415679999884,-6.957161149999735,Soekarno Hatta,0.0024232107542493,53.5578040904198
13142184800,119.07697929058229,Cisaranten Kidul,Gedebage,22102,107.70421870465232,-6.957150371835644,Soekarno Hatta,0.0024232107542493,53.5578040904198
13142184800,100.86116345990246,Cisaranten Kidul,Gedebage,22102,107.7039415499986,-6.957442599999548,Soekarno Hatta,0.0024232107542493,53.5578040904198
13142184800,105.56675302362498,Cisaranten Kidul,Gedebage,22102,107.70399569604142,-6.957433178386398,Soekarno Hatta,0.0024232107542493,53.5578040904198
13142184800,110.40589087207516,Cisaranten Kidul,Gedebage,22102,107.70404985396505,-6.957423721617328,Soekarno Hatta,0.0024232107542493,53.5578040904198
13142184800,115.36443013126392,Cisaranten Kidul,Gedebage,22102,107.70410402162511,-6.957414285349673,Soekarno Hatta,0.0024232107542493,53.5578040904198
13142184800,120.42622984101617,Cisaranten Kidul,Gedebage,22102,107.70415817441118,-6.957404893015287,Soekarno Hatta,0.0024232107542493,53.5578040904198
13142184800,125.57498362382324,Cisaranten Kidul,Gedebage,22102,107.70421232162448,-6.957395435365225,Soekarno Hatta,0.0024232107542493,53.5578040904198
13142184800,130.80596343612098,Cisaranten Kidul,Gedebage,22102,107.70426647837984,-6.957386014626408,Soekarno Hatta,0.0024232107542493,53.5578040904198
13142184800,110.48406773804082,Cisaranten Kidul,Gedebage,22102,107.7039643499986,-6.957566399999545,Soekarno Hatta,0.0024232107542493,53.5578040904198
13142184800,114.8029459998129,Cisaranten Kidul,Gedebage,22102,107.7040184960414,-6.957556978386399,Soekarno Hatta,0.0024232107542493,53.5578040904198
13142184800,119.27430545546704,Cisaranten Kidul,Gedebage,22102,107.70407265396504,-6.957547521617347,Soekarno Hatta,0.0024232107542493,53.5578040904198
13142184800,123.88478785378062,Cisaranten Kidul,Gedebage,22102,107.70412682162512,-6.957538085349689,Soekarno Hatta,0.0024232107542493,53.5578040904198
13142184800,128.61835169063747,Cisaranten Kidul,Gedebage,22102,107.70418097441116,-6.957528693015287,Soekarno Hatta,0.0024232107542493,53.5578040904198
13142184800,133.4570849134284,Cisaranten Kidul,Gedebage,22102,107.70423512162446,-6.95751923536521,Soekarno Hatta,0.0024232107542493,53.5578040904198
13142184800,138.3963429926443,Cisaranten Kidul,Gedebage,22102,107.70428927837986,-6.957509814626409,Soekarno Hatta,0.0024232107542493,53.5578040904198
13142184800,151.1199261775835,Cisaranten Kidul,Gedebage,22102,107.7044249717298,-6.9574857863032,Soekarno Hatta,0.0024232107542493,53.5578040904198
13142184800,156.72773704187273,Cisaranten Kidul,Gedebage,22102,107.70448322827473,-6.957475663689201,Soekarno Hatta,0.0024232107542493,53.5578040904198
13142184800,162.40183023434489,Cisaranten Kidul,Gedebage,22102,107.7045414717298,-6.957465486303199,Soekarno Hatta,0.0024232107542493,53.5578040904198
13142184800,168.14198958949524,Cisaranten Kidul,Gedebage,22102,107.70459972827472,-6.957455363689233,Soekarno Hatta,0.0024232107542493,53.5578040904198
13142184800,144.1945719149875,Cisaranten Kidul,Gedebage,22102,107.7044021999987,-6.95736199999964,Soekarno Hatta,0.0024232107542493,53.5578040904198
13142184800,150.05404553215192,Cisaranten Kidul,Gedebage,22102,107.7044604499987,-6.95735184999964,Soekarno Hatta,0.0024232107542493,53.5578040904198
13142184800,155.96752049684366,Cisaranten Kidul,Gedebage,22102,107.7045186999987,-6.957341699999634,Soekarno Hatta,0.0024232107542493,53.5578040904198
13142184800,161.92908076156527,Cisaranten Kidul,Gedebage,22102,107.7045769499987,-6.957331549999639,Soekarno Hatta,0.0024232107542493,53.5578040904198
11373181571,150.86480924498463,Cisaranten Kidul,Gedebage,22102,107.7044142034209,-6.95788622135132,Soekarno Hatta,0.0024232107542493,53.5578040904198
13142184800,133.14406556014626,Cisaranten Kidul,Gedebage,22102,107.7038068463841,-6.957992278553749,Soekarno Hatta,0.0024232107542493,53.5578040904198
12084548103,124.39819579133024,Cisaranten Kidul,Gedebage,22102,107.70262680418932,-6.958070371669044,Soekarno Hatta,0.0024232107542493,53.5578040904198
12084548103,127.46613778048837,Cisaranten Kidul,Gedebage,22102,107.70257247165914,-6.958079936100138,Soekarno Hatta,0.0024232107542493,53.5578040904198
7216077612,127.3037636804021,Cisaranten Kidul,Gedebage,22102,107.70251812833844,-6.958089563899203,Soekarno Hatta,0.0024232107542493,53.5578040904198
7216077612,125.72954180907604,Cisaranten Kidul,Gedebage,22102,107.70246379999878,-6.95809914999965,Soekarno Hatta,0.0024232107542493,53.5578040904198
7216077612,124.43721298118174,Cisaranten Kidul,Gedebage,22102,107.702409467471,-6.958108714424202,Soekarno Hatta,0.0024232107542493,53.5578040904198
7216077612,123.42937024746752,Cisaranten Kidul,Gedebage,22102,107.70235512833769,-6.958118313914666,Soekarno Hatta,0.0024232107542493,53.5578040904198
7216077612,122.72021180326205,Cisaranten Kidul,Gedebage,22102,107.70230077165988,-6.95812788608467,Soekarno Hatta,0.0024232107542493,53.5578040904198
7216077612,122.30558633727767,Cisaranten Kidul,Gedebage,22102,107.70224642833767,-6.958137513914648,Soekarno Hatta,0.0024232107542493,53.5578040904198
7216077612,118.21105811932594,Cisaranten Kidul,Gedebage,22102,107.7026488999976,-6.95819604999909,Soekarno Hatta,0.0024232107542493,53.5578040904198
7216077612,115.8451368439067,Cisaranten Kidul,Gedebage,22102,107.7025937999976,-6.958205749999077,Soekarno Hatta,0.0024232107542493,53.5578040904198
7216077612,113.76136279846624,Cisaranten Kidul,Gedebage,22102,107.7025386999976,-6.958215499999079,Soekarno Hatta,0.0024232107542493,53.5578040904198
7216077612,111.98115952366167,Cisaranten Kidul,Gedebage,22102,107.7024835999976,-6.958225249999088,Soekarno Hatta,0.0024232107542493,53.5578040904198
7216077612,110.52472716396264,Cisaranten Kidul,Gedebage,22102,107.7024284999976,-6.958234949999071,Soekarno Hatta,0.0024232107542493,53.5578040904198
7216077612,109.39930153579952,Cisaranten Kidul,Gedebage,22102,107.7023733999976,-6.95824464999907,Soekarno Hatta,0.0024232107542493,53.5578040904198
7216077612,108.60965467667852,Cisaranten Kidul,Gedebage,22102,107.7023182999976,-6.958254399999063,Soekarno Hatta,0.0024232107542493,53.5578040904198
12084548103,120.21217998579236,Cisaranten Kidul,Gedebage,22102,107.70270862185436,-6.958055937808164,Soekarno Hatta,0.0024232107542493,53.5578040904198
12084548103,117.4294801071038,Cisaranten Kidul,Gedebage,22102,107.702770449999,-6.958045049999848,Soekarno Hatta,0.0024232107542493,53.5578040904198
12084548103,114.99594613006552,Cisaranten Kidul,Gedebage,22102,107.70283224511418,-6.958034128144224,Soekarno Hatta,0.0024232107542493,53.5578040904198
12084548103,112.93724967634712,Cisaranten Kidul,Gedebage,22102,107.70289407814454,-6.958023212177921,Soekarno Hatta,0.0024232107542493,53.5578040904198
12084548103,111.27491632236072,Cisaranten Kidul,Gedebage,22102,107.702955899999,-6.958012299999851,Soekarno Hatta,0.0024232107542493,53.5578040904198
12084548103,110.026280441262,Cisaranten Kidul,Gedebage,22102,107.70301772185348,-6.958001387821772,Soekarno Hatta,0.0024232107542493,53.5578040904198
12084548103,109.2052242922278,Cisaranten Kidul,Gedebage,22102,107.70307955488384,-6.957990471855472,Soekarno Hatta,0.0024232107542493,53.5578040904198
12084548103,108.82062464488996,Cisaranten Kidul,Gedebage,22102,107.70314134999902,-6.957979549999837,Soekarno Hatta,0.0024232107542493,53.5578040904198
12084548103,122.99100342696288,Cisaranten Kidul,Gedebage,22102,107.70322567146113,-6.958094234481338,Soekarno Hatta,0.0024232107542493,53.5578040904198
12084548103,122.93739259563046,Cisaranten Kidul,Gedebage,22102,107.7031638499978,-6.958105149999254,Soekarno Hatta,0.0024232107542493,53.5578040904198
12084548103,123.27386332900036,Cisaranten Kidul,Gedebage,22102,107.70310204999782,-6.958116049999258,Soekarno Hatta,0.0024232107542493,53.5578040904198
12084548103,124.00316755444254,Cisaranten Kidul,Gedebage,22102,107.70304022487,-6.958126994059884,Soekarno Hatta,0.0024232107542493,53.5578040904198
12084548103,125.1122730028632,Cisaranten Kidul,Gedebage,22102,107.70297840366362,-6.958137921464071,Soekarno Hatta,0.0024232107542493,53.5578040904198
12084548103,126.59143481057428,Cisaranten Kidul,Gedebage,22102,107.70291657146116,-6.958148834481324,Soekarno Hatta,0.0024232107542493,53.5578040904198
12084548103,128.42958623866642,Cisaranten Kidul,Gedebage,22102,107.7028547499978,-6.958159749999278,Soekarno Hatta,0.0024232107542493,53.5578040904198
7216077612,125.63324719577122,Cisaranten Kidul,Gedebage,22102,107.70279292853448,-6.958170665517177,Soekarno Hatta,0.0024232107542493,53.5578040904198
13142184800,120.16412930930852,Cisaranten Kidul,Gedebage,22102,107.703784049999,-6.957866149999828,Soekarno Hatta,0.0024232107542493,53.5578040904198
13142184800,117.3774797131218,Cisaranten Kidul,Gedebage,22102,107.70372255485132,-6.957877021840262,Soekarno Hatta,0.0024232107542493,53.5578040904198
13142184800,114.93645351910632,Cisaranten Kidul,Gedebage,22102,107.70366102329072,-6.957887890397105,Soekarno Hatta,0.0024232107542493,53.5578040904198
13142184800,112.86320901218303,Cisaranten Kidul,Gedebage,22102,107.70359950485692,-6.9578987218528034,Soekarno Hatta,0.0024232107542493,53.5578040904198
13142184800,111.1840773232394,Cisaranten Kidul,Gedebage,22102,107.70353799514108,-6.957909578146862,Soekarno Hatta,0.0024232107542493,53.5578040904198
13142184800,109.91349570040715,Cisaranten Kidul,Gedebage,22102,107.70347650485692,-6.957920421852831,Soekarno Hatta,0.0024232107542493,53.5578040904198
13142184800,109.0647258887909,Cisaranten Kidul,Gedebage,22102,107.7034149669876,-6.957931265905712,Soekarno Hatta,0.0024232107542493,53.5578040904198
13142184800,108.65447266100408,Cisaranten Kidul,Gedebage,22102,107.703353449999,-6.957942149999856,Soekarno Hatta,0.0024232107542493,53.5578040904198
13142184800,130.63553752774135,Cisaranten Kidul,Gedebage,22102,107.70374555364144,-6.958003071456669,Soekarno Hatta,0.0024232107542493,53.5578040904198
13142184800,128.4420343413135,Cisaranten Kidul,Gedebage,22102,107.703684021448,-6.9580139344080045,Soekarno Hatta,0.0024232107542493,53.5578040904198
13142184800,126.58890068363728,Cisaranten Kidul,Gedebage,22102,107.7036224999978,-6.958024799999231,Soekarno Hatta,0.0024232107542493,53.5578040904198
13142184800,125.08962001854906,Cisaranten Kidul,Gedebage,22102,107.7035609999978,-6.95803564999924,Soekarno Hatta,0.0024232107542493,53.5578040904198
13142184800,123.95842060655151,Cisaranten Kidul,Gedebage,22102,107.70349947854186,-6.958046515597252,Soekarno Hatta,0.0024232107542493,53.5578040904198
13142184800,123.20127848119864,Cisaranten Kidul,Gedebage,22102,107.7034379499978,-6.958057349999234,Soekarno Hatta,0.0024232107542493,53.5578040904198
13142184800,122.83099958031096,Cisaranten Kidul,Gedebage,22102,107.7033764499978,-6.958068199999242,Soekarno Hatta,0.0024232107542493,53.5578040904198
13142184800,122.8462856894579,Cisaranten Kidul,Gedebage,22102,107.703314921448,-6.958079034408003,Soekarno Hatta,0.0024232107542493,53.5578040904198
13142184800,131.1347093047965,Cisaranten Kidul,Gedebage,22102,107.70398060459873,-6.957831471789515,Soekarno Hatta,0.0024232107542493,53.5578040904198
13142184800,134.93943005148574,Cisaranten Kidul,Gedebage,22102,107.70403929539908,-6.957821128210026,Soekarno Hatta,0.0024232107542493,53.5578040904198
13142184800,138.95242467086106,Cisaranten Kidul,Gedebage,22102,107.70409798280986,-6.957810784647236,Soekarno Hatta,0.0024232107542493,53.5578040904198
13142184800,143.15180525587104,Cisaranten Kidul,Gedebage,22102,107.70415664999892,-6.957800399999765,Soekarno Hatta,0.0024232107542493,53.5578040904198
13142184800,147.52787154735964,Cisaranten Kidul,Gedebage,22102,107.70421532178436,-6.957790037122967,Soekarno Hatta,0.0024232107542493,53.5578040904198
13142184800,152.06580240998431,Cisaranten Kidul,Gedebage,22102,107.7042739999989,-6.957779699999747,Soekarno Hatta,0.0024232107542493,53.5578040904198
13142184800,156.74883040758095,Cisaranten Kidul,Gedebage,22102,107.70433269539907,-6.957769328210016,Soekarno Hatta,0.0024232107542493,53.5578040904198
11373181571,154.91600144655897,Cisaranten Kidul,Gedebage,22102,107.7043555465667,-6.95789657864216,Soekarno Hatta,0.0024232107542493,53.5578040904198
11373181571,159.1409248837568,Cisaranten Kidul,Gedebage,22102,107.70429685342872,-6.9579069213561775,Soekarno Hatta,0.0024232107542493,53.5578040904198
13142184800,158.38162497406114,Cisaranten Kidul,Gedebage,22102,107.7042381713426,-6.957917283625447,Soekarno Hatta,0.0024232107542493,53.5578040904198
13142184800,154.31237840569102,Cisaranten Kidul,Gedebage,22102,107.70417949999772,-6.957927649999157,Soekarno Hatta,0.0024232107542493,53.5578040904198
13142184800,150.41822624990965,Cisaranten Kidul,Gedebage,22102,107.70412079999772,-6.95793799999918,Soekarno Hatta,0.0024232107542493,53.5578040904198
13142184800,146.7169780699996,Cisaranten Kidul,Gedebage,22102,107.7040620999977,-6.957948349999176,Soekarno Hatta,0.0024232107542493,53.5578040904198
13142184800,143.22703430291455,Cisaranten Kidul,Gedebage,22102,107.70400342865284,-6.957958716372927,Soekarno Hatta,0.0024232107542493,53.5578040904198
4054886233,117.29184737265346,Cisaranten Kidul,Gedebage,22102,107.70510219999775,-6.9577631499992,Soekarno Hatta,0.0024232107542493,53.5578040904198
4054886233,118.73144652665836,Cisaranten Kidul,Gedebage,22102,107.70504157141929,-6.957773834169991,Soekarno Hatta,0.0024232107542493,53.5578040904198
4054886233,120.53544104054464,Cisaranten Kidul,Gedebage,22102,107.70498094999776,-6.957784549999229,Soekarno Hatta,0.0024232107542493,53.5578040904198
4054886233,122.69149171278286,Cisaranten Kidul,Gedebage,22102,107.7049203499978,-6.95779524999923,Soekarno Hatta,0.0024232107542493,53.5578040904198
4054886233,125.1807964059899,Cisaranten Kidul,Gedebage,22102,107.70485974999777,-6.95780594999923,Soekarno Hatta,0.0024232107542493,53.5578040904198
4054886233,127.98387290526726,Cisaranten Kidul,Gedebage,22102,107.70479912857628,-6.957816665828469,Soekarno Hatta,0.0024232107542493,53.5578040904198
4054886233,131.086244705125,Cisaranten Kidul,Gedebage,22102,107.70473849642184,-6.957827328570456,Soekarno Hatta,0.0024232107542493,53.5578040904198
4054886233,134.46208589237511,Cisaranten Kidul,Gedebage,22102,107.7046778714198,-6.957837984156145,Soekarno Hatta,0.0024232107542493,53.5578040904198
4054886233,138.08605682334343,Cisaranten Kidul,Gedebage,22102,107.70461724999775,-6.957848699999213,Soekarno Hatta,0.0024232107542493,53.5578040904198
4054886233,141.94373475704774,Cisaranten Kidul,Gedebage,22102,107.70455664999776,-6.957859399999235,Soekarno Hatta,0.0024232107542493,53.5578040904198
4054886233,141.46187831317175,Cisaranten Kidul,Gedebage,22102,107.7047631454452,-6.95769337822154,Soekarno Hatta,0.0024232107542493,53.5578040904198
4054886233,144.22333867225103,Cisaranten Kidul,Gedebage,22102,107.70470497176512,-6.957703637015631,Soekarno Hatta,0.0024232107542493,53.5578040904198
4054886233,147.21728514708323,Cisaranten Kidul,Gedebage,22102,107.70464683277532,-6.957713934749685,Soekarno Hatta,0.0024232107542493,53.5578040904198
4054886233,150.44325026588723,Cisaranten Kidul,Gedebage,22102,107.7045886454452,-6.957724178221543,Soekarno Hatta,0.0024232107542493,53.5578040904198
4054886233,153.8788247996275,Cisaranten Kidul,Gedebage,22102,107.70453047631456,-6.957734408789059,Soekarno Hatta,0.0024232107542493,53.5578040904198
13142184800,178.52211755032994,Cisaranten Kidul,Gedebage,22102,107.70476966951443,-6.956998391244404,Soekarno Hatta,0.0024232107542493,53.5578040904198
13142184800,184.9508552739356,Cisaranten Kidul,Gedebage,22102,107.70482774999977,-6.957003149997878,Soekarno Hatta,0.0024232107542493,53.5578040904198
13142184800,191.3802757774365,Cisaranten Kidul,Gedebage,22102,107.7048858268311,-6.957007931932261,Soekarno Hatta,0.0024232107542493,53.5578040904198
13142184800,197.80774654450744,Cisaranten Kidul,Gedebage,22102,107.70494387682884,-6.957012744900624,Soekarno Hatta,0.0024232107542493,53.5578040904198
4054886233,199.313263387914,Cisaranten Kidul,Gedebage,22102,107.70500194999974,-6.957017499997874,Soekarno Hatta,0.0024232107542493,53.5578040904198
7216077612,108.16718857341787,Cisaranten Kidul,Gedebage,22102,107.70226317879396,-6.958264167433531,Soekarno Hatta,0.0024232107542493,53.5578040904198
9778614765,121.43002563328012,Cisaranten Kidul,Gedebage,22102,107.70219209999878,-6.958147099999676,Soekarno Hatta,0.0024232107542493,53.5578040904198
12084548103,108.88233220247054,Cisaranten Kidul,Gedebage,22102,107.70320317814364,-6.957968662191561,Soekarno Hatta,0.0024232107542493,53.5578040904198
13142184800,108.67923079597188,Cisaranten Kidul,Gedebage,22102,107.70329194999898,-6.957952999999832,Soekarno Hatta,0.0024232107542493,53.5578040904198
13142184800,161.56728558845276,Cisaranten Kidul,Gedebage,22102,107.70439140459874,-6.957758971789513,Soekarno Hatta,0.0024232107542493,53.5578040904198
4054886233,157.50621280831686,Cisaranten Kidul,Gedebage,22102,107.7044722999989,-6.957744699999748,Soekarno Hatta,0.0024232107542493,53.5578040904198
11373181571,145.65721761332497,Cisaranten Kidul,Gedebage,22102,107.70449603215032,-6.9578700872634425,Soekarno Hatta,0.0024232107542493,53.5578040904198
7216077612,122.241637611558,Cisaranten Kidul,Gedebage,22102,107.7027310999978,-6.958181549999248,Soekarno Hatta,0.0024232107542493,53.5578040904198
4054886233,80.56411247199095,Cisaranten Kidul,Gedebage,22102,107.70507559999824,-6.958146599999483,Soekarno Hatta,0.0024232107542493,53.5578040904198
4054886233,83.68100663280697,Cisaranten Kidul,Gedebage,22102,107.70501152167728,-6.958157735917182,Soekarno Hatta,0.0024232107542493,53.5578040904198
4054886233,87.27368792579489,Cisaranten Kidul,Gedebage,22102,107.70494744999826,-6.9581689499994885,Soekarno Hatta,0.0024232107542493,53.5578040904198
4054886233,91.29992666766074,Cisaranten Kidul,Gedebage,22102,107.70488334999828,-6.958180099999494,Soekarno Hatta,0.0024232107542493,53.5578040904198
11373181571,95.26527169030308,Cisaranten Kidul,Gedebage,22102,107.70481924999824,-6.958191249999502,Soekarno Hatta,0.0024232107542493,53.5578040904198
11373181571,99.41976617254228,Cisaranten Kidul,Gedebage,22102,107.70475517831925,-6.958202464081775,Soekarno Hatta,0.0024232107542493,53.5578040904198
11373181571,103.91085753106152,Cisaranten Kidul,Gedebage,22102,107.70469110415532,-6.958213621689282,Soekarno Hatta,0.0024232107542493,53.5578040904198
11373181571,108.69577178732308,Cisaranten Kidul,Gedebage,22102,107.7046269958412,-6.958224778309703,Soekarno Hatta,0.0024232107542493,53.5578040904198
4054886233,93.33143906008982,Cisaranten Kidul,Gedebage,22102,107.70509469614876,-6.958002528427664,Soekarno Hatta,0.0024232107542493,53.5578040904198
4054886233,95.58460922747764,Cisaranten Kidul,Gedebage,22102,107.70503279999804,-6.958013299999344,Soekarno Hatta,0.0024232107542493,53.5578040904198
4054886233,98.27592103816696,Cisaranten Kidul,Gedebage,22102,107.70497089999805,-6.958024099999343,Soekarno Hatta,0.0024232107542493,53.5578040904198
4054886233,101.3728922578654,Cisaranten Kidul,Gedebage,22102,107.70490899999804,-6.958034899999355,Soekarno Hatta,0.0024232107542493,53.5578040904198
4054886233,104.83957929681308,Cisaranten Kidul,Gedebage,22102,107.70484709999803,-6.958045699999342,Soekarno Hatta,0.0024232107542493,53.5578040904198
4054886233,108.64253589697962,Cisaranten Kidul,Gedebage,22102,107.70478520384732,-6.958056471571029,Soekarno Hatta,0.0024232107542493,53.5578040904198
11373181571,112.5377084724894,Cisaranten Kidul,Gedebage,22102,107.70472329999804,-6.958067249999361,Soekarno Hatta,0.0024232107542493,53.5578040904198
11373181571,116.43827342690297,Cisaranten Kidul,Gedebage,22102,107.70466139614878,-6.958078028427652,Soekarno Hatta,0.0024232107542493,53.5578040904198
11373181571,120.60975068044814,Cisaranten Kidul,Gedebage,22102,107.70459952842488,-6.958088815003207,Soekarno Hatta,0.0024232107542493,53.5578040904198
11373181571,131.28557649703188,Cisaranten Kidul,Gedebage,22102,107.70445485360266,-6.95811402147376,Soekarno Hatta,0.0024232107542493,53.5578040904198
11373181571,135.93411011818444,Cisaranten Kidul,Gedebage,22102,107.70439611786206,-6.95812426272653,Soekarno Hatta,0.0024232107542493,53.5578040904198
11373181571,140.73664099335315,Cisaranten Kidul,Gedebage,22102,107.70433739999795,-6.958134499999271,Soekarno Hatta,0.0024232107542493,53.5578040904198
11373181571,145.67799138401898,Cisaranten Kidul,Gedebage,22102,107.70427870359724,-6.958144721460461,Soekarno Hatta,0.0024232107542493,53.5578040904198
11373181571,150.74452167045254,Cisaranten Kidul,Gedebage,22102,107.7042199963986,-6.958154978538029,Soekarno Hatta,0.0024232107542493,53.5578040904198
11373181571,155.92578787660105,Cisaranten Kidul,Gedebage,22102,107.70416129999792,-6.958165199999263,Soekarno Hatta,0.0024232107542493,53.5578040904198
11373181571,161.20983942643062,Cisaranten Kidul,Gedebage,22102,107.70410260359726,-6.9581754214605125,Soekarno Hatta,0.0024232107542493,53.5578040904198
11373181571,120.65871556732688,Cisaranten Kidul,Gedebage,22102,107.70447899999807,-6.958250549999349,Soekarno Hatta,0.0024232107542493,53.5578040904198
11373181571,125.6951964218715,Cisaranten Kidul,Gedebage,22102,107.70442029999808,-6.958260799999348,Soekarno Hatta,0.0024232107542493,53.5578040904198
11373181571,130.86972282509538,Cisaranten Kidul,Gedebage,22102,107.70436159999812,-6.958271049999357,Soekarno Hatta,0.0024232107542493,53.5578040904198
11373181571,136.16896261477305,Cisaranten Kidul,Gedebage,22102,107.7043028999981,-6.958281249999343,Soekarno Hatta,0.0024232107542493,53.5578040904198
11373181571,141.5778128380907,Cisaranten Kidul,Gedebage,22102,107.7042441715148,-6.958291484624231,Soekarno Hatta,0.0024232107542493,53.5578040904198
11373181571,147.08123840439356,Cisaranten Kidul,Gedebage,22102,107.70418544999808,-6.958301749999364,Soekarno Hatta,0.0024232107542493,53.5578040904198
11373181571,152.6713782864517,Cisaranten Kidul,Gedebage,22102,107.70412674999808,-6.958311949999349,Soekarno Hatta,0.0024232107542493,53.5578040904198
13142184800,157.0621280665152,Cisaranten Kidul,Gedebage,22102,107.70384729618053,-6.958219928444417,Soekarno Hatta,0.0024232107542493,53.5578040904198
13142184800,154.9202015277231,Cisaranten Kidul,Gedebage,22102,107.70378574999802,-6.958230649999344,Soekarno Hatta,0.0024232107542493,53.5578040904198
13142184800,153.05804431091374,Cisaranten Kidul,Gedebage,22102,107.70372419999802,-6.958241349999324,Soekarno Hatta,0.0024232107542493,53.5578040904198
13142184800,151.4934342641201,Cisaranten Kidul,Gedebage,22102,107.70366268225874,-6.958252086634016,Soekarno Hatta,0.0024232107542493,53.5578040904198
13142184800,150.22754625305322,Cisaranten Kidul,Gedebage,22102,107.70360111773728,-6.958262813364676,Soekarno Hatta,0.0024232107542493,53.5578040904198
13142184800,149.27370817725478,Cisaranten Kidul,Gedebage,22102,107.70353959999802,-6.958273549999321,Soekarno Hatta,0.0024232107542493,53.5578040904198
13142184800,148.63252034928084,Cisaranten Kidul,Gedebage,22102,107.70347807843136,-6.958284265080794,Soekarno Hatta,0.0024232107542493,53.5578040904198
13142184800,148.30721359343596,Cisaranten Kidul,Gedebage,22102,107.70341652538546,-6.958294956491379,Soekarno Hatta,0.0024232107542493,53.5578040904198
7216077612,139.8713985013483,Cisaranten Kidul,Gedebage,22102,107.7033791283924,-6.958442264662457,Soekarno Hatta,0.0024232107542493,53.5578040904198
7216077612,145.9648083363894,Cisaranten Kidul,Gedebage,22102,107.7034406716102,-6.958431485329789,Soekarno Hatta,0.0024232107542493,53.5578040904198
7216077612,152.12050769519357,Cisaranten Kidul,Gedebage,22102,107.70350219999818,-6.958420799999402,Soekarno Hatta,0.0024232107542493,53.5578040904198
7216077612,158.34100056472383,Cisaranten Kidul,Gedebage,22102,107.70356374999818,-6.958410099999412,Soekarno Hatta,0.0024232107542493,53.5578040904198
7216077612,164.61736295765695,Cisaranten Kidul,Gedebage,22102,107.70362529604704,-6.958399378386527,Soekarno Hatta,0.0024232107542493,53.5578040904198
13142184800,166.5489948564682,Cisaranten Kidul,Gedebage,22102,107.70368683234216,-6.958388636267529,Soekarno Hatta,0.0024232107542493,53.5578040904198
13142184800,167.97415854168096,Cisaranten Kidul,Gedebage,22102,107.7037483716102,-6.958377885329795,Soekarno Hatta,0.0024232107542493,53.5578040904198
13142184800,169.6749103921384,Cisaranten Kidul,Gedebage,22102,107.70380989999818,-6.958367199999404,Soekarno Hatta,0.0024232107542493,53.5578040904198
7216077612,131.1998762328405,Cisaranten Kidul,Gedebage,22102,107.7032900499982,-6.958457799999434,Soekarno Hatta,0.0024232107542493,53.5578040904198
7216077612,125.24866672864614,Cisaranten Kidul,Gedebage,22102,107.70322767163633,-6.958468635518959,Soekarno Hatta,0.0024232107542493,53.5578040904198
7216077612,119.40972362213871,Cisaranten Kidul,Gedebage,22102,107.7031652999982,-6.958479499999466,Soekarno Hatta,0.0024232107542493,53.5578040904198
7216077612,113.69811465031528,Cisaranten Kidul,Gedebage,22102,107.70310292836636,-6.958490414473446,Soekarno Hatta,0.0024232107542493,53.5578040904198
7216077612,108.14289639241495,Cisaranten Kidul,Gedebage,22102,107.70304055402124,-6.958501271642349,Soekarno Hatta,0.0024232107542493,53.5578040904198
7216077612,102.7622267482296,Cisaranten Kidul,Gedebage,22102,107.70297814597518,-6.9585121283565385,Soekarno Hatta,0.0024232107542493,53.5578040904198
7216077612,97.58740232874194,Cisaranten Kidul,Gedebage,22102,107.7029157499982,-6.958522999999444,Soekarno Hatta,0.0024232107542493,53.5578040904198
7216077612,92.65046605375416,Cisaranten Kidul,Gedebage,22102,107.7028533499982,-6.95853389999944,Soekarno Hatta,0.0024232107542493,53.5578040904198
7216077612,100.23028450689095,Cisaranten Kidul,Gedebage,22102,107.7027668538859,-6.958408221585643,Soekarno Hatta,0.0024232107542493,53.5578040904198
7216077612,104.33710910465076,Cisaranten Kidul,Gedebage,22102,107.70282922158576,-6.958397335118757,Soekarno Hatta,0.0024232107542493,53.5578040904198
7216077612,108.73755391989384,Cisaranten Kidul,Gedebage,22102,107.70289159610506,-6.95838647840061,Soekarno Hatta,0.0024232107542493,53.5578040904198
7216077612,113.3991543063132,Cisaranten Kidul,Gedebage,22102,107.70295398229406,-6.958375636466972,Soekarno Hatta,0.0024232107542493,53.5578040904198
7216077612,118.29460278446416,Cisaranten Kidul,Gedebage,22102,107.70301634999804,-6.958364749999378,Soekarno Hatta,0.0024232107542493,53.5578040904198
7216077612,123.39662072580336,Cisaranten Kidul,Gedebage,22102,107.70307874999808,-6.958353849999361,Soekarno Hatta,0.0024232107542493,53.5578040904198
7216077612,128.6751284554421,Cisaranten Kidul,Gedebage,22102,107.7031411461102,-6.958342978413089,Soekarno Hatta,0.0024232107542493,53.5578040904198
7216077612,134.11141053022163,Cisaranten Kidul,Gedebage,22102,107.7032035538859,-6.9583321215856495,Soekarno Hatta,0.0024232107542493,53.5578040904198
7216077612,83.34235032285356,Cisaranten Kidul,Gedebage,22102,107.70234759999788,-6.958481249999228,Soekarno Hatta,0.0024232107542493,53.5578040904198
7216077612,84.30104114841288,Cisaranten Kidul,Gedebage,22102,107.70240439999787,-6.958471349999209,Soekarno Hatta,0.0024232107542493,53.5578040904198
7216077612,85.7244935394861,Cisaranten Kidul,Gedebage,22102,107.70246119999788,-6.95846144999922,Soekarno Hatta,0.0024232107542493,53.5578040904198
7216077612,87.58686675011064,Cisaranten Kidul,Gedebage,22102,107.70251799654172,-6.958451578591502,Soekarno Hatta,0.0024232107542493,53.5578040904198
7216077612,89.86249971350554,Cisaranten Kidul,Gedebage,22102,107.70257477860272,-6.958441716360087,Soekarno Hatta,0.0024232107542493,53.5578040904198
7216077612,92.52737638189218,Cisaranten Kidul,Gedebage,22102,107.70263154999788,-6.95843179999921,Soekarno Hatta,0.0024232107542493,53.5578040904198
7216077612,82.53951356304829,Cisaranten Kidul,Gedebage,22102,107.70271122153972,-6.95855863480677,Soekarno Hatta,0.0024232107542493,53.5578040904198
7216077612,78.87966093414408,Cisaranten Kidul,Gedebage,22102,107.70265178223956,-6.958569036732775,Soekarno Hatta,0.0024232107542493,53.5578040904198
7216077612,75.63906637763868,Cisaranten Kidul,Gedebage,22102,107.70259234621366,-6.958579378450615,Soekarno Hatta,0.0024232107542493,53.5578040904198
7216077612,72.86536871610416,Cisaranten Kidul,Gedebage,22102,107.70253292153974,-6.958589734806767,Soekarno Hatta,0.0024232107542493,53.5578040904198
7216077612,70.6118870766129,Cisaranten Kidul,Gedebage,22102,107.7024734784503,-6.958600115198838,Soekarno Hatta,0.0024232107542493,53.5578040904198
7216077612,95.54306623497428,Cisaranten Kidul,Gedebage,22102,107.70268834999789,-6.958421899999245,Soekarno Hatta,0.0024232107542493,53.5578040904198
7216077612,68.93820503999451,Cisaranten Kidul,Gedebage,22102,107.70241404999813,-6.958610449999371,Soekarno Hatta,0.0024232107542493,53.5578040904198
7216077612,139.68777238263337,Cisaranten Kidul,Gedebage,22102,107.70326594999804,-6.9583212499993685,Soekarno Hatta,0.0024232107542493,53.5578040904198
7216077612,147.85689694049145,Cisaranten Kidul,Gedebage,22102,107.70335499618052,-6.958305728444389,Soekarno Hatta,0.0024232107542493,53.5578040904198
13142184800,165.65795780345547,Cisaranten Kidul,Gedebage,22102,107.7040438963986,-6.958185678538037,Soekarno Hatta,0.0024232107542493,53.5578040904198
11373181571,125.02908273500871,Cisaranten Kidul,Gedebage,22102,107.70453764999804,-6.958099599999351,Soekarno Hatta,0.0024232107542493,53.5578040904198
11373181571,113.7328754634,Cisaranten Kidul,Gedebage,22102,107.70456289999828,-6.958235949999488,Soekarno Hatta,0.0024232107542493,53.5578040904198
11373181571,158.33642676361717,Cisaranten Kidul,Gedebage,22102,107.70406804999809,-6.958322199999343,Soekarno Hatta,0.0024232107542493,53.5578040904198
13142184800,171.63455432521616,Cisaranten Kidul,Gedebage,22102,107.70387142443698,-6.958356493050312,Soekarno Hatta,0.0024232107542493,53.5578040904198
7216077612,87.99758032445375,Cisaranten Kidul,Gedebage,22102,107.70279095402124,-6.958544771642337,Soekarno Hatta,0.0024232107542493,53.5578040904198
6608965073,83.78973421283753,Cisaranten Kidul,Gedebage,22102,107.69308984999869,-6.956995599999996,Soekarno Hatta,0.0024232107542493,53.5578040904198
12084548103,106.81040624937935,Cisaranten Kidul,Gedebage,22102,107.70289240000028,-6.9560475999977065,Soekarno Hatta,0.0024232107542493,53.5578040904198
13142184800,86.52011979054828,Cisaranten Kidul,Gedebage,22102,107.70294790000048,-6.956226699998778,Soekarno Hatta,0.0024232107542493,53.5578040904198
4054885053,98.79422472926468,Cisaranten Kidul,Gedebage,22102,107.70529965000074,-6.956001100000012,Soekarno Hatta,0.0024232107542493,53.5578040904198
13142184800,168.291254237328,Cisaranten Kidul,Gedebage,22102,107.70421255000076,-6.955886600000015,Soekarno Hatta,0.0024232107542493,53.5578040904198
13142184800,175.27084548613138,Cisaranten Kidul,Gedebage,22102,107.70431140000076,-6.9558970000000055,Soekarno Hatta,0.0024232107542493,53.5578040904198
4054885053,168.2316288134165,Cisaranten Kidul,Gedebage,22102,107.70441025000076,-6.95590740000001,Soekarno Hatta,0.0024232107542493,53.5578040904198
4054885053,158.98491927220522,Cisaranten Kidul,Gedebage,22102,107.70450905000077,-6.955917800000008,Soekarno Hatta,0.0024232107542493,53.5578040904198
4054885053,149.97305625111508,Cisaranten Kidul,Gedebage,22102,107.70460785000076,-6.955928199999987,Soekarno Hatta,0.0024232107542493,53.5578040904198
4054885053,141.2393341131062,Cisaranten Kidul,Gedebage,22102,107.70470670000074,-6.9559386500000135,Soekarno Hatta,0.0024232107542493,53.5578040904198
4054885053,132.84140222405236,Cisaranten Kidul,Gedebage,22102,107.70480555000074,-6.955949099999995,Soekarno Hatta,0.0024232107542493,53.5578040904198
4054885053,124.84785472909655,Cisaranten Kidul,Gedebage,22102,107.70490435000076,-6.955959500000015,Soekarno Hatta,0.0024232107542493,53.5578040904198
4054885053,117.33935873741773,Cisaranten Kidul,Gedebage,22102,107.70500315000076,-6.955969899999984,Soekarno Hatta,0.0024232107542493,53.5578040904198
4054885053,110.41114892380028,Cisaranten Kidul,Gedebage,22102,107.70510200000076,-6.955980300000027,Soekarno Hatta,0.0024232107542493,53.5578040904198
4054885053,104.18421129742516,Cisaranten Kidul,Gedebage,22102,107.70520085000076,-6.955990700000014,Soekarno Hatta,0.0024232107542493,53.5578040904198
13142184800,169.91000474846683,Cisaranten Kidul,Gedebage,22102,107.7044786500006,-6.956200199998528,Soekarno Hatta,0.0024232107542493,53.5578040904198
13142184800,160.23204184369317,Cisaranten Kidul,Gedebage,22102,107.7043691500006,-6.956189699998528,Soekarno Hatta,0.0024232107542493,53.5578040904198
13142184800,150.9188711897812,Cisaranten Kidul,Gedebage,22102,107.7042597000006,-6.956179199998517,Soekarno Hatta,0.0024232107542493,53.5578040904198
13142184800,142.04006883214163,Cisaranten Kidul,Gedebage,22102,107.7041502500006,-6.956168649998521,Soekarno Hatta,0.0024232107542493,53.5578040904198
13142184800,133.6785887357277,Cisaranten Kidul,Gedebage,22102,107.7040408000006,-6.956158099998513,Soekarno Hatta,0.0024232107542493,53.5578040904198
4054885053,129.74101153076188,Cisaranten Kidul,Gedebage,22102,107.7052045000004,-6.956270149997979,Soekarno Hatta,0.0024232107542493,53.5578040904198
4054885053,134.67811506987908,Cisaranten Kidul,Gedebage,22102,107.7051036500004,-6.956260399997987,Soekarno Hatta,0.0024232107542493,53.5578040904198
4054885053,140.33794218041075,Cisaranten Kidul,Gedebage,22102,107.7050028000004,-6.956250649997989,Soekarno Hatta,0.0024232107542493,53.5578040904198
4054885053,146.64049880481966,Cisaranten Kidul,Gedebage,22102,107.7049019000004,-6.956240899997983,Soekarno Hatta,0.0024232107542493,53.5578040904198
4054885053,153.5039384401426,Cisaranten Kidul,Gedebage,22102,107.7048010000004,-6.9562311499979845,Soekarno Hatta,0.0024232107542493,53.5578040904198
4054885053,160.84867022283282,Cisaranten Kidul,Gedebage,22102,107.7047001500004,-6.956221349997984,Soekarno Hatta,0.0024232107542493,53.5578040904198
4054885053,168.6220955317346,Cisaranten Kidul,Gedebage,22102,107.7045993000004,-6.956211599997985,Soekarno Hatta,0.0024232107542493,53.5578040904198
13142184800,125.93346374518906,Cisaranten Kidul,Gedebage,22102,107.7039313500006,-6.956147599998533,Soekarno Hatta,0.0024232107542493,53.5578040904198
13142184800,141.52592774767558,Cisaranten Kidul,Gedebage,22102,107.70374569244764,-6.955845823393831,Soekarno Hatta,0.0024232107542493,53.5578040904198
12084548103,142.96049595865188,Cisaranten Kidul,Gedebage,22102,107.70271289244091,-6.955746373393183,Soekarno Hatta,0.0024232107542493,53.5578040904198
12084548103,139.8372384475741,Cisaranten Kidul,Gedebage,22102,107.7028162075608,-6.955756326608178,Soekarno Hatta,0.0024232107542493,53.5578040904198
13142184800,136.88648676013585,Cisaranten Kidul,Gedebage,22102,107.70291944244848,-6.955766273392352,Soekarno Hatta,0.0024232107542493,53.5578040904198
13142184800,134.1099834476057,Cisaranten Kidul,Gedebage,22102,107.70302275531031,-6.955775952723494,Soekarno Hatta,0.0024232107542493,53.5578040904198
13142184800,132.32148572237688,Cisaranten Kidul,Gedebage,22102,107.70311950280832,-6.95578538155891,Soekarno Hatta,0.0024232107542493,53.5578040904198
13142184800,131.3355151069607,Cisaranten Kidul,Gedebage,22102,107.70322931511336,-6.955796053222306,Soekarno Hatta,0.0024232107542493,53.5578040904198
13142184800,131.44621014806322,Cisaranten Kidul,Gedebage,22102,107.70333259244764,-6.955806023393827,Soekarno Hatta,0.0024232107542493,53.5578040904198
13142184800,132.55655232683677,Cisaranten Kidul,Gedebage,22102,107.70343590755412,-6.955815976607542,Soekarno Hatta,0.0024232107542493,53.5578040904198
13142184800,134.63761173039543,Cisaranten Kidul,Gedebage,22102,107.70353914245518,-6.955825923392982,Soekarno Hatta,0.0024232107542493,53.5578040904198
13142184800,137.646609619851,Cisaranten Kidul,Gedebage,22102,107.7036424075541,-6.955835876607551,Soekarno Hatta,0.0024232107542493,53.5578040904198
13142184800,110.31118933752906,Cisaranten Kidul,Gedebage,22102,107.7036616000003,-6.956121599997719,Soekarno Hatta,0.0024232107542493,53.5578040904198
13142184800,106.23982531917012,Cisaranten Kidul,Gedebage,22102,107.70356545000028,-6.956112349997714,Soekarno Hatta,0.0024232107542493,53.5578040904198
13142184800,103.11858235397315,Cisaranten Kidul,Gedebage,22102,107.7034693000003,-6.956103099997713,Soekarno Hatta,0.0024232107542493,53.5578040904198
13142184800,101.03555355079872,Cisaranten Kidul,Gedebage,22102,107.7033731500003,-6.956093849997723,Soekarno Hatta,0.0024232107542493,53.5578040904198
13142184800,100.05560257902422,Cisaranten Kidul,Gedebage,22102,107.7032770000003,-6.9560845999977206,Soekarno Hatta,0.0024232107542493,53.5578040904198
13142184800,100.21109501615918,Cisaranten Kidul,Gedebage,22102,107.7031808500003,-6.956075349997728,Soekarno Hatta,0.0024232107542493,53.5578040904198
13142184800,101.49681232322732,Cisaranten Kidul,Gedebage,22102,107.70308470000028,-6.9560660999977255,Soekarno Hatta,0.0024232107542493,53.5578040904198
13142184800,103.87079285956392,Cisaranten Kidul,Gedebage,22102,107.7029885500003,-6.956056849997712,Soekarno Hatta,0.0024232107542493,53.5578040904198
13142184800,93.20924541826628,Cisaranten Kidul,Gedebage,22102,107.7036431500005,-6.956293599998778,Soekarno Hatta,0.0024232107542493,53.5578040904198
13142184800,88.23712370392767,Cisaranten Kidul,Gedebage,22102,107.7035438500005,-6.956284049998767,Soekarno Hatta,0.0024232107542493,53.5578040904198
13142184800,84.4218846542743,Cisaranten Kidul,Gedebage,22102,107.70344452672286,-6.956274488002847,Soekarno Hatta,0.0024232107542493,53.5578040904198
13142184800,81.92311365644771,Cisaranten Kidul,Gedebage,22102,107.7033452000005,-6.956264949998775,Soekarno Hatta,0.0024232107542493,53.5578040904198
13142184800,80.86567755237289,Cisaranten Kidul,Gedebage,22102,107.70324587327816,-6.9562554119947455,Soekarno Hatta,0.0024232107542493,53.5578040904198
13142184800,81.31401546921445,Cisaranten Kidul,Gedebage,22102,107.7031465500005,-6.956245799998776,Soekarno Hatta,0.0024232107542493,53.5578040904198
13142184800,83.23043975841348,Cisaranten Kidul,Gedebage,22102,107.70304722671732,-6.956236238000559,Soekarno Hatta,0.0024232107542493,53.5578040904198
1667532736,9.195818019294082,Jati Sari,Buahbatu,9513,107.65925506050505,-6.929970977211734,Soekarno Hatta,0.0024232107542493,23.05200390517436
1667532736,14.101940982926724,Jati Sari,Buahbatu,9513,107.6592459772119,-6.930039843848692,Soekarno Hatta,0.0024232107542493,23.05200390517436
1667532736,20.766797788399884,Jati Sari,Buahbatu,9513,107.65923692278764,-6.930108706144562,Soekarno Hatta,0.0024232107542493,23.05200390517436
1667532736,27.959834888151203,Jati Sari,Buahbatu,9513,107.65922785000072,-6.930177550001444,Soekarno Hatta,0.0024232107542493,23.05200390517436
1667532736,35.36707490964873,Jati Sari,Buahbatu,9513,107.65921875000076,-6.930246450001435,Soekarno Hatta,0.0024232107542493,23.05200390517436
1667532736,42.86746930855679,Jati Sari,Buahbatu,9513,107.65920967721388,-6.930315293858274,Soekarno Hatta,0.0024232107542493,23.05200390517436
1667532736,50.424734154585394,Jati Sari,Buahbatu,9513,107.65920060000074,-6.930384150001406,Soekarno Hatta,0.0024232107542493,23.05200390517436
1667532982,57.28885162785919,Jati Sari,Buahbatu,9513,107.65919151229404,-6.930453028945021,Soekarno Hatta,0.0024232107542493,23.05200390517436
1667532982,49.68715207618419,Jati Sari,Buahbatu,9513,107.65918246050502,-6.930521877211711,Soekarno Hatta,0.0024232107542493,23.05200390517436
1667532982,42.11318057066247,Jati Sari,Buahbatu,9513,107.65917335000076,-6.930590750001439,Soekarno Hatta,0.0024232107542493,23.05200390517436
1667532982,34.5923689988557,Jati Sari,Buahbatu,9513,107.65916427721386,-6.930659593858315,Soekarno Hatta,0.0024232107542493,23.05200390517436
1667532982,27.16091378789235,Jati Sari,Buahbatu,9513,107.65915522278958,-6.930728456154179,Soekarno Hatta,0.0024232107542493,23.05200390517436
1667532982,19.58036860914757,Jati Sari,Buahbatu,9513,107.659337259042,-6.930865762762895,Soekarno Hatta,0.0024232107542493,23.05200390517436
1667532982,30.447769142978352,Jati Sari,Buahbatu,9513,107.65935313757733,-6.930745681721311,Soekarno Hatta,0.0024232107542493,23.05200390517436
1667532982,38.5880064744815,Jati Sari,Buahbatu,9513,107.6593636848722,-6.930665622440743,Soekarno Hatta,0.0024232107542493,23.05200390517436
1667532982,47.02269484739693,Jati Sari,Buahbatu,9513,107.6593743000021,-6.9305855500053255,Soekarno Hatta,0.0024232107542493,23.05200390517436
1667532982,55.61501685508823,Jati Sari,Buahbatu,9513,107.659384915132,-6.9305054775698975,Soekarno Hatta,0.0024232107542493,23.05200390517436
1667532736,53.16402475413301,Jati Sari,Buahbatu,9513,107.65939546242689,-6.93042541828935,Soekarno Hatta,0.0024232107542493,23.05200390517436
1667532736,44.57791853289525,Jati Sari,Buahbatu,9513,107.6594060500021,-6.930345350005355,Soekarno Hatta,0.0024232107542493,23.05200390517436
1667532736,36.162607996486464,Jati Sari,Buahbatu,9513,107.65941663757732,-6.930265281721296,Soekarno Hatta,0.0024232107542493,23.05200390517436
1667532736,28.069722938211672,Jati Sari,Buahbatu,9513,107.65942720000211,-6.930185200005308,Soekarno Hatta,0.0024232107542493,23.05200390517436
1667532736,20.68725380666545,Jati Sari,Buahbatu,9513,107.6594377848722,-6.930105122440709,Soekarno Hatta,0.0024232107542493,23.05200390517436
1667532736,14.909475327863284,Jati Sari,Buahbatu,9513,107.65944153304685,-6.930031629536148,Soekarno Hatta,0.0024232107542493,23.05200390517436
1667836545,16.80146855929994,Jati Sari,Buahbatu,9513,107.6596011719694,-6.930095122193765,Soekarno Hatta,0.0024232107542493,23.05200390517436
1667836545,19.368582053608424,Jati Sari,Buahbatu,9513,107.65959488464208,-6.930171272425121,Soekarno Hatta,0.0024232107542493,23.05200390517436
1667836545,25.374347496031177,Jati Sari,Buahbatu,9513,107.65958431536228,-6.930251527585956,Soekarno Hatta,0.0024232107542493,23.05200390517436
1667836545,32.75785157201545,Jati Sari,Buahbatu,9513,107.65957370000218,-6.930331750005544,Soekarno Hatta,0.0024232107542493,23.05200390517436
1667836545,40.7729947841875,Jati Sari,Buahbatu,9513,107.6595631000022,-6.930411950005549,Soekarno Hatta,0.0024232107542493,23.05200390517436
1667836545,49.11793916338704,Jati Sari,Buahbatu,9513,107.65955250000218,-6.930492200005553,Soekarno Hatta,0.0024232107542493,23.05200390517436
1667836818,42.61786984390844,Jati Sari,Buahbatu,9513,107.6595313000022,-6.930652650005554,Soekarno Hatta,0.0024232107542493,23.05200390517436
1667836818,34.43448177167902,Jati Sari,Buahbatu,9513,107.65952070000218,-6.930732850005549,Soekarno Hatta,0.0024232107542493,23.05200390517436
1667836818,26.743455038685056,Jati Sari,Buahbatu,9513,107.65951010000218,-6.930813100005529,Soekarno Hatta,0.0024232107542493,23.05200390517436
1667836818,23.634910823175776,Jati Sari,Buahbatu,9513,107.65975300255046,-6.930856775114337,Soekarno Hatta,0.0024232107542493,23.05200390517436
1667836818,29.969458686488696,Jati Sari,Buahbatu,9513,107.65976139745388,-6.930793524897622,Soekarno Hatta,0.0024232107542493,23.05200390517436
1667836818,36.57138903813251,Jati Sari,Buahbatu,9513,107.65976975000218,-6.930730250005975,Soekarno Hatta,0.0024232107542493,23.05200390517436
1667836818,43.31898879357114,Jati Sari,Buahbatu,9513,107.65977810255043,-6.930666975114345,Soekarno Hatta,0.0024232107542493,23.05200390517436
1667836818,50.152633968488544,Jati Sari,Buahbatu,9513,107.6597864974539,-6.9306037248976455,Soekarno Hatta,0.0024232107542493,23.05200390517436
1667836545,49.37906147505135,Jati Sari,Buahbatu,9513,107.6597948220113,-6.930540453118353,Soekarno Hatta,0.0024232107542493,23.05200390517436
1667836545,42.52160211178486,Jati Sari,Buahbatu,9513,107.6598031585488,-6.9304771688992695,Soekarno Hatta,0.0024232107542493,23.05200390517436
1667836545,35.75077140836421,Jati Sari,Buahbatu,9513,107.65981156945864,-6.930413928007445,Soekarno Hatta,0.0024232107542493,23.05200390517436
1667836545,29.11237147585687,Jati Sari,Buahbatu,9513,107.65981992201132,-6.930350653118331,Soekarno Hatta,0.0024232107542493,23.05200390517436
1667836545,22.72971199931696,Jati Sari,Buahbatu,9513,107.6598282585488,-6.930287368899274,Soekarno Hatta,0.0024232107542493,23.05200390517436
1667836545,16.90650055503557,Jati Sari,Buahbatu,9513,107.65983666945864,-6.930224128007433,Soekarno Hatta,0.0024232107542493,23.05200390517436
1667836545,12.025336252035196,Jati Sari,Buahbatu,9513,107.65983566886136,-6.93016691173226,Soekarno Hatta,0.0024232107542493,23.05200390517436
1667836916,24.42229462021261,Jati Sari,Buahbatu,9513,107.65991623105036,-6.930877522065752,Soekarno Hatta,0.0024232107542493,23.05200390517436
1667836916,30.84326062887432,Jati Sari,Buahbatu,9513,107.65992492794798,-6.93081179680348,Soekarno Hatta,0.0024232107542493,23.05200390517436
1667836916,37.600269883833306,Jati Sari,Buahbatu,9513,107.65993361896685,-6.930746077946177,Soekarno Hatta,0.0024232107542493,23.05200390517436
1667836916,44.5456012656295,Jati Sari,Buahbatu,9513,107.65994225310368,-6.930680325275651,Soekarno Hatta,0.0024232107542493,23.05200390517436
1667836578,47.26941251477954,Jati Sari,Buahbatu,9513,107.65995095000224,-6.930614600006076,Soekarno Hatta,0.0024232107542493,23.05200390517436
1667836578,40.317792646270426,Jati Sari,Buahbatu,9513,107.65995966895412,-6.930548877946414,Soekarno Hatta,0.0024232107542493,23.05200390517436
1667836578,33.53085931306799,Jati Sari,Buahbatu,9513,107.65996833105037,-6.930483122065752,Soekarno Hatta,0.0024232107542493,23.05200390517436
1667836578,27.03328238927429,Jati Sari,Buahbatu,9513,107.65997705000224,-6.930417400006103,Soekarno Hatta,0.0024232107542493,23.05200390517436
1667836578,14.842600880283433,Jati Sari,Buahbatu,9513,107.659995485831,-6.930225552879693,Soekarno Hatta,0.0024232107542493,23.05200390517436
1667836578,14.50095588735764,Jati Sari,Buahbatu,9513,107.6602287227944,-6.930312499474987,Soekarno Hatta,0.0024232107542493,23.05200390517436
1667836578,20.49239413628626,Jati Sari,Buahbatu,9513,107.6602256000024,-6.9303850500065245,Soekarno Hatta,0.0024232107542493,23.05200390517436
1667836578,26.8839083312924,Jati Sari,Buahbatu,9513,107.6602165500024,-6.930453500006534,Soekarno Hatta,0.0024232107542493,23.05200390517436
1667836578,33.79814854331877,Jati Sari,Buahbatu,9513,107.6602075000024,-6.930521950006523,Soekarno Hatta,0.0024232107542493,23.05200390517436
1667836578,40.97154433318193,Jati Sari,Buahbatu,9513,107.66019847793844,-6.93059039678479,Soekarno Hatta,0.0024232107542493,23.05200390517436
1667836578,48.288858893821725,Jati Sari,Buahbatu,9513,107.66018942206992,-6.930658853234008,Soekarno Hatta,0.0024232107542493,23.05200390517436
1667836916,43.00875837860716,Jati Sari,Buahbatu,9513,107.66018037793845,-6.930727296784808,Soekarno Hatta,0.0024232107542493,23.05200390517436
1667836916,35.83587902731338,Jati Sari,Buahbatu,9513,107.66017132206991,-6.930795753234006,Soekarno Hatta,0.0024232107542493,23.05200390517436
1667836976,30.77717185775187,Jati Sari,Buahbatu,9513,107.6603213295991,-6.930888021913993,Soekarno Hatta,0.0024232107542493,23.05200390517436
1667836976,36.71320480306735,Jati Sari,Buahbatu,9513,107.66032955000232,-6.9308256500064855,Soekarno Hatta,0.0024232107542493,23.05200390517436
1667836976,42.960424285472655,Jati Sari,Buahbatu,9513,107.66033780000232,-6.930763250006462,Soekarno Hatta,0.0024232107542493,23.05200390517436
1667836626,39.63924859648723,Jati Sari,Buahbatu,9513,107.66034605000232,-6.930700850006462,Soekarno Hatta,0.0024232107542493,23.05200390517436
1667836626,33.549274929047144,Jati Sari,Buahbatu,9513,107.6603543204,-6.930638478103562,Soekarno Hatta,0.0024232107542493,23.05200390517436
1667836626,27.877181855480103,Jati Sari,Buahbatu,9513,107.6603625295991,-6.9305761219139805,Soekarno Hatta,0.0024232107542493,23.05200390517436
1667836626,22.919438539051423,Jati Sari,Buahbatu,9513,107.66037080000233,-6.930513750006481,Soekarno Hatta,0.0024232107542493,23.05200390517436
1667836626,19.24767449423929,Jati Sari,Buahbatu,9513,107.66037905000232,-6.93045135000647,Soekarno Hatta,0.0024232107542493,23.05200390517436
1667836818,18.66343535675174,Jati Sari,Buahbatu,9513,107.65949653812676,-6.930915372706295,Soekarno Hatta,0.0024232107542493,23.05200390517436
1667836916,17.029285747336406,Jati Sari,Buahbatu,9513,107.65990185000234,-6.930968150005271,Soekarno Hatta,0.0024232107542493,23.05200390517436
1667836916,18.7139495235268,Jati Sari,Buahbatu,9513,107.66014735000232,-6.93097725000308,Soekarno Hatta,0.0024232107542493,23.05200390517436
1667836976,21.95265671258315,Jati Sari,Buahbatu,9513,107.66030555191496,-6.930997862515185,Soekarno Hatta,0.0024232107542493,23.05200390517436
1667836916,28.906160650056684,Jati Sari,Buahbatu,9513,107.66016227793844,-6.930864196784804,Soekarno Hatta,0.0024232107542493,23.05200390517436
1667836626,17.685227445438684,Jati Sari,Buahbatu,9513,107.66038727810134,-6.930388947071705,Soekarno Hatta,0.0024232107542493,23.05200390517436
5397974398,14.78020928242273,Jati Sari,Buahbatu,9513,107.65912084113624,-6.930841225899979,Soekarno Hatta,0.0024232107542493,23.05200390517436
1667836818,15.985273988434049,Jati Sari,Buahbatu,9513,107.65974445000236,-6.930947650005273,Soekarno Hatta,0.0024232107542493,23.05200390517436
8427358454,13.914701534002983,Jati Sari,Buahbatu,9513,107.66007925000577,-6.933027999997169,Soekarno Hatta,0.0024232107542493,23.05200390517436
8427358454,16.87924705191495,Jati Sari,Buahbatu,9513,107.66001885000576,-6.932996549997189,Soekarno Hatta,0.0024232107542493,23.05200390517436
5397976630,15.262082608263007,Jati Sari,Buahbatu,9513,107.65995844832254,-6.932965134730544,Soekarno Hatta,0.0024232107542493,23.05200390517436
5397976630,13.79483841195801,Jati Sari,Buahbatu,9513,107.65989805168898,-6.9329336652638,Soekarno Hatta,0.0024232107542493,23.05200390517436
5397976630,16.162591393884732,Jati Sari,Buahbatu,9513,107.65983764832252,-6.932902234730549,Soekarno Hatta,0.0024232107542493,23.05200390517436
5397976630,21.107398900351864,Jati Sari,Buahbatu,9513,107.65977725168898,-6.932870765263804,Soekarno Hatta,0.0024232107542493,23.05200390517436
5397976630,27.26416854997941,Jati Sari,Buahbatu,9513,107.65971685000576,-6.932839349997176,Soekarno Hatta,0.0024232107542493,23.05200390517436
5397976630,33.97875933264211,Jati Sari,Buahbatu,9513,107.65965645000576,-6.932807899997178,Soekarno Hatta,0.0024232107542493,23.05200390517436
5397974399,38.58124253751248,Jati Sari,Buahbatu,9513,107.65959606526184,-6.932776465046183,Soekarno Hatta,0.0024232107542493,23.05200390517436
5397976630,35.01858337792682,Jati Sari,Buahbatu,9513,107.6597305659957,-6.932612499145151,Soekarno Hatta,0.0024232107542493,23.05200390517436
5397974399,38.12200728868694,Jati Sari,Buahbatu,9513,107.65976894999773,-6.932539900008818,Soekarno Hatta,0.0024232107542493,23.05200390517436
1667839088,30.41176560729524,Jati Sari,Buahbatu,9513,107.65980732058736,-6.932467266870948,Soekarno Hatta,0.0024232107542493,23.05200390517436
5397976630,16.211141320951,Jati Sari,Buahbatu,9513,107.6598945123376,-6.932697833606724,Soekarno Hatta,0.0024232107542493,23.05200390517436
5397976630,22.614081779561342,Jati Sari,Buahbatu,9513,107.65993284999824,-6.932625200007498,Soekarno Hatta,0.0024232107542493,23.05200390517436
5397976630,30.412730354371583,Jati Sari,Buahbatu,9513,107.65997119999824,-6.932552600007497,Soekarno Hatta,0.0024232107542493,23.05200390517436
1667839088,23.10897448221347,Jati Sari,Buahbatu,9513,107.65984567940806,-6.93239463314671,Soekarno Hatta,0.0024232107542493,23.05200390517436
1667839211,29.0222301704317,Jati Sari,Buahbatu,9513,107.66000958765886,-6.932479966408208,Soekarno Hatta,0.0024232107542493,23.05200390517436
8427358454,13.475018689280684,Jati Sari,Buahbatu,9513,107.6601348082818,-6.932807518798394,Soekarno Hatta,0.0024232107542493,23.05200390517436
1667839211,32.61768460382518,Jati Sari,Buahbatu,9513,107.66023712660368,-6.932613883911307,Soekarno Hatta,0.0024232107542493,23.05200390517436
1667839442,31.81270914382173,Jati Sari,Buahbatu,9513,107.66043836262864,-6.932697596083924,Soekarno Hatta,0.0024232107542493,23.05200390517436
8427358454,33.17174701886836,Jati Sari,Buahbatu,9513,107.66040463735985,-6.9327614039500505,Soekarno Hatta,0.0024232107542493,23.05200390517436
8427358454,26.428105855915973,Jati Sari,Buahbatu,9513,107.66037089999423,-6.932825200016988,Soekarno Hatta,0.0024232107542493,23.05200390517436
8427358454,18.300621087276657,Jati Sari,Buahbatu,9513,107.66032035460644,-6.932920930058321,Soekarno Hatta,0.0024232107542493,23.05200390517436
8427358454,16.070950927200908,Jati Sari,Buahbatu,9513,107.66026979842223,-6.933016649283555,Soekarno Hatta,0.0024232107542493,23.05200390517436
8427358454,19.145699448013072,Jati Sari,Buahbatu,9513,107.6602360787861,-6.933080462652234,Soekarno Hatta,0.0024232107542493,23.05200390517436
1667839470,32.6340810326272,Jati Sari,Buahbatu,9513,107.6612468221887,-6.933169838462035,Soekarno Hatta,0.0024232107542493,23.05200390517436
5406559531,41.16342149153817,Jati Sari,Buahbatu,9513,107.66118896728156,-6.93327935102235,Soekarno Hatta,0.0024232107542493,23.05200390517436
5406559531,32.51026950577063,Jati Sari,Buahbatu,9513,107.66115043271712,-6.93335234898701,Soekarno Hatta,0.0024232107542493,23.05200390517436
5406559531,24.21572261155754,Jati Sari,Buahbatu,9513,107.66111185756648,-6.9334253183049706,Soekarno Hatta,0.0024232107542493,23.05200390517436
5406559531,16.81166206232476,Jati Sari,Buahbatu,9513,107.66107329999934,-6.933498300004684,Soekarno Hatta,0.0024232107542493,23.05200390517436
5406559531,12.069468334496882,Jati Sari,Buahbatu,9513,107.66103473271082,-6.933571298977322,Soekarno Hatta,0.0024232107542493,23.05200390517436
1667839459,30.65622440330356,Jati Sari,Buahbatu,9513,107.66112265000125,-6.933084550004031,Soekarno Hatta,0.0024232107542493,23.05200390517436
1667839459,40.77501116697276,Jati Sari,Buahbatu,9513,107.66107764999838,-6.933169700005974,Soekarno Hatta,0.0024232107542493,23.05200390517436
1667839477,39.60386031729514,Jati Sari,Buahbatu,9513,107.66104766410884,-6.933226484285899,Soekarno Hatta,0.0024232107542493,23.05200390517436
1667839477,32.83281952495756,Jati Sari,Buahbatu,9513,107.6610176358879,-6.933283215726035,Soekarno Hatta,0.0024232107542493,23.05200390517436
1667839477,26.237643348390133,Jati Sari,Buahbatu,9513,107.66098764999836,-6.933340000005944,Soekarno Hatta,0.0024232107542493,23.05200390517436
1667839477,19.9966561908648,Jati Sari,Buahbatu,9513,107.66095767984292,-6.93339678310525,Soekarno Hatta,0.0024232107542493,23.05200390517436
1667839477,14.571606541654882,Jati Sari,Buahbatu,9513,107.66092772015384,-6.933453516906692,Soekarno Hatta,0.0024232107542493,23.05200390517436
1667839477,11.206840179497108,Jati Sari,Buahbatu,9513,107.66089774999838,-6.93351030000597,Soekarno Hatta,0.0024232107542493,23.05200390517436
1667839477,20.899306621332105,Jati Sari,Buahbatu,9513,107.6607446316186,-6.9333040423305725,Soekarno Hatta,0.0024232107542493,23.05200390517436
1667839477,17.946498729172827,Jati Sari,Buahbatu,9513,107.66072534999547,-6.933340550012288,Soekarno Hatta,0.0024232107542493,23.05200390517436
1667839477,15.7815848015337,Jati Sari,Buahbatu,9513,107.66070609999552,-6.933377050012309,Soekarno Hatta,0.0024232107542493,23.05200390517436
1667839459,29.995309122073035,Jati Sari,Buahbatu,9513,107.6609273999967,-6.932957150011507,Soekarno Hatta,0.0024232107542493,23.05200390517436
1667839459,38.22535253011311,Jati Sari,Buahbatu,9513,107.66088896524946,-6.933030184728877,Soekarno Hatta,0.0024232107542493,23.05200390517436
1667839477,42.58991967663034,Jati Sari,Buahbatu,9513,107.66085044999669,-6.933103200011499,Soekarno Hatta,0.0024232107542493,23.05200390517436
1667839477,34.165128934721416,Jati Sari,Buahbatu,9513,107.66081193474396,-6.933176215294107,Soekarno Hatta,0.0024232107542493,23.05200390517436
1667839477,26.21717485540083,Jati Sari,Buahbatu,9513,107.6607734499967,-6.93324925001149,Soekarno Hatta,0.0024232107542493,23.05200390517436
1667839477,14.755827132481524,Jati Sari,Buahbatu,9513,107.66068684999549,-6.933413550012296,Soekarno Hatta,0.0024232107542493,23.05200390517436
1667839442,34.87885734520346,Jati Sari,Buahbatu,9513,107.66071772253945,-6.93288309310471,Soekarno Hatta,0.0024232107542493,23.05200390517436
3277981688,35.61969646100495,Jati Sari,Buahbatu,9513,107.66049319999506,-6.933309100013725,Soekarno Hatta,0.0024232107542493,23.05200390517436
1667839477,39.62030574930457,Jati Sari,Buahbatu,9513,107.66051564999506,-6.93326650001374,Soekarno Hatta,0.0024232107542493,23.05200390517436
1667839477,40.86395612070077,Jati Sari,Buahbatu,9513,107.66053809999504,-6.933223900013741,Soekarno Hatta,0.0024232107542493,23.05200390517436
1667839477,43.29738833602842,Jati Sari,Buahbatu,9513,107.6605661862169,-6.933170653023665,Soekarno Hatta,0.0024232107542493,23.05200390517436
1667839477,52.23732658097889,Jati Sari,Buahbatu,9513,107.66063350584638,-6.933042846628381,Soekarno Hatta,0.0024232107542493,23.05200390517436
1667839211,18.155185856915256,Jati Sari,Buahbatu,9513,107.6600609042166,-6.93236938444497,Soekarno Hatta,0.0024232107542493,23.05200390517436
1667839442,21.32254511198162,Jati Sari,Buahbatu,9513,107.66050537619572,-6.932600784107041,Soekarno Hatta,0.0024232107542493,23.05200390517436
1667839459,19.79403181508418,Jati Sari,Buahbatu,9513,107.66098035843704,-6.93284948235589,Soekarno Hatta,0.0024232107542493,23.05200390517436
1667839470,16.928715115663525,Jati Sari,Buahbatu,9513,107.66131947487338,-6.9330245845982486,Soekarno Hatta,0.0024232107542493,23.05200390517436
1667839088,16.08218990078016,Jati Sari,Buahbatu,9513,107.65990259314516,-6.932286917966888,Soekarno Hatta,0.0024232107542493,23.05200390517436
1667839211,23.12651661105138,Jati Sari,Buahbatu,9513,107.6603178250879,-6.932503106663449,Soekarno Hatta,0.0024232107542493,23.05200390517436
1667839442,22.77760110930118,Jati Sari,Buahbatu,9513,107.66079109100944,-6.932751017483999,Soekarno Hatta,0.0024232107542493,23.05200390517436
1667839459,16.8054400567999,Jati Sari,Buahbatu,9513,107.66118993186114,-6.932957145550669,Soekarno Hatta,0.0024232107542493,23.05200390517436
5397976630,38.10062023017122,Jati Sari,Buahbatu,9513,107.65970605000896,-6.933056549996344,Soekarno Hatta,0.0024232107542493,23.05200390517436
5397976630,36.80723379746023,Jati Sari,Buahbatu,9513,107.65988905046846,-6.93315156632805,Soekarno Hatta,0.0024232107542493,23.05200390517436
8427358454,35.708766536331865,Jati Sari,Buahbatu,9513,107.65998054954945,-6.933199133664692,Soekarno Hatta,0.0024232107542493,23.05200390517436
3277981688,31.10905670876929,Jati Sari,Buahbatu,9513,107.66007208367732,-6.933246637599659,Soekarno Hatta,0.0024232107542493,23.05200390517436
3277981688,22.00600007571563,Jati Sari,Buahbatu,9513,107.66016360000894,-6.933294149996359,Soekarno Hatta,0.0024232107542493,23.05200390517436
3277981688,18.75683000569761,Jati Sari,Buahbatu,9513,107.6603712349719,-6.933401984385907,Soekarno Hatta,0.0024232107542493,23.05200390517436
3277981688,25.10772583046828,Jati Sari,Buahbatu,9513,107.6604456650489,-6.93344066559224,Soekarno Hatta,0.0024232107542493,23.05200390517436
1667839477,30.919662338599867,Jati Sari,Buahbatu,9513,107.66052015000938,-6.933479349995253,Soekarno Hatta,0.0024232107542493,23.05200390517436
1667839477,22.974340704362824,Jati Sari,Buahbatu,9513,107.6605946368801,-6.933517999436307,Soekarno Hatta,0.0024232107542493,23.05200390517436
1667839477,16.49811264406774,Jati Sari,Buahbatu,9513,107.66066906313868,-6.933556700554199,Soekarno Hatta,0.0024232107542493,23.05200390517436
1667839477,13.729411712172777,Jati Sari,Buahbatu,9513,107.66074355000936,-6.933595349995276,Soekarno Hatta,0.0024232107542493,23.05200390517436
1667839477,16.651186860468336,Jati Sari,Buahbatu,9513,107.66081800000936,-6.933634049995264,Soekarno Hatta,0.0024232107542493,23.05200390517436
7693964471,17.851304162757653,Jati Sari,Buahbatu,9513,107.66089245190985,-6.933672715041597,Soekarno Hatta,0.0024232107542493,23.05200390517436
7693964471,14.686646462615164,Jati Sari,Buahbatu,9513,107.66096694810888,-6.933711384948906,Soekarno Hatta,0.0024232107542493,23.05200390517436
5406559531,14.33631621340748,Jati Sari,Buahbatu,9513,107.66104140000937,-6.9337500499952505,Soekarno Hatta,0.0024232107542493,23.05200390517436
6411812215,23.754811400318086,Jati Sari,Buahbatu,9513,107.65897267763576,-6.93186884579873,Soekarno Hatta,0.0024232107542493,23.05200390517436
6411812215,30.83604728044484,Jati Sari,Buahbatu,9513,107.6589818500014,-6.931802050003565,Soekarno Hatta,0.0024232107542493,23.05200390517436
6411812215,38.06424428514156,Jati Sari,Buahbatu,9513,107.65899105000142,-6.931735250003573,Soekarno Hatta,0.0024232107542493,23.05200390517436
6411812215,45.36823058193922,Jati Sari,Buahbatu,9513,107.6590002500014,-6.931668450003572,Soekarno Hatta,0.0024232107542493,23.05200390517436
6411812215,60.09155633960194,Jati Sari,Buahbatu,9513,107.65901862236709,-6.931534854208409,Soekarno Hatta,0.0024232107542493,23.05200390517436
5397974398,57.22813451025318,Jati Sari,Buahbatu,9513,107.65902777763576,-6.931468045798731,Soekarno Hatta,0.0024232107542493,23.05200390517436
5397974398,49.81247262665664,Jati Sari,Buahbatu,9513,107.6590369500014,-6.931401250003573,Soekarno Hatta,0.0024232107542493,23.05200390517436
5397974398,42.41232568902118,Jati Sari,Buahbatu,9513,107.6590461500014,-6.931334450003593,Soekarno Hatta,0.0024232107542493,23.05200390517436
5397974398,35.038451518318205,Jati Sari,Buahbatu,9513,107.6590553500014,-6.931267650003572,Soekarno Hatta,0.0024232107542493,23.05200390517436
5397974398,27.712071834601744,Jati Sari,Buahbatu,9513,107.65906455073517,-6.931200852129389,Soekarno Hatta,0.0024232107542493,23.05200390517436
1667838943,43.4324408538302,Jati Sari,Buahbatu,9513,107.65923295675512,-6.931737854470038,Soekarno Hatta,0.0024232107542493,23.05200390517436
1667838943,26.637230912015745,Jati Sari,Buahbatu,9513,107.6592083217194,-6.931905653080653,Soekarno Hatta,0.0024232107542493,23.05200390517436
1667838943,54.14000912849967,Jati Sari,Buahbatu,9513,107.65924777828508,-6.931637146932557,Soekarno Hatta,0.0024232107542493,23.05200390517436
1667838943,61.38822076063438,Jati Sari,Buahbatu,9513,107.65925762172338,-6.931570003086525,Soekarno Hatta,0.0024232107542493,23.05200390517436
1667532982,59.43714696977325,Jati Sari,Buahbatu,9513,107.65926747828507,-6.9315028469325535,Soekarno Hatta,0.0024232107542493,23.05200390517436
1667532982,52.26634116260586,Jati Sari,Buahbatu,9513,107.6592773309289,-6.9314357217177385,Soekarno Hatta,0.0024232107542493,23.05200390517436
1667532982,45.20491218546742,Jati Sari,Buahbatu,9513,107.65928724078532,-6.931368581368468,Soekarno Hatta,0.0024232107542493,23.05200390517436
1667532982,38.31289037680893,Jati Sari,Buahbatu,9513,107.65929707828508,-6.931301446932541,Soekarno Hatta,0.0024232107542493,23.05200390517436
1667532982,31.70150404712093,Jati Sari,Buahbatu,9513,107.65930692172338,-6.931234303086517,Soekarno Hatta,0.0024232107542493,23.05200390517436
1667532982,19.87020845680088,Jati Sari,Buahbatu,9513,107.65932801919304,-6.931091078307231,Soekarno Hatta,0.0024232107542493,23.05200390517436
1667532982,25.59189955509675,Jati Sari,Buahbatu,9513,107.65931680000222,-6.931167150006585,Soekarno Hatta,0.0024232107542493,23.05200390517436
1667839081,27.684456667413635,Jati Sari,Buahbatu,9513,107.65938944639764,-6.93190864948498,Soekarno Hatta,0.0024232107542493,23.05200390517436
1667839081,36.30750538037871,Jati Sari,Buahbatu,9513,107.65940187914627,-6.931824147996097,Soekarno Hatta,0.0024232107542493,23.05200390517436
1667839081,42.25575320467646,Jati Sari,Buahbatu,9513,107.659410120866,-6.931767802027718,Soekarno Hatta,0.0024232107542493,23.05200390517436
1667839081,60.52650260109772,Jati Sari,Buahbatu,9513,107.65943497913976,-6.931598797990505,Soekarno Hatta,0.0024232107542493,23.05200390517436
1667836818,60.46385937841301,Jati Sari,Buahbatu,9513,107.65944322085949,-6.9315424520221445,Soekarno Hatta,0.0024232107542493,23.05200390517436
1667836818,54.29256567850411,Jati Sari,Buahbatu,9513,107.65945150000287,-6.931486150009101,Soekarno Hatta,0.0024232107542493,23.05200390517436
1667836818,48.14818464152376,Jati Sari,Buahbatu,9513,107.65945980000288,-6.931429800009122,Soekarno Hatta,0.0024232107542493,23.05200390517436
1667836818,42.05082087594376,Jati Sari,Buahbatu,9513,107.65946810000288,-6.931373450009111,Soekarno Hatta,0.0024232107542493,23.05200390517436
1667836818,36.03178929287358,Jati Sari,Buahbatu,9513,107.65947635000288,-6.931317150009114,Soekarno Hatta,0.0024232107542493,23.05200390517436
1667836818,30.12178544931103,Jati Sari,Buahbatu,9513,107.65948460000288,-6.93126080000911,Soekarno Hatta,0.0024232107542493,23.05200390517436
1667839081,20.731185327306008,Jati Sari,Buahbatu,9513,107.65933192107867,-6.932021262578735,Soekarno Hatta,0.0024232107542493,23.05200390517436
1667838943,19.517605947371187,Jati Sari,Buahbatu,9513,107.65920208540928,-6.9320024824368245,Soekarno Hatta,0.0024232107542493,23.05200390517436
6411812215,13.464738845816758,Jati Sari,Buahbatu,9513,107.6589500105076,-6.9319659774636655,Soekarno Hatta,0.0024232107542493,23.05200390517436
1667839081,16.629721219784397,Jati Sari,Buahbatu,9513,107.6595974500019,-6.932059750003859,Soekarno Hatta,0.0024232107542493,23.05200390517436
1667839081,13.64963955970097,Jati Sari,Buahbatu,9513,107.6594185063638,-6.932033827442459,Soekarno Hatta,0.0024232107542493,23.05200390517436
1667533461,11.179698166532988,Jati Sari,Buahbatu,9513,107.65889575000104,-6.9324685000023765,Soekarno Hatta,0.0024232107542493,23.05200390517436
1667533461,11.550894586759906,Jati Sari,Buahbatu,9513,107.6589056879077,-6.932397272559601,Soekarno Hatta,0.0024232107542493,23.05200390517436
1667533461,16.386647047937856,Jati Sari,Buahbatu,9513,107.65891566208992,-6.932326027452377,Soekarno Hatta,0.0024232107542493,23.05200390517436
6411812215,15.689941830954655,Jati Sari,Buahbatu,9513,107.6589101998586,-6.932192600580979,Soekarno Hatta,0.0024232107542493,23.05200390517436
1667533461,13.567561859520938,Jati Sari,Buahbatu,9513,107.65911040000104,-6.93249335000214,Soekarno Hatta,0.0024232107542493,23.05200390517436
5397974399,19.751756966391778,Jati Sari,Buahbatu,9513,107.6593278775966,-6.932323695490387,Soekarno Hatta,0.0024232107542493,23.05200390517436
5397974399,14.093118130391533,Jati Sari,Buahbatu,9513,107.65931465000244,-6.9324184000061,Soekarno Hatta,0.0024232107542493,23.05200390517436
1667533461,24.44962101791576,Jati Sari,Buahbatu,9513,107.65915692892638,-6.932300149297262,Soekarno Hatta,0.0024232107542493,23.05200390517436
1667838943,19.16839551715429,Jati Sari,Buahbatu,9513,107.65918175000245,-6.932188350005572,Soekarno Hatta,0.0024232107542493,23.05200390517436
5397974399,15.027327605721904,Jati Sari,Buahbatu,9513,107.65954109022684,-6.932388572897454,Soekarno Hatta,0.0024232107542493,23.05200390517436
1667839081,19.623518437949528,Jati Sari,Buahbatu,9513,107.65955115000136,-6.932303700003362,Soekarno Hatta,0.0024232107542493,23.05200390517436
1667839081,13.465562201644731,Jati Sari,Buahbatu,9513,107.65955991122097,-6.9322298270315335,Soekarno Hatta,0.0024232107542493,23.05200390517436
5397974399,11.010441685754198,Jati Sari,Buahbatu,9513,107.65953106680578,-6.9324734274475865,Soekarno Hatta,0.0024232107542493,23.05200390517436
1667836976,51.99027366409243,Jati Sari,Buahbatu,9513,107.66026136497308,-6.93156619270095,Soekarno Hatta,0.0024232107542493,23.05200390517436
5397976633,56.128574839309074,Jati Sari,Buahbatu,9513,107.66022978710949,-6.931805122535138,Soekarno Hatta,0.0024232107542493,23.05200390517436
1667839211,33.86662327199862,Jati Sari,Buahbatu,9513,107.66020215000265,-6.932014150007506,Soekarno Hatta,0.0024232107542493,23.05200390517436
1667839211,40.43944951362069,Jati Sari,Buahbatu,9513,107.66021005000265,-6.931954450007481,Soekarno Hatta,0.0024232107542493,23.05200390517436
1667838295,57.073828095478405,Jati Sari,Buahbatu,9513,107.66024165000265,-6.93171555000751,Soekarno Hatta,0.0024232107542493,23.05200390517436
1667838295,57.3365151080148,Jati Sari,Buahbatu,9513,107.66024955000265,-6.931655800007508,Soekarno Hatta,0.0024232107542493,23.05200390517436
1667836976,42.464312891336085,Jati Sari,Buahbatu,9513,107.66027320000264,-6.9314766000075,Soekarno Hatta,0.0024232107542493,23.05200390517436
1667836976,36.25524496914704,Jati Sari,Buahbatu,9513,107.66028107165056,-6.931416852570616,Soekarno Hatta,0.0024232107542493,23.05200390517436
1667836976,30.24625320721553,Jati Sari,Buahbatu,9513,107.66028895000264,-6.93135715000752,Soekarno Hatta,0.0024232107542493,23.05200390517436
1667836916,30.9129478022251,Jati Sari,Buahbatu,9513,107.6601087217148,-6.931338602659721,Soekarno Hatta,0.0024232107542493,23.05200390517436
1667836916,37.26521392442925,Jati Sari,Buahbatu,9513,107.66010037829078,-6.931401597356066,Soekarno Hatta,0.0024232107542493,23.05200390517436
1667836916,43.82137585964856,Jati Sari,Buahbatu,9513,107.6600920500028,-6.931464550007898,Soekarno Hatta,0.0024232107542493,23.05200390517436
1667836916,50.50460560695949,Jati Sari,Buahbatu,9513,107.66008375000278,-6.931527500007878,Soekarno Hatta,0.0024232107542493,23.05200390517436
1667836916,60.68271005160923,Jati Sari,Buahbatu,9513,107.660071250003,-6.931622000005545,Soekarno Hatta,0.0024232107542493,23.05200390517436
5397976633,51.14285635725963,Jati Sari,Buahbatu,9513,107.6600587500028,-6.931716450007894,Soekarno Hatta,0.0024232107542493,23.05200390517436
5397976633,44.70758399553659,Jati Sari,Buahbatu,9513,107.6600504500028,-6.931779400007866,Soekarno Hatta,0.0024232107542493,23.05200390517436
5397976633,35.46795023031905,Jati Sari,Buahbatu,9513,107.660037950003,-6.931873900005559,Soekarno Hatta,0.0024232107542493,23.05200390517436
5397976633,17.123356884124608,Jati Sari,Buahbatu,9513,107.65998499999915,-6.932105550006815,Soekarno Hatta,0.0024232107542493,23.05200390517436
1667839211,25.416107789913085,Jati Sari,Buahbatu,9513,107.66018397945508,-6.932092573020355,Soekarno Hatta,0.0024232107542493,23.05200390517436
1667839211,18.04680760604204,Jati Sari,Buahbatu,9513,107.6601315673864,-6.932181101208749,Soekarno Hatta,0.0024232107542493,23.05200390517436
1667836976,24.576013879501577,Jati Sari,Buahbatu,9513,107.66029685000264,-6.931297450007506,Soekarno Hatta,0.0024232107542493,23.05200390517436
5397976633,27.201457510808773,Jati Sari,Buahbatu,9513,107.6600254500028,-6.931968350007868,Soekarno Hatta,0.0024232107542493,23.05200390517436
1667836916,24.60537678955489,Jati Sari,Buahbatu,9513,107.65987183193386,-6.931250721781625,Soekarno Hatta,0.0024232107542493,23.05200390517436
1667836916,30.65618357736283,Jati Sari,Buahbatu,9513,107.65986280000162,-6.9313113000047775,Soekarno Hatta,0.0024232107542493,23.05200390517436
1667836916,36.96021142846355,Jati Sari,Buahbatu,9513,107.65985376806938,-6.931371878227916,Soekarno Hatta,0.0024232107542493,23.05200390517436
1667836916,43.40633337590449,Jati Sari,Buahbatu,9513,107.65984468192777,-6.9314324217869165,Soekarno Hatta,0.0024232107542493,23.05200390517436
1667836916,49.94079590325292,Jati Sari,Buahbatu,9513,107.65983565000164,-6.931493000004774,Soekarno Hatta,0.0024232107542493,23.05200390517436
1667836916,56.53313161596524,Jati Sari,Buahbatu,9513,107.6598265962862,-6.931553574955284,Soekarno Hatta,0.0024232107542493,23.05200390517436
5397976633,55.83546510440125,Jati Sari,Buahbatu,9513,107.65981750371704,-6.931614125054255,Soekarno Hatta,0.0024232107542493,23.05200390517436
5397976633,49.17700525011536,Jati Sari,Buahbatu,9513,107.6598084962862,-6.931674674955286,Soekarno Hatta,0.0024232107542493,23.05200390517436
5397976633,42.55261187242496,Jati Sari,Buahbatu,9513,107.65979942177654,-6.931735253276151,Soekarno Hatta,0.0024232107542493,23.05200390517436
5397976633,35.98694406477114,Jati Sari,Buahbatu,9513,107.65979036015838,-6.931795818513936,Soekarno Hatta,0.0024232107542493,23.05200390517436
5397976633,29.51632297582014,Jati Sari,Buahbatu,9513,107.65978133984484,-6.931856381495583,Soekarno Hatta,0.0024232107542493,23.05200390517436
5397976633,23.22211884878415,Jati Sari,Buahbatu,9513,107.6597722500016,-6.931916950004792,Soekarno Hatta,0.0024232107542493,23.05200390517436
1667839081,28.52739095022893,Jati Sari,Buahbatu,9513,107.659616660347,-6.931930155747326,Soekarno Hatta,0.0024232107542493,23.05200390517436
1667836818,18.323176165358174,Jati Sari,Buahbatu,9513,107.65973320000182,-6.931150600005265,Soekarno Hatta,0.0024232107542493,23.05200390517436
1667836818,23.91541533165476,Jati Sari,Buahbatu,9513,107.6597230952188,-6.931218374624219,Soekarno Hatta,0.0024232107542493,23.05200390517436
1667836818,30.381522588353125,Jati Sari,Buahbatu,9513,107.6597129218852,-6.931286153500127,Soekarno Hatta,0.0024232107542493,23.05200390517436
1667836818,37.27493400391219,Jati Sari,Buahbatu,9513,107.6597028000018,-6.931353950005281,Soekarno Hatta,0.0024232107542493,23.05200390517436
1667836818,44.39470950114105,Jati Sari,Buahbatu,9513,107.65969267811842,-6.931421746510414,Soekarno Hatta,0.0024232107542493,23.05200390517436
1667836818,51.64466273855364,Jati Sari,Buahbatu,9513,107.65968250478484,-6.931489525386298,Soekarno Hatta,0.0024232107542493,23.05200390517436
1667836818,58.97907797544727,Jati Sari,Buahbatu,9513,107.65967240000184,-6.931557300005268,Soekarno Hatta,0.0024232107542493,23.05200390517436
5397976633,57.69136430008015,Jati Sari,Buahbatu,9513,107.65966227810672,-6.931625096506499,Soekarno Hatta,0.0024232107542493,23.05200390517436
5397976633,51.07100201846479,Jati Sari,Buahbatu,9513,107.65965212189693,-6.931692903504016,Soekarno Hatta,0.0024232107542493,23.05200390517436
5397976633,44.7579288722351,Jati Sari,Buahbatu,9513,107.6596420000018,-6.931760700005257,Soekarno Hatta,0.0024232107542493,23.05200390517436
5397976633,38.90315038677812,Jati Sari,Buahbatu,9513,107.6596318952188,-6.931828474624224,Soekarno Hatta,0.0024232107542493,23.05200390517436
5397976633,17.295909225733514,Jati Sari,Buahbatu,9513,107.65976318192776,-6.931977521786909,Soekarno Hatta,0.0024232107542493,23.05200390517436
1667836916,17.886822575523777,Jati Sari,Buahbatu,9513,107.6598830000016,-6.931176200004376,Soekarno Hatta,0.0024232107542493,23.05200390517436
1667838696,9.601017837389136,Jati Sari,Buahbatu,9513,107.66226914515426,-6.931893872893678,Soekarno Hatta,0.0024232107542493,23.05200390517436
7201299895,15.879050637783036,Jati Sari,Buahbatu,9513,107.66219325000031,-6.931885349998651,Soekarno Hatta,0.0024232107542493,23.05200390517436
7201299895,20.775085000955816,Jati Sari,Buahbatu,9513,107.6621173548464,-6.931876827103615,Soekarno Hatta,0.0024232107542493,23.05200390517436
1667838578,20.73600567310837,Jati Sari,Buahbatu,9513,107.66204142709604,-6.931868286594825,Soekarno Hatta,0.0024232107542493,23.05200390517436
1667836758,17.167288822525073,Jati Sari,Buahbatu,9513,107.66210712723556,-6.931009295647417,Soekarno Hatta,0.0024232107542493,23.05200390517436
1667836758,22.00847678317444,Jati Sari,Buahbatu,9513,107.66209685000258,-6.931097600005942,Soekarno Hatta,0.0024232107542493,23.05200390517436
1667836758,29.45353608612799,Jati Sari,Buahbatu,9513,107.66208655000256,-6.931185900005952,Soekarno Hatta,0.0024232107542493,23.05200390517436
1667836758,38.00283138787816,Jati Sari,Buahbatu,9513,107.66207625000256,-6.931274200005966,Soekarno Hatta,0.0024232107542493,23.05200390517436
1667836758,47.05940096307741,Jati Sari,Buahbatu,9513,107.66206597276954,-6.931362504364509,Soekarno Hatta,0.0024232107542493,23.05200390517436
1667837089,50.299715404087245,Jati Sari,Buahbatu,9513,107.66205572723555,-6.931450795647435,Soekarno Hatta,0.0024232107542493,23.05200390517436
1667838578,43.11442319512762,Jati Sari,Buahbatu,9513,107.66204545000257,-6.931539100005945,Soekarno Hatta,0.0024232107542493,23.05200390517436
1667838578,34.2519987881635,Jati Sari,Buahbatu,9513,107.66203515000257,-6.931627400005947,Soekarno Hatta,0.0024232107542493,23.05200390517436
1667836724,15.940231270572662,Jati Sari,Buahbatu,9513,107.66180660000327,-6.930899700008207,Soekarno Hatta,0.0024232107542493,23.05200390517436
1667836758,18.890795937410303,Jati Sari,Buahbatu,9513,107.66179650000328,-6.930984200008232,Soekarno Hatta,0.0024232107542493,23.05200390517436
1667836758,23.629585386509948,Jati Sari,Buahbatu,9513,107.66178635000328,-6.931068650008216,Soekarno Hatta,0.0024232107542493,23.05200390517436
1667837089,24.41717126117557,Jati Sari,Buahbatu,9513,107.66177620000327,-6.931153100008232,Soekarno Hatta,0.0024232107542493,23.05200390517436
1667837089,17.852697819522753,Jati Sari,Buahbatu,9513,107.66176610000328,-6.931237600008209,Soekarno Hatta,0.0024232107542493,23.05200390517436
1667837089,14.7859011005861,Jati Sari,Buahbatu,9513,107.6617560000033,-6.931322100008214,Soekarno Hatta,0.0024232107542493,23.05200390517436
1667837089,17.198668960283218,Jati Sari,Buahbatu,9513,107.66174590000328,-6.9314065500082105,Soekarno Hatta,0.0024232107542493,23.05200390517436
1667837089,23.4551087475236,Jati Sari,Buahbatu,9513,107.66173580000329,-6.931491000008236,Soekarno Hatta,0.0024232107542493,23.05200390517436
1667837089,31.334704578059988,Jati Sari,Buahbatu,9513,107.66172565000328,-6.931575500008236,Soekarno Hatta,0.0024232107542493,23.05200390517436
1667837467,26.002245903194883,Jati Sari,Buahbatu,9513,107.66171550000328,-6.931660000008237,Soekarno Hatta,0.0024232107542493,23.05200390517436
1667838578,12.482746921122974,Jati Sari,Buahbatu,9513,107.66196550000032,-6.931859799998669,Soekarno Hatta,0.0024232107542493,23.05200390517436
1667837089,27.59991285741295,Jati Sari,Buahbatu,9513,107.6615625500018,-6.931069650003325,Soekarno Hatta,0.0024232107542493,23.05200390517436
1667836724,20.71586579702245,Jati Sari,Buahbatu,9513,107.66157703976911,-6.93095992279892,Soekarno Hatta,0.0024232107542493,23.05200390517436
1667837050,15.817289679819112,Jati Sari,Buahbatu,9513,107.66138970000186,-6.9311732000045145,Soekarno Hatta,0.0024232107542493,23.05200390517436
1667837050,22.97695420859445,Jati Sari,Buahbatu,9513,107.66140045000186,-6.931091800004515,Soekarno Hatta,0.0024232107542493,23.05200390517436
1667837050,31.153041668603525,Jati Sari,Buahbatu,9513,107.66141120000184,-6.93101045000452,Soekarno Hatta,0.0024232107542493,23.05200390517436
1667836658,26.97650309150101,Jati Sari,Buahbatu,9513,107.66142195000184,-6.930929100004523,Soekarno Hatta,0.0024232107542493,23.05200390517436
1667836658,15.371317071904397,Jati Sari,Buahbatu,9513,107.66121065000208,-6.930700000005015,Soekarno Hatta,0.0024232107542493,23.05200390517436
1667836658,19.486141887264257,Jati Sari,Buahbatu,9513,107.66119905000208,-6.930787800004989,Soekarno Hatta,0.0024232107542493,23.05200390517436
1667836658,26.744123881705683,Jati Sari,Buahbatu,9513,107.6611874500021,-6.930875600004996,Soekarno Hatta,0.0024232107542493,23.05200390517436
1667837050,34.07783875091424,Jati Sari,Buahbatu,9513,107.6611758637098,-6.930963427442719,Soekarno Hatta,0.0024232107542493,23.05200390517436
1667837050,25.617777480618987,Jati Sari,Buahbatu,9513,107.66116425000207,-6.931051250004988,Soekarno Hatta,0.0024232107542493,23.05200390517436
1667836977,14.878811959913206,Jati Sari,Buahbatu,9513,107.66099115000196,-6.931120750004794,Soekarno Hatta,0.0024232107542493,23.05200390517436
1667836977,22.166833879910943,Jati Sari,Buahbatu,9513,107.6610020641852,-6.931038377482823,Soekarno Hatta,0.0024232107542493,23.05200390517436
1667836977,30.49955422583885,Jati Sari,Buahbatu,9513,107.66101293581872,-6.930956022526757,Soekarno Hatta,0.0024232107542493,23.05200390517436
1667836649,35.89274584994431,Jati Sari,Buahbatu,9513,107.66102385000195,-6.930873650004782,Soekarno Hatta,0.0024232107542493,23.05200390517436
1667836649,27.431256732652315,Jati Sari,Buahbatu,9513,107.66103472748088,-6.930791245541134,Soekarno Hatta,0.0024232107542493,23.05200390517436
1667836649,19.646500357272547,Jati Sari,Buahbatu,9513,107.66104558671697,-6.930708881942064,Soekarno Hatta,0.0024232107542493,23.05200390517436
1667836649,14.419427029397571,Jati Sari,Buahbatu,9513,107.66082328872083,-6.930561572740749,Soekarno Hatta,0.0024232107542493,23.05200390517436
1667836649,19.917164380787785,Jati Sari,Buahbatu,9513,107.66080960000195,-6.930665100004044,Soekarno Hatta,0.0024232107542493,23.05200390517436
1667836649,29.19874197916664,Jati Sari,Buahbatu,9513,107.66079591128307,-6.930768627267336,Soekarno Hatta,0.0024232107542493,23.05200390517436
1667836977,37.690673881129065,Jati Sari,Buahbatu,9513,107.66078218872084,-6.930872172740763,Soekarno Hatta,0.0024232107542493,23.05200390517436
1667836977,27.579943128923446,Jati Sari,Buahbatu,9513,107.66076855000196,-6.930975700004053,Soekarno Hatta,0.0024232107542493,23.05200390517436
1667836976,17.569270683001765,Jati Sari,Buahbatu,9513,107.66059675000214,-6.931077700005814,Soekarno Hatta,0.0024232107542493,23.05200390517436
1667836976,22.092139474146183,Jati Sari,Buahbatu,9513,107.66060550000216,-6.931011600005817,Soekarno Hatta,0.0024232107542493,23.05200390517436
1667836976,27.86597306636504,Jati Sari,Buahbatu,9513,107.6606142684687,-6.93094547789134,Soekarno Hatta,0.0024232107542493,23.05200390517436
1667836976,34.257791700882706,Jati Sari,Buahbatu,9513,107.66062295000216,-6.930879350005813,Soekarno Hatta,0.0024232107542493,23.05200390517436
1667836976,40.986021311287935,Jati Sari,Buahbatu,9513,107.66063168154062,-6.93081322211536,Soekarno Hatta,0.0024232107542493,23.05200390517436
1667836626,39.3754720734485,Jati Sari,Buahbatu,9513,107.66064045000216,-6.930747100005806,Soekarno Hatta,0.0024232107542493,23.05200390517436
1667836626,32.69997007296594,Jati Sari,Buahbatu,9513,107.66064917210616,-6.930681003311468,Soekarno Hatta,0.0024232107542493,23.05200390517436
1667836626,26.401800948340604,Jati Sari,Buahbatu,9513,107.66065792789811,-6.930614896700134,Soekarno Hatta,0.0024232107542493,23.05200390517436
1667836626,20.8247714641373,Jati Sari,Buahbatu,9513,107.66066665000214,-6.9305488000058215,Soekarno Hatta,0.0024232107542493,23.05200390517436
1667836724,11.8880081173347,Jati Sari,Buahbatu,9513,107.6615915500018,-6.930850200003342,Soekarno Hatta,0.0024232107542493,23.05200390517436
1667836658,12.957334852587657,Jati Sari,Buahbatu,9513,107.66144345000188,-6.930766400004523,Soekarno Hatta,0.0024232107542493,23.05200390517436
1667837050,18.53313308941693,Jati Sari,Buahbatu,9513,107.66115265000208,-6.931139050005013,Soekarno Hatta,0.0024232107542493,23.05200390517436
1667836649,13.730209934820426,Jati Sari,Buahbatu,9513,107.66105643581872,-6.930626522526763,Soekarno Hatta,0.0024232107542493,23.05200390517436
1667836977,19.17774066031012,Jati Sari,Buahbatu,9513,107.66075491128308,-6.931079227267355,Soekarno Hatta,0.0024232107542493,23.05200390517436
1667836626,16.710324509794834,Jati Sari,Buahbatu,9513,107.66067540000216,-6.930482700005815,Soekarno Hatta,0.0024232107542493,23.05200390517436
1667837050,15.908378212074318,Jati Sari,Buahbatu,9513,107.66137110000189,-6.931360750004196,Soekarno Hatta,0.0024232107542493,23.05200390517436
1667837050,24.619446664705308,Jati Sari,Buahbatu,9513,107.66135585000188,-6.931462150004172,Soekarno Hatta,0.0024232107542493,23.05200390517436
1667837467,31.783326960783047,Jati Sari,Buahbatu,9513,107.66130963485638,-6.931670451808863,Soekarno Hatta,0.0024232107542493,23.05200390517436
1667837467,31.90318698305835,Jati Sari,Buahbatu,9513,107.66128088461416,-6.9317244651574965,Soekarno Hatta,0.0024232107542493,23.05200390517436
1667837089,13.06948363169792,Jati Sari,Buahbatu,9513,107.6615219131868,-6.931373377734178,Soekarno Hatta,0.0024232107542493,23.05200390517436
1667837089,20.25873325431649,Jati Sari,Buahbatu,9513,107.66150948681644,-6.93145562227402,Soekarno Hatta,0.0024232107542493,23.05200390517436
1667837089,28.621978521599488,Jati Sari,Buahbatu,9513,107.66149712227822,-6.93153785470285,Soekarno Hatta,0.0024232107542493,23.05200390517436
1667837467,24.05348285126676,Jati Sari,Buahbatu,9513,107.661484763197,-6.931620077733663,Soekarno Hatta,0.0024232107542493,23.05200390517436
1667837467,16.303632005505072,Jati Sari,Buahbatu,9513,107.66147233680626,-6.931702322274539,Soekarno Hatta,0.0024232107542493,23.05200390517436
1667838295,56.59317289670711,Jati Sari,Buahbatu,9513,107.6610996185218,-6.932151007613738,Soekarno Hatta,0.0024232107542493,23.05200390517436
1667839442,26.946471570332683,Jati Sari,Buahbatu,9513,107.66093905000048,-6.93257640000275,Soekarno Hatta,0.0024232107542493,23.05200390517436
1667839442,16.409407505609963,Jati Sari,Buahbatu,9513,107.66083655000048,-6.9325226500027455,Soekarno Hatta,0.0024232107542493,23.05200390517436
1667839442,28.57432083787348,Jati Sari,Buahbatu,9513,107.66093241517336,-6.9324656347835925,Soekarno Hatta,0.0024232107542493,23.05200390517436
1667839442,37.37756698377146,Jati Sari,Buahbatu,9513,107.66097699999553,-6.9323817500152,Soekarno Hatta,0.0024232107542493,23.05200390517436
1667839442,46.8920499469014,Jati Sari,Buahbatu,9513,107.66102159999554,-6.932297850015185,Soekarno Hatta,0.0024232107542493,23.05200390517436
1667839442,56.76011777356735,Jati Sari,Buahbatu,9513,107.66106619999556,-6.9322139500151865,Soekarno Hatta,0.0024232107542493,23.05200390517436
1667838295,55.06322218288276,Jati Sari,Buahbatu,9513,107.66112202385492,-6.93210909982378,Soekarno Hatta,0.0024232107542493,23.05200390517436
1667837467,49.94345558693296,Jati Sari,Buahbatu,9513,107.66115543480794,-6.932046165246448,Soekarno Hatta,0.0024232107542493,23.05200390517436
1667837467,26.15200476669678,Jati Sari,Buahbatu,9513,107.6614211499974,-6.932025200008511,Soekarno Hatta,0.0024232107542493,23.05200390517436
1667837467,33.434949636182225,Jati Sari,Buahbatu,9513,107.6613901499974,-6.932083500008501,Soekarno Hatta,0.0024232107542493,23.05200390517436
1667837467,40.72614326342365,Jati Sari,Buahbatu,9513,107.6613591499974,-6.932141800008506,Soekarno Hatta,0.0024232107542493,23.05200390517436
1667837467,48.026582086182806,Jati Sari,Buahbatu,9513,107.66132814999736,-6.93220015000851,Soekarno Hatta,0.0024232107542493,23.05200390517436
1667837467,55.32977170998142,Jati Sari,Buahbatu,9513,107.66129714999738,-6.932258500008499,Soekarno Hatta,0.0024232107542493,23.05200390517436
1667839459,55.88621093661784,Jati Sari,Buahbatu,9513,107.66126613525282,-6.932316802196591,Soekarno Hatta,0.0024232107542493,23.05200390517436
1667839459,48.87509695831008,Jati Sari,Buahbatu,9513,107.66123509999738,-6.9323751000085165,Soekarno Hatta,0.0024232107542493,23.05200390517436
1667839459,41.96552866744664,Jati Sari,Buahbatu,9513,107.6612040999974,-6.932433400008498,Soekarno Hatta,0.0024232107542493,23.05200390517436
1667839459,35.21635575009913,Jati Sari,Buahbatu,9513,107.66117306474192,-6.932491697820383,Soekarno Hatta,0.0024232107542493,23.05200390517436
1667839459,28.74100222889464,Jati Sari,Buahbatu,9513,107.66114204999738,-6.932550000008501,Soekarno Hatta,0.0024232107542493,23.05200390517436
1667838578,24.25595486928257,Jati Sari,Buahbatu,9513,107.66168518475328,-6.932018301661361,Soekarno Hatta,0.0024232107542493,23.05200390517436
9551115820,10.41555728688051,Jati Sari,Buahbatu,9513,107.66184343977234,-6.932031267089072,Soekarno Hatta,0.0024232107542493,23.05200390517436
9551115820,14.386178947568196,Jati Sari,Buahbatu,9513,107.66180781021392,-6.932098332920544,Soekarno Hatta,0.0024232107542493,23.05200390517436
9551115820,21.140770433632625,Jati Sari,Buahbatu,9513,107.66177208978456,-6.932165367088266,Soekarno Hatta,0.0024232107542493,23.05200390517436
9551115820,28.77270881936662,Jati Sari,Buahbatu,9513,107.66173646022612,-6.932232432919768,Soekarno Hatta,0.0024232107542493,23.05200390517436
9551115820,36.743273907886085,Jati Sari,Buahbatu,9513,107.66170078978458,-6.93229946708828,Soekarno Hatta,0.0024232107542493,23.05200390517436
9551115820,44.87330951601988,Jati Sari,Buahbatu,9513,107.66166514999924,-6.932366550004407,Soekarno Hatta,0.0024232107542493,23.05200390517436
9551115820,53.08906732400584,Jati Sari,Buahbatu,9513,107.66162951021391,-6.932433632920566,Soekarno Hatta,0.0024232107542493,23.05200390517436
1667839470,49.59513314186201,Jati Sari,Buahbatu,9513,107.66157598045334,-6.932534189750899,Soekarno Hatta,0.0024232107542493,23.05200390517436
1667839470,37.43436284170788,Jati Sari,Buahbatu,9513,107.66152248978456,-6.9326347670882615,Soekarno Hatta,0.0024232107542493,23.05200390517436
1667839470,29.53340563252225,Jati Sari,Buahbatu,9513,107.66148686022612,-6.93270183291978,Soekarno Hatta,0.0024232107542493,23.05200390517436
1667839470,22.01118702351786,Jati Sari,Buahbatu,9513,107.66145118978456,-6.9327688670882965,Soekarno Hatta,0.0024232107542493,23.05200390517436
1667837467,28.621506246968384,Jati Sari,Buahbatu,9513,107.661663534503,-6.932059915261762,Soekarno Hatta,0.0024232107542493,23.05200390517436
1667837467,33.12528856148278,Jati Sari,Buahbatu,9513,107.66163514999974,-6.9321144000032335,Soekarno Hatta,0.0024232107542493,23.05200390517436
9551115820,39.111967744680754,Jati Sari,Buahbatu,9513,107.6615999588441,-6.93218168241943,Soekarno Hatta,0.0024232107542493,23.05200390517436
9551115820,45.65765987021149,Jati Sari,Buahbatu,9513,107.66156474999974,-6.932248950003226,Soekarno Hatta,0.0024232107542493,23.05200390517436
9551115820,52.73294153265206,Jati Sari,Buahbatu,9513,107.66152954999974,-6.932316250003245,Soekarno Hatta,0.0024232107542493,23.05200390517436
9551115820,60.14969218524512,Jati Sari,Buahbatu,9513,107.66149434115538,-6.93238351758706,Soekarno Hatta,0.0024232107542493,23.05200390517436
1667839459,52.03471232342911,Jati Sari,Buahbatu,9513,107.66145914999974,-6.932450800003237,Soekarno Hatta,0.0024232107542493,23.05200390517436
1667839459,43.87588085454573,Jati Sari,Buahbatu,9513,107.66142394999974,-6.932518100003224,Soekarno Hatta,0.0024232107542493,23.05200390517436
1667839459,35.8324387047244,Jati Sari,Buahbatu,9513,107.6613887588441,-6.932585382419407,Soekarno Hatta,0.0024232107542493,23.05200390517436
1667839459,27.999538739909685,Jati Sari,Buahbatu,9513,107.66135354999972,-6.932652650003233,Soekarno Hatta,0.0024232107542493,23.05200390517436
1667839459,20.617938320126488,Jati Sari,Buahbatu,9513,107.66131834999976,-6.932719950003236,Soekarno Hatta,0.0024232107542493,23.05200390517436
1667837467,11.06227688452639,Jati Sari,Buahbatu,9513,107.66145997772502,-6.931784545305366,Soekarno Hatta,0.0024232107542493,23.05200390517436
1667837467,33.41581635085016,Jati Sari,Buahbatu,9513,107.66125219999807,-6.93177850000647,Soekarno Hatta,0.0024232107542493,23.05200390517436
1667837050,34.88101418250472,Jati Sari,Buahbatu,9513,107.66134060000188,-6.93156355000419,Soekarno Hatta,0.0024232107542493,23.05200390517436
1667837467,33.81637195470551,Jati Sari,Buahbatu,9513,107.66124793581368,-6.931872275226817,Soekarno Hatta,0.0024232107542493,23.05200390517436
1667837467,41.52206503364138,Jati Sari,Buahbatu,9513,107.66120007666888,-6.931962315751034,Soekarno Hatta,0.0024232107542493,23.05200390517436
1667839470,15.419267959513224,Jati Sari,Buahbatu,9513,107.66141554999926,-6.932835950004425,Soekarno Hatta,0.0024232107542493,23.05200390517436
1667839459,15.0168200840847,Jati Sari,Buahbatu,9513,107.6612871999992,-6.932779250003605,Soekarno Hatta,0.0024232107542493,23.05200390517436
1667839459,20.12523884426572,Jati Sari,Buahbatu,9513,107.66109554999942,-6.932637450005925,Soekarno Hatta,0.0024232107542493,23.05200390517436
1667837050,28.44459118301716,Jati Sari,Buahbatu,9513,107.66111372290212,-6.931457604699583,Soekarno Hatta,0.0024232107542493,23.05200390517436
1667837050,19.37166470061692,Jati Sari,Buahbatu,9513,107.66112580000116,-6.931350750000263,Soekarno Hatta,0.0024232107542493,23.05200390517436
1667836977,22.61714534534367,Jati Sari,Buahbatu,9513,107.66097397707104,-6.93138018679065,Soekarno Hatta,0.0024232107542493,23.05200390517436
1667836977,18.4717293189892,Jati Sari,Buahbatu,9513,107.66073183680668,-6.931273022953056,Soekarno Hatta,0.0024232107542493,23.05200390517436
1667836977,25.03722190329195,Jati Sari,Buahbatu,9513,107.66072211319415,-6.931359177061016,Soekarno Hatta,0.0024232107542493,23.05200390517436
1667836977,33.119665727256724,Jati Sari,Buahbatu,9513,107.66071235000194,-6.931445350004193,Soekarno Hatta,0.0024232107542493,23.05200390517436
1667838295,18.533319220797548,Jati Sari,Buahbatu,9513,107.66069290000192,-6.931617650004217,Soekarno Hatta,0.0024232107542493,23.05200390517436
1667838295,11.025642292679674,Jati Sari,Buahbatu,9513,107.66068313680668,-6.931703822953047,Soekarno Hatta,0.0024232107542493,23.05200390517436
1667836976,18.4530425177483,Jati Sari,Buahbatu,9513,107.66057380000234,-6.931245650005766,Soekarno Hatta,0.0024232107542493,23.05200390517436
1667836976,23.56557809355401,Jati Sari,Buahbatu,9513,107.66056620000236,-6.931312950005752,Soekarno Hatta,0.0024232107542493,23.05200390517436
1667836976,29.707036987403846,Jati Sari,Buahbatu,9513,107.66055860000236,-6.931380250005772,Soekarno Hatta,0.0024232107542493,23.05200390517436
1667836976,36.35972363968904,Jati Sari,Buahbatu,9513,107.66055100000236,-6.931447550005776,Soekarno Hatta,0.0024232107542493,23.05200390517436
1667838295,36.92740083458956,Jati Sari,Buahbatu,9513,107.66054340000235,-6.931514850005763,Soekarno Hatta,0.0024232107542493,23.05200390517436
1667838295,30.15951066427283,Jati Sari,Buahbatu,9513,107.66053200000246,-6.931615800003154,Soekarno Hatta,0.0024232107542493,23.05200390517436
1667838295,26.61477928495483,Jati Sari,Buahbatu,9513,107.66052060000234,-6.931716750005752,Soekarno Hatta,0.0024232107542493,23.05200390517436
1667839211,19.241346709210703,Jati Sari,Buahbatu,9513,107.66038989999764,-6.932297050009131,Soekarno Hatta,0.0024232107542493,23.05200390517436
1667839211,25.972922077524384,Jati Sari,Buahbatu,9513,107.66043041293086,-6.932220933880791,Soekarno Hatta,0.0024232107542493,23.05200390517436
1667839211,34.07228495371556,Jati Sari,Buahbatu,9513,107.66047089999766,-6.932144800009133,Soekarno Hatta,0.0024232107542493,23.05200390517436
1667839442,29.95525245781912,Jati Sari,Buahbatu,9513,107.66051485000057,-6.932367000000676,Soekarno Hatta,0.0024232107542493,23.05200390517436
1667839442,23.116162905667604,Jati Sari,Buahbatu,9513,107.66057457738373,-6.932398313238532,Soekarno Hatta,0.0024232107542493,23.05200390517436
1667838295,16.043226521660145,Jati Sari,Buahbatu,9513,107.66089866854112,-6.9317895862475885,Soekarno Hatta,0.0024232107542493,23.05200390517436
1667838295,15.010584991250765,Jati Sari,Buahbatu,9513,107.66086621376422,-6.931850446951417,Soekarno Hatta,0.0024232107542493,23.05200390517436
1667838295,19.89627181166312,Jati Sari,Buahbatu,9513,107.66081759686428,-6.931941770353793,Soekarno Hatta,0.0024232107542493,23.05200390517436
1667838295,28.782879729442936,Jati Sari,Buahbatu,9513,107.66076901855442,-6.932033086248326,Soekarno Hatta,0.0024232107542493,23.05200390517436
1667838295,35.52871300635111,Jati Sari,Buahbatu,9513,107.66073659999608,-6.932093950011937,Soekarno Hatta,0.0024232107542493,23.05200390517436
1667838295,42.57790436448707,Jati Sari,Buahbatu,9513,107.66070419999608,-6.932154850011939,Soekarno Hatta,0.0024232107542493,23.05200390517436
1667839442,39.15102504372204,Jati Sari,Buahbatu,9513,107.66067178143771,-6.932215713775589,Soekarno Hatta,0.0024232107542493,23.05200390517436
1667839442,32.916159961433095,Jati Sari,Buahbatu,9513,107.6606394185544,-6.932276586248312,Soekarno Hatta,0.0024232107542493,23.05200390517436
1667839442,27.398332901390365,Jati Sari,Buahbatu,9513,107.66060700405008,-6.9323374521344805,Soekarno Hatta,0.0024232107542493,23.05200390517436
1667837050,35.430741350735886,Jati Sari,Buahbatu,9513,107.6611056771008,-6.931528795306913,Soekarno Hatta,0.0024232107542493,23.05200390517436
1667838295,28.340823410335915,Jati Sari,Buahbatu,9513,107.66094845000111,-6.931605999995758,Soekarno Hatta,0.0024232107542493,23.05200390517436
1667838295,9.150356886324415,Jati Sari,Buahbatu,9513,107.66067343614674,-6.931789981999911,Soekarno Hatta,0.0024232107542493,23.05200390517436
1667838295,26.732329526532325,Jati Sari,Buahbatu,9513,107.66051300000235,-6.931784050005779,Soekarno Hatta,0.0024232107542493,23.05200390517436
1667838295,42.31280755141209,Jati Sari,Buahbatu,9513,107.66051140320432,-6.932068665421726,Soekarno Hatta,0.0024232107542493,23.05200390517436
1667839442,16.805708795170553,Jati Sari,Buahbatu,9513,107.6606343226174,-6.932429686762826,Soekarno Hatta,0.0024232107542493,23.05200390517436
1667839483,53.63157706698957,Jati Sari,Buahbatu,9513,107.65973508324936,-6.933770167140431,Soekarno Hatta,0.0024232107542493,23.05200390517436
1667839484,32.74813779265257,Jati Sari,Buahbatu,9513,107.65929764885946,-6.933538967318309,Soekarno Hatta,0.0024232107542493,23.05200390517436
1667839484,42.6604354591687,Jati Sari,Buahbatu,9513,107.65938975115074,-6.93358763267992,Soekarno Hatta,0.0024232107542493,23.05200390517436
1667839484,53.220852808227534,Jati Sari,Buahbatu,9513,107.65948181732432,-6.933636309125829,Soekarno Hatta,0.0024232107542493,23.05200390517436
1667839484,64.11409798307234,Jati Sari,Buahbatu,9513,107.6595739000051,-6.933684999999105,Soekarno Hatta,0.0024232107542493,23.05200390517436
1667839483,59.38532731126958,Jati Sari,Buahbatu,9513,107.65966599885158,-6.933733667323188,Soekarno Hatta,0.0024232107542493,23.05200390517436
1667839483,50.2610631441286,Jati Sari,Buahbatu,9513,107.65978111290042,-6.933794519974845,Soekarno Hatta,0.0024232107542493,23.05200390517436
1667839483,46.09496736556947,Jati Sari,Buahbatu,9513,107.65985018268584,-6.933830990872393,Soekarno Hatta,0.0024232107542493,23.05200390517436
1667839483,42.07839948289313,Jati Sari,Buahbatu,9513,107.65998828804832,-6.933904027647204,Soekarno Hatta,0.0024232107542493,23.05200390517436
1667839483,44.87012208921416,Jati Sari,Buahbatu,9513,107.66012641847028,-6.933977041806076,Soekarno Hatta,0.0024232107542493,23.05200390517436
1667839809,33.32957543656952,Jati Sari,Buahbatu,9513,107.66031060000508,-6.934074399999109,Soekarno Hatta,0.0024232107542493,23.05200390517436
1667839809,24.767200929422568,Jati Sari,Buahbatu,9513,107.66040269885156,-6.934123067323197,Soekarno Hatta,0.0024232107542493,23.05200390517436
1667839809,19.529323101623,Jati Sari,Buahbatu,9513,107.66049478268616,-6.934171740881612,Soekarno Hatta,0.0024232107542493,23.05200390517436
1667839809,20.3638191618628,Jati Sari,Buahbatu,9513,107.66058685115074,-6.934220432679908,Soekarno Hatta,0.0024232107542493,23.05200390517436
1667839809,26.709199907702924,Jati Sari,Buahbatu,9513,107.66067891732436,-6.934269109125812,Soekarno Hatta,0.0024232107542493,23.05200390517436
1667840092,26.859672547201985,Jati Sari,Buahbatu,9513,107.66077099885158,-6.9343177673231615,Soekarno Hatta,0.0024232107542493,23.05200390517436
1667840092,20.451157935157944,Jati Sari,Buahbatu,9513,107.66086310000507,-6.934366449999123,Soekarno Hatta,0.0024232107542493,23.05200390517436
13668173452,28.240907106170248,Jati Sari,Buahbatu,9513,107.6611393500051,-6.934512499999119,Soekarno Hatta,0.0024232107542493,23.05200390517436
5031769868,19.191159125602784,Jati Sari,Buahbatu,9513,107.66223900000566,-6.935093749997717,Soekarno Hatta,0.0024232107542493,23.05200390517436
5031769868,27.09425481036052,Jati Sari,Buahbatu,9513,107.66209848388247,-6.935019437414817,Soekarno Hatta,0.0024232107542493,23.05200390517436
5031769868,22.945102489522785,Jati Sari,Buahbatu,9513,107.662353200006,-6.935154099996868,Soekarno Hatta,0.0024232107542493,23.05200390517436
1667840204,23.067869731440634,Jati Sari,Buahbatu,9513,107.66245859719548,-6.935209835861387,Soekarno Hatta,0.0024232107542493,23.05200390517436
1667840204,21.668372496782805,Jati Sari,Buahbatu,9513,107.66264304788618,-6.935307317704709,Soekarno Hatta,0.0024232107542493,23.05200390517436
1667840204,19.36395476125736,Jati Sari,Buahbatu,9513,107.66253765000468,-6.935251600000151,Soekarno Hatta,0.0024232107542493,23.05200390517436
5031769868,27.14970242572064,Jati Sari,Buahbatu,9513,107.66240590281652,-6.935181964132321,Soekarno Hatta,0.0024232107542493,23.05200390517436
5031769868,20.069001833690383,Jati Sari,Buahbatu,9513,107.662300500006,-6.935126249996844,Soekarno Hatta,0.0024232107542493,23.05200390517436
1667840192,30.293466816292515,Jati Sari,Buahbatu,9513,107.6620106177098,-6.93497300766105,Soekarno Hatta,0.0024232107542493,23.05200390517436
1667840192,21.710459086374808,Jati Sari,Buahbatu,9513,107.66190520000468,-6.934917300000147,Soekarno Hatta,0.0024232107542493,23.05200390517436
1667840192,19.3079627928907,Jati Sari,Buahbatu,9513,107.66179980000469,-6.934861600000169,Soekarno Hatta,0.0024232107542493,23.05200390517436
1667840192,24.94074984532068,Jati Sari,Buahbatu,9513,107.66169440211598,-6.934805882299712,Soekarno Hatta,0.0024232107542493,23.05200390517436
13668173452,31.49942901299138,Jati Sari,Buahbatu,9513,107.66158900000468,-6.934750150000157,Soekarno Hatta,0.0024232107542493,23.05200390517436
1667840192,21.908393360241803,Jati Sari,Buahbatu,9513,107.66179422952824,-6.935217140029001,Soekarno Hatta,0.0024232107542493,23.05200390517436
5031769868,22.81064940415544,Jati Sari,Buahbatu,9513,107.6619782024423,-6.935326580440036,Soekarno Hatta,0.0024232107542493,23.05200390517436
1667840192,28.19686800979841,Jati Sari,Buahbatu,9513,107.66187937537958,-6.935240789500818,Soekarno Hatta,0.0024232107542493,23.05200390517436
5031769868,17.22130306192702,Jati Sari,Buahbatu,9513,107.66204460000203,-6.93534419999721,Soekarno Hatta,0.0024232107542493,23.05200390517436
5031769868,21.67471987002485,Jati Sari,Buahbatu,9513,107.6622192946356,-6.935443120702685,Soekarno Hatta,0.0024232107542493,23.05200390517436
1667840204,15.182793342545242,Jati Sari,Buahbatu,9513,107.66235920000176,-6.935480799999917,Soekarno Hatta,0.0024232107542493,23.05200390517436
1667840204,19.968077642472625,Jati Sari,Buahbatu,9513,107.662560584069,-6.93557896860802,Soekarno Hatta,0.0024232107542493,23.05200390517436
13668173452,16.474438345875175,Jati Sari,Buahbatu,9513,107.66124600000468,-6.934569150000153,Soekarno Hatta,0.0024232107542493,23.05200390517436
13668173452,18.92526277920573,Jati Sari,Buahbatu,9513,107.66148000000469,-6.934690950000166,Soekarno Hatta,0.0024232107542493,23.05200390517436
7672683244,70.65586017052331,Cisaranten Endah,Arcamanik,21356,107.67332655000112,-6.929911150000708,Soekarno Hatta,0.0024232107542493,51.75008886774977
7672683244,60.11834413251617,Cisaranten Endah,Arcamanik,21356,107.67322730000112,-6.929891500000696,Soekarno Hatta,0.0024232107542493,51.75008886774977
7672683244,46.19229370987373,Cisaranten Endah,Arcamanik,21356,107.67317470000113,-6.929699149997776,Soekarno Hatta,0.0024232107542493,51.75008886774977
9189377337,76.78797616101969,Cisaranten Endah,Arcamanik,21356,107.67462891670604,-6.935009669409657,Soekarno Hatta,0.0024232107542493,51.75008886774977
9189377337,73.32221035643774,Cisaranten Endah,Arcamanik,21356,107.67457588330085,-6.934990330583637,Soekarno Hatta,0.0024232107542493,51.75008886774977
9189377337,70.23285620732483,Cisaranten Endah,Arcamanik,21356,107.67452281670604,-6.934971069409671,Soekarno Hatta,0.0024232107542493,51.75008886774977
9189377337,67.59201546431888,Cisaranten Endah,Arcamanik,21356,107.6744697832701,-6.934951697286185,Soekarno Hatta,0.0024232107542493,51.75008886774977
9189377337,65.43176370098733,Cisaranten Endah,Arcamanik,21356,107.67441671670603,-6.934932419425355,Soekarno Hatta,0.0024232107542493,51.75008886774977
9189377337,63.81851086610522,Cisaranten Endah,Arcamanik,21356,107.67436370000344,-6.934913099996649,Soekarno Hatta,0.0024232107542493,51.75008886774977
9189377337,62.78676548666509,Cisaranten Endah,Arcamanik,21356,107.67431068330085,-6.934893780567912,Soekarno Hatta,0.0024232107542493,51.75008886774977
9189377337,62.35739329468201,Cisaranten Endah,Arcamanik,21356,107.67425761670604,-6.934874519425346,Soekarno Hatta,0.0024232107542493,51.75008886774977
9189377337,79.96870789708969,Cisaranten Endah,Arcamanik,21356,107.6742611817652,-6.934707750254309,Soekarno Hatta,0.0024232107542493,51.75008886774977
9189377337,79.86055823636198,Cisaranten Endah,Arcamanik,21356,107.67431400074484,-6.934726732524069,Soekarno Hatta,0.0024232107542493,51.75008886774977
9189377337,80.2385796051458,Cisaranten Endah,Arcamanik,21356,107.67436681748812,-6.934745667240924,Soekarno Hatta,0.0024232107542493,51.75008886774977
9189377337,81.09520494053169,Cisaranten Endah,Arcamanik,21356,107.67441964925,-6.934764567483174,Soekarno Hatta,0.0024232107542493,51.75008886774977
9189377337,82.40726338415966,Cisaranten Endah,Arcamanik,21356,107.67447248327042,-6.934783515284725,Soekarno Hatta,0.0024232107542493,51.75008886774977
9189377337,84.15784233476924,Cisaranten Endah,Arcamanik,21356,107.6745253000026,-6.934802449997571,Soekarno Hatta,0.0024232107542493,51.75008886774977
9189377337,86.319978445692,Cisaranten Endah,Arcamanik,21356,107.67457811673476,-6.9348213847104345,Soekarno Hatta,0.0024232107542493,51.75008886774977
9189377337,88.86399582015092,Cisaranten Endah,Arcamanik,21356,107.67463095075516,-6.93484033251198,Soekarno Hatta,0.0024232107542493,51.75008886774977
5346598214,106.46688853037492,Cisaranten Endah,Arcamanik,21356,107.67481571873772,-6.934427202702762,Soekarno Hatta,0.0024232107542493,51.75008886774977
5346598214,110.04738012995702,Cisaranten Endah,Arcamanik,21356,107.67478878126262,-6.93449669730461,Soekarno Hatta,0.0024232107542493,51.75008886774977
5346598214,114.11557529233428,Cisaranten Endah,Arcamanik,21356,107.67476181873772,-6.934566202702759,Soekarno Hatta,0.0024232107542493,51.75008886774977
9189377337,113.19102172300204,Cisaranten Endah,Arcamanik,21356,107.67473485000018,-6.934635700003699,Soekarno Hatta,0.0024232107542493,51.75008886774977
5346598216,65.71549317017842,Cisaranten Endah,Arcamanik,21356,107.67531146259726,-6.933939130234473,Soekarno Hatta,0.0024232107542493,51.75008886774977
5346598216,66.31053960750198,Cisaranten Endah,Arcamanik,21356,107.67529233740366,-6.934002369771753,Soekarno Hatta,0.0024232107542493,51.75008886774977
5346598214,65.96277945342726,Cisaranten Endah,Arcamanik,21356,107.67527325000049,-6.934065600003107,Soekarno Hatta,0.0024232107542493,51.75008886774977
5346598214,110.20651379891834,Cisaranten Endah,Arcamanik,21356,107.67482055000188,-6.934105999998097,Soekarno Hatta,0.0024232107542493,51.75008886774977
5346598214,103.08910376166142,Cisaranten Endah,Arcamanik,21356,107.67488215000186,-6.934124649998116,Soekarno Hatta,0.0024232107542493,51.75008886774977
5346598214,95.9720977681811,Cisaranten Endah,Arcamanik,21356,107.67494375242195,-6.934143280803878,Soekarno Hatta,0.0024232107542493,51.75008886774977
5346598214,88.86102855504235,Cisaranten Endah,Arcamanik,21356,107.67500529759064,-6.934161919185615,Soekarno Hatta,0.0024232107542493,51.75008886774977
5346598214,81.74953278314328,Cisaranten Endah,Arcamanik,21356,107.67506685000188,-6.934180549998123,Soekarno Hatta,0.0024232107542493,51.75008886774977
5346598214,62.24925461749309,Cisaranten Endah,Arcamanik,21356,107.67521470000209,-6.934373199997475,Soekarno Hatta,0.0024232107542493,51.75008886774977
5346598214,68.38338720634536,Cisaranten Endah,Arcamanik,21356,107.67515973144432,-6.934356682323172,Soekarno Hatta,0.0024232107542493,51.75008886774977
5346598214,74.55404034857864,Cisaranten Endah,Arcamanik,21356,107.67510475159293,-6.934340231427832,Soekarno Hatta,0.0024232107542493,51.75008886774977
5346598214,80.7546643872808,Cisaranten Endah,Arcamanik,21356,107.67504975000207,-6.934323749997461,Soekarno Hatta,0.0024232107542493,51.75008886774977
5346598214,86.97686970333923,Cisaranten Endah,Arcamanik,21356,107.67499475000206,-6.934307249997474,Soekarno Hatta,0.0024232107542493,51.75008886774977
5346598214,93.21411245978705,Cisaranten Endah,Arcamanik,21356,107.67493976855948,-6.934290767656494,Soekarno Hatta,0.0024232107542493,51.75008886774977
5346598214,99.46441818998696,Cisaranten Endah,Arcamanik,21356,107.67488480000208,-6.934274249997468,Soekarno Hatta,0.0024232107542493,51.75008886774977
5346598214,105.72951118123996,Cisaranten Endah,Arcamanik,21356,107.67482980000209,-6.9342577499974585,Soekarno Hatta,0.0024232107542493,51.75008886774977
5346598216,49.12648710736696,Cisaranten Endah,Arcamanik,21356,107.67545606904012,-6.933979002119914,Soekarno Hatta,0.0024232107542493,51.75008886774977
5346598216,49.75971185706539,Cisaranten Endah,Arcamanik,21356,107.6754385160481,-6.93403708097598,Soekarno Hatta,0.0024232107542493,51.75008886774977
5346598214,50.76702779095194,Cisaranten Endah,Arcamanik,21356,107.67542088395264,-6.934095119033217,Soekarno Hatta,0.0024232107542493,51.75008886774977
5346598214,48.62629757455299,Cisaranten Endah,Arcamanik,21356,107.67540333096063,-6.934153197889262,Soekarno Hatta,0.0024232107542493,51.75008886774977
5346598214,47.35273040447394,Cisaranten Endah,Arcamanik,21356,107.6753857500004,-6.934211250004577,Soekarno Hatta,0.0024232107542493,51.75008886774977
5346598214,47.01433091983651,Cisaranten Endah,Arcamanik,21356,107.6753681500004,-6.934269300004584,Soekarno Hatta,0.0024232107542493,51.75008886774977
5346598214,47.62696351609173,Cisaranten Endah,Arcamanik,21356,107.67535056903256,-6.93432735211095,Soekarno Hatta,0.0024232107542493,51.75008886774977
5346598214,49.15570632532284,Cisaranten Endah,Arcamanik,21356,107.67533300000038,-6.934385400004596,Soekarno Hatta,0.0024232107542493,51.75008886774977
5346598216,46.74187304363903,Cisaranten Endah,Arcamanik,21356,107.67556855000169,-6.933815549998319,Soekarno Hatta,0.0024232107542493,51.75008886774977
5346598216,53.4430771559908,Cisaranten Endah,Arcamanik,21356,107.67550496957176,-6.933797164096233,Soekarno Hatta,0.0024232107542493,51.75008886774977
5346598216,60.289108604231735,Cisaranten Endah,Arcamanik,21356,107.67544140000167,-6.933778749998317,Soekarno Hatta,0.0024232107542493,51.75008886774977
5346598216,67.23798264916431,Cisaranten Endah,Arcamanik,21356,107.67537783043568,-6.933760285910157,Soekarno Hatta,0.0024232107542493,51.75008886774977
5346598216,74.25774648187556,Cisaranten Endah,Arcamanik,21356,107.67531425000168,-6.93374184999835,Soekarno Hatta,0.0024232107542493,51.75008886774977
5346598216,81.33051841056118,Cisaranten Endah,Arcamanik,21356,107.67525065000169,-6.933723449998345,Soekarno Hatta,0.0024232107542493,51.75008886774977
5346598216,88.4438807765253,Cisaranten Endah,Arcamanik,21356,107.67518705000168,-6.933705049998327,Soekarno Hatta,0.0024232107542493,51.75008886774977
5346598216,95.58877221126728,Cisaranten Endah,Arcamanik,21356,107.67512345000166,-6.933686649998331,Soekarno Hatta,0.0024232107542493,51.75008886774977
5346598216,102.7586161760313,Cisaranten Endah,Arcamanik,21356,107.67505985000167,-6.933668249998326,Soekarno Hatta,0.0024232107542493,51.75008886774977
5346598216,109.95101612630678,Cisaranten Endah,Arcamanik,21356,107.67499625000168,-6.933649799998331,Soekarno Hatta,0.0024232107542493,51.75008886774977
5346598216,117.15967871067927,Cisaranten Endah,Arcamanik,21356,107.67493265000168,-6.933631349998318,Soekarno Hatta,0.0024232107542493,51.75008886774977
5346598216,136.73092507722347,Cisaranten Endah,Arcamanik,21356,107.67477245000084,-6.933556150003908,Soekarno Hatta,0.0024232107542493,51.75008886774977
5346598216,135.37801455782252,Cisaranten Endah,Arcamanik,21356,107.67475255000082,-6.933630400003909,Soekarno Hatta,0.0024232107542493,51.75008886774977
5346598216,134.54972852286411,Cisaranten Endah,Arcamanik,21356,107.67473266706912,-6.9337046165536265,Soekarno Hatta,0.0024232107542493,51.75008886774977
5346598216,134.2514750273344,Cisaranten Endah,Arcamanik,21356,107.67471281258815,-6.933778879671791,Soekarno Hatta,0.0024232107542493,51.75008886774977
5346598214,133.55642950789462,Cisaranten Endah,Arcamanik,21356,107.67469290773889,-6.9338531241239645,Soekarno Hatta,0.0024232107542493,51.75008886774977
5346598214,132.17618625344744,Cisaranten Endah,Arcamanik,21356,107.67467306259958,-6.933927379671036,Soekarno Hatta,0.0024232107542493,51.75008886774977
5346598214,131.3417000782221,Cisaranten Endah,Arcamanik,21356,107.67465315000082,-6.934001600003923,Soekarno Hatta,0.0024232107542493,51.75008886774977
5346598214,131.05262249421705,Cisaranten Endah,Arcamanik,21356,107.6746332500008,-6.934075850003926,Soekarno Hatta,0.0024232107542493,51.75008886774977
5346598214,131.31511490548107,Cisaranten Endah,Arcamanik,21356,107.67461335000084,-6.93415010000392,Soekarno Hatta,0.0024232107542493,51.75008886774977
5346598214,132.1277097190005,Cisaranten Endah,Arcamanik,21356,107.67459343740208,-6.934224320336795,Soekarno Hatta,0.0024232107542493,51.75008886774977
5346598214,133.4737260975958,Cisaranten Endah,Arcamanik,21356,107.67457356259958,-6.9342985796710455,Soekarno Hatta,0.0024232107542493,51.75008886774977
9189377337,126.37986288987815,Cisaranten Endah,Arcamanik,21356,107.67455365000082,-6.934372800003934,Soekarno Hatta,0.0024232107542493,51.75008886774977
9189377337,118.03691084641152,Cisaranten Endah,Arcamanik,21356,107.67453375000083,-6.934447050003918,Soekarno Hatta,0.0024232107542493,51.75008886774977
9189377337,109.71908141463204,Cisaranten Endah,Arcamanik,21356,107.67451385000082,-6.934521300003928,Soekarno Hatta,0.0024232107542493,51.75008886774977
5346598789,149.1541107121223,Cisaranten Endah,Arcamanik,21356,107.67467565000086,-6.933392300003516,Soekarno Hatta,0.0024232107542493,51.75008886774977
5346598216,152.6438189818129,Cisaranten Endah,Arcamanik,21356,107.67465450000084,-6.933470250003523,Soekarno Hatta,0.0024232107542493,51.75008886774977
5346598216,151.06314395025996,Cisaranten Endah,Arcamanik,21356,107.67463340000084,-6.933548200003521,Soekarno Hatta,0.0024232107542493,51.75008886774977
5346598216,149.9994641255323,Cisaranten Endah,Arcamanik,21356,107.67461227956017,-6.933626195797394,Soekarno Hatta,0.0024232107542493,51.75008886774977
5346598216,149.46779669215923,Cisaranten Endah,Arcamanik,21356,107.67459112044152,-6.933704204209644,Soekarno Hatta,0.0024232107542493,51.75008886774977
5346598214,149.21911286166085,Cisaranten Endah,Arcamanik,21356,107.67457000000084,-6.933782200003503,Soekarno Hatta,0.0024232107542493,51.75008886774977
5346598214,147.71494113250637,Cisaranten Endah,Arcamanik,21356,107.67454890000084,-6.933860200003531,Soekarno Hatta,0.0024232107542493,51.75008886774977
5346598214,146.74346457527582,Cisaranten Endah,Arcamanik,21356,107.67452777956017,-6.93393819579741,Soekarno Hatta,0.0024232107542493,51.75008886774977
5346598214,146.3167392811817,Cisaranten Endah,Arcamanik,21356,107.67450662044152,-6.934016204209617,Soekarno Hatta,0.0024232107542493,51.75008886774977
5346598214,146.43224433275796,Cisaranten Endah,Arcamanik,21356,107.67448550000084,-6.934094200003531,Soekarno Hatta,0.0024232107542493,51.75008886774977
9189377337,143.26335530937072,Cisaranten Endah,Arcamanik,21356,107.67446440000084,-6.934172150003532,Soekarno Hatta,0.0024232107542493,51.75008886774977
9189377337,134.34081296642245,Cisaranten Endah,Arcamanik,21356,107.67444325000083,-6.93425010000353,Soekarno Hatta,0.0024232107542493,51.75008886774977
9189377337,125.41521526979488,Cisaranten Endah,Arcamanik,21356,107.67442210000088,-6.934328100003514,Soekarno Hatta,0.0024232107542493,51.75008886774977
9189377337,116.49413193457043,Cisaranten Endah,Arcamanik,21356,107.67440100000084,-6.93440610000353,Soekarno Hatta,0.0024232107542493,51.75008886774977
9189377337,107.57616397701555,Cisaranten Endah,Arcamanik,21356,107.67437987956016,-6.934484095797416,Soekarno Hatta,0.0024232107542493,51.75008886774977
9189377337,98.6597573793367,Cisaranten Endah,Arcamanik,21356,107.67435872044156,-6.934562104209618,Soekarno Hatta,0.0024232107542493,51.75008886774977
5346598216,140.2198502509659,Cisaranten Endah,Arcamanik,21356,107.67479474528956,-6.933448420332045,Soekarno Hatta,0.0024232107542493,51.75008886774977
5346598216,130.49563390402963,Cisaranten Endah,Arcamanik,21356,107.67488240472166,-6.933473479663906,Soekarno Hatta,0.0024232107542493,51.75008886774977
5346598216,120.82845929836463,Cisaranten Endah,Arcamanik,21356,107.67497009528172,-6.93349852033513,Soekarno Hatta,0.0024232107542493,51.75008886774977
5346598216,111.23725269783644,Cisaranten Endah,Arcamanik,21356,107.6750577547138,-6.933523579666999,Soekarno Hatta,0.0024232107542493,51.75008886774977
5346598216,101.7440550468586,Cisaranten Endah,Arcamanik,21356,107.67514539528172,-6.933548620335109,Soekarno Hatta,0.0024232107542493,51.75008886774977
5346598216,92.37240477531044,Cisaranten Endah,Arcamanik,21356,107.67523305471384,-6.933573679667011,Soekarno Hatta,0.0024232107542493,51.75008886774977
5346598216,83.1676377060008,Cisaranten Endah,Arcamanik,21356,107.67532070000168,-6.933598749999531,Soekarno Hatta,0.0024232107542493,51.75008886774977
5346598216,74.19083924191402,Cisaranten Endah,Arcamanik,21356,107.67540837966853,-6.933623789883555,Soekarno Hatta,0.0024232107542493,51.75008886774977
5346598216,65.53725574617033,Cisaranten Endah,Arcamanik,21356,107.6754960203299,-6.933648860108725,Soekarno Hatta,0.0024232107542493,51.75008886774977
5346598216,57.35213910949251,Cisaranten Endah,Arcamanik,21356,107.67558370000168,-6.93367389999953,Soekarno Hatta,0.0024232107542493,51.75008886774977
5346598214,26.531797993063773,Cisaranten Endah,Arcamanik,21356,107.67557755000078,-6.934251500001095,Soekarno Hatta,0.0024232107542493,51.75008886774977
5346598214,51.52424968243084,Cisaranten Endah,Arcamanik,21356,107.67531540000036,-6.934443500004579,Soekarno Hatta,0.0024232107542493,51.75008886774977
5346598214,64.39559845878198,Cisaranten Endah,Arcamanik,21356,107.67525416259728,-6.934128830234474,Soekarno Hatta,0.0024232107542493,51.75008886774977
5346598214,74.63253590207997,Cisaranten Endah,Arcamanik,21356,107.67512845000186,-6.934199199998109,Soekarno Hatta,0.0024232107542493,51.75008886774977
5346598214,112.00104751923892,Cisaranten Endah,Arcamanik,21356,107.67477483144468,-6.934241232338427,Soekarno Hatta,0.0024232107542493,51.75008886774977
5346598216,49.8683119794545,Cisaranten Endah,Arcamanik,21356,107.67567135000168,-6.9336989499995,Soekarno Hatta,0.0024232107542493,51.75008886774977
5346598216,124.37939812553132,Cisaranten Endah,Arcamanik,21356,107.67486905000167,-6.933612949998323,Soekarno Hatta,0.0024232107542493,51.75008886774977
9189377337,101.4325551660576,Cisaranten Endah,Arcamanik,21356,107.67449395000082,-6.934595550003927,Soekarno Hatta,0.0024232107542493,51.75008886774977
9189377337,105.49960085723848,Cisaranten Endah,Arcamanik,21356,107.67470788126262,-6.934705197304617,Soekarno Hatta,0.0024232107542493,51.75008886774977
9189377337,91.7613436554512,Cisaranten Endah,Arcamanik,21356,107.67468378251708,-6.934859232754261,Soekarno Hatta,0.0024232107542493,51.75008886774977
9189377337,62.56063866078833,Cisaranten Endah,Arcamanik,21356,107.67420458330082,-6.934855180567943,Soekarno Hatta,0.0024232107542493,51.75008886774977
13233908921,72.15989716530729,Cisaranten Endah,Arcamanik,21356,107.6735244500017,-6.933606999999242,Soekarno Hatta,0.0024232107542493,51.75008886774977
13233908921,64.45892636466768,Cisaranten Endah,Arcamanik,21356,107.67343637054164,-6.93358351068659,Soekarno Hatta,0.0024232107542493,51.75008886774977
11201566004,69.13577998054822,Cisaranten Endah,Arcamanik,21356,107.67335606928977,-6.933405916693317,Soekarno Hatta,0.0024232107542493,51.75008886774977
13233908921,72.9160532257906,Cisaranten Endah,Arcamanik,21356,107.67341750000196,-6.933422799997396,Soekarno Hatta,0.0024232107542493,51.75008886774977
13233908921,77.00992543152189,Cisaranten Endah,Arcamanik,21356,107.67347890000195,-6.933439699997392,Soekarno Hatta,0.0024232107542493,51.75008886774977
13233908921,81.51158229806424,Cisaranten Endah,Arcamanik,21356,107.67354033071416,-6.933456583301496,Soekarno Hatta,0.0024232107542493,51.75008886774977
11201566004,100.70783210341988,Cisaranten Endah,Arcamanik,21356,107.6736518000015,-6.933274599998953,Soekarno Hatta,0.0024232107542493,51.75008886774977
11201566004,92.77481940461864,Cisaranten Endah,Arcamanik,21356,107.673579379805,-6.933254488115617,Soekarno Hatta,0.0024232107542493,51.75008886774977
11201566004,84.91311959965033,Cisaranten Endah,Arcamanik,21356,107.67350695000144,-6.933234399998952,Soekarno Hatta,0.0024232107542493,51.75008886774977
11201566004,77.14941421417336,Cisaranten Endah,Arcamanik,21356,107.67343455000146,-6.933214299998945,Soekarno Hatta,0.0024232107542493,51.75008886774977
11201566004,69.50774462791817,Cisaranten Endah,Arcamanik,21356,107.67336212020294,-6.93319426189031,Soekarno Hatta,0.0024232107542493,51.75008886774977
13233908921,113.12150778786248,Cisaranten Endah,Arcamanik,21356,107.6737755683661,-6.933294165662297,Soekarno Hatta,0.0024232107542493,51.75008886774977
13233908921,107.29265025403558,Cisaranten Endah,Arcamanik,21356,107.67376223163552,-6.933372734340509,Soekarno Hatta,0.0024232107542493,51.75008886774977
13233908921,101.89563619658638,Cisaranten Endah,Arcamanik,21356,107.67374889059154,-6.93345127223936,Soekarno Hatta,0.0024232107542493,51.75008886774977
13233908921,97.00424927615396,Cisaranten Endah,Arcamanik,21356,107.67373558716892,-6.933529821195745,Soekarno Hatta,0.0024232107542493,51.75008886774977
13233908921,92.6904788295596,Cisaranten Endah,Arcamanik,21356,107.67372224060234,-6.933608372238211,Soekarno Hatta,0.0024232107542493,51.75008886774977
13233908921,89.04713888347747,Cisaranten Endah,Arcamanik,21356,107.6737089316355,-6.933686934340501,Soekarno Hatta,0.0024232107542493,51.75008886774977
13233908921,86.15228841616666,Cisaranten Endah,Arcamanik,21356,107.67369559059154,-6.933765472239353,Soekarno Hatta,0.0024232107542493,51.75008886774977
13233908921,79.04540908770724,Cisaranten Endah,Arcamanik,21356,107.6736278500013,-6.93397010000043,Soekarno Hatta,0.0024232107542493,51.75008886774977
13233908921,69.5166810115626,Cisaranten Endah,Arcamanik,21356,107.6735450500013,-6.9339409500004425,Soekarno Hatta,0.0024232107542493,51.75008886774977
13233908921,60.05151729970835,Cisaranten Endah,Arcamanik,21356,107.6734623000013,-6.93391185000042,Soekarno Hatta,0.0024232107542493,51.75008886774977
13887852743,87.03552274658365,Cisaranten Endah,Arcamanik,21356,107.67366915000208,-6.934142699998551,Soekarno Hatta,0.0024232107542493,51.75008886774977
13233908921,81.05221263481101,Cisaranten Endah,Arcamanik,21356,107.67360605000206,-6.934120499998558,Soekarno Hatta,0.0024232107542493,51.75008886774977
13233908921,73.65775777170775,Cisaranten Endah,Arcamanik,21356,107.67354295000206,-6.934098299998553,Soekarno Hatta,0.0024232107542493,51.75008886774977
13233908921,66.26405499777594,Cisaranten Endah,Arcamanik,21356,107.67347985000208,-6.934076099998551,Soekarno Hatta,0.0024232107542493,51.75008886774977
13233908921,58.87138765366396,Cisaranten Endah,Arcamanik,21356,107.67341675000206,-6.934053899998551,Soekarno Hatta,0.0024232107542493,51.75008886774977
13887852743,51.56459265485638,Cisaranten Endah,Arcamanik,21356,107.67333321406412,-6.934211181463668,Soekarno Hatta,0.0024232107542493,51.75008886774977
13887852743,46.40332634945644,Cisaranten Endah,Arcamanik,21356,107.67331436741316,-6.934263916570503,Soekarno Hatta,0.0024232107542493,51.75008886774977
13887852743,41.52570968127627,Cisaranten Endah,Arcamanik,21356,107.67329553258698,-6.9343166834359655,Soekarno Hatta,0.0024232107542493,51.75008886774977
13887852743,37.04579329223415,Cisaranten Endah,Arcamanik,21356,107.67327668593605,-6.934369418542798,Soekarno Hatta,0.0024232107542493,51.75008886774977
13887852743,33.129256044077074,Cisaranten Endah,Arcamanik,21356,107.67325789551175,-6.934422179495302,Soekarno Hatta,0.0024232107542493,51.75008886774977
13887852743,29.981223248250497,Cisaranten Endah,Arcamanik,21356,107.67323900448838,-6.93447492051118,Soekarno Hatta,0.0024232107542493,51.75008886774977
13887852743,59.22038181029632,Cisaranten Endah,Arcamanik,21356,107.67344220000015,-6.93425140000249,Soekarno Hatta,0.0024232107542493,51.75008886774977
13887852743,54.74672586466713,Cisaranten Endah,Arcamanik,21356,107.67342313105344,-6.93430484735063,Soekarno Hatta,0.0024232107542493,51.75008886774977
13887852743,50.65639211517612,Cisaranten Endah,Arcamanik,21356,107.67340405000016,-6.934358300002474,Soekarno Hatta,0.0024232107542493,51.75008886774977
13887852743,47.05247702971968,Cisaranten Endah,Arcamanik,21356,107.67338496893964,-6.934411702642862,Soekarno Hatta,0.0024232107542493,51.75008886774977
13887852743,44.05660804889385,Cisaranten Endah,Arcamanik,21356,107.67336593106069,-6.93446509736213,Soekarno Hatta,0.0024232107542493,51.75008886774977
13887852743,41.78916873898671,Cisaranten Endah,Arcamanik,21356,107.67334685000016,-6.934518500002486,Soekarno Hatta,0.0024232107542493,51.75008886774977
13887852743,73.8075828450519,Cisaranten Endah,Arcamanik,21356,107.67359868093322,-6.934280547096846,Soekarno Hatta,0.0024232107542493,51.75008886774977
13887852743,69.81422228777632,Cisaranten Endah,Arcamanik,21356,107.67357850727298,-6.934337021976941,Soekarno Hatta,0.0024232107542493,51.75008886774977
13887852743,66.25306663922937,Cisaranten Endah,Arcamanik,21356,107.67355839272744,-6.934393478028027,Soekarno Hatta,0.0024232107542493,51.75008886774977
13887852743,63.18251127884181,Cisaranten Endah,Arcamanik,21356,107.67353821906718,-6.934449952908156,Soekarno Hatta,0.0024232107542493,51.75008886774977
13887852743,60.684165622693314,Cisaranten Endah,Arcamanik,21356,107.67351803820222,-6.934506419069982,Soekarno Hatta,0.0024232107542493,51.75008886774977
13887852743,58.83758936237898,Cisaranten Endah,Arcamanik,21356,107.67349791181032,-6.934562880930448,Soekarno Hatta,0.0024232107542493,51.75008886774977
13887852743,70.19014270403842,Cisaranten Endah,Arcamanik,21356,107.67358390000004,-6.934660900002733,Soekarno Hatta,0.0024232107542493,51.75008886774977
13887852743,70.92441471969178,Cisaranten Endah,Arcamanik,21356,107.67360110000006,-6.934612700002738,Soekarno Hatta,0.0024232107542493,51.75008886774977
13887852743,72.09889855973773,Cisaranten Endah,Arcamanik,21356,107.67361831853565,-6.934564451967833,Soekarno Hatta,0.0024232107542493,51.75008886774977
13887852743,73.69681952896859,Cisaranten Endah,Arcamanik,21356,107.6736355814736,-6.934516198049581,Soekarno Hatta,0.0024232107542493,51.75008886774977
13887852743,94.33284717767228,Cisaranten Endah,Arcamanik,21356,107.67382205,-6.934524300003692,Soekarno Hatta,0.0024232107542493,51.75008886774977
13887852743,92.65606524251308,Cisaranten Endah,Arcamanik,21356,107.67380403367471,-6.934574833304228,Soekarno Hatta,0.0024232107542493,51.75008886774977
9189377337,90.78671602122506,Cisaranten Endah,Arcamanik,21356,107.67378596632524,-6.9346253667031625,Soekarno Hatta,0.0024232107542493,51.75008886774977
9189377337,86.23667787523193,Cisaranten Endah,Arcamanik,21356,107.67376794999998,-6.934675900003677,Soekarno Hatta,0.0024232107542493,51.75008886774977
9189377337,65.06060670311581,Cisaranten Endah,Arcamanik,21356,107.67407395000156,-6.934812799998563,Soekarno Hatta,0.0024232107542493,51.75008886774977
9189377337,66.81312456131339,Cisaranten Endah,Arcamanik,21356,107.67402960000156,-6.934797199998564,Soekarno Hatta,0.0024232107542493,51.75008886774977
9189377337,68.91424538609752,Cisaranten Endah,Arcamanik,21356,107.6739852500016,-6.934781599998561,Soekarno Hatta,0.0024232107542493,51.75008886774977
9189377337,71.33415059894342,Cisaranten Endah,Arcamanik,21356,107.67394085000156,-6.934765999998559,Soekarno Hatta,0.0024232107542493,51.75008886774977
9189377337,74.04137986570585,Cisaranten Endah,Arcamanik,21356,107.6738964500016,-6.934750399998561,Soekarno Hatta,0.0024232107542493,51.75008886774977
9189377337,88.98261437713253,Cisaranten Endah,Arcamanik,21356,107.67389669933912,-6.934612067412042,Soekarno Hatta,0.0024232107542493,51.75008886774977
9189377337,86.4444335848683,Cisaranten Endah,Arcamanik,21356,107.67394090000192,-6.934627649998139,Soekarno Hatta,0.0024232107542493,51.75008886774977
9189377337,84.1488026373059,Cisaranten Endah,Arcamanik,21356,107.67398515067688,-6.934643232571405,Soekarno Hatta,0.0024232107542493,51.75008886774977
9189377337,82.12253154094873,Cisaranten Endah,Arcamanik,21356,107.6740293993391,-6.934658767412017,Soekarno Hatta,0.0024232107542493,51.75008886774977
9189377337,80.37684843003497,Cisaranten Endah,Arcamanik,21356,107.67407360066468,-6.934674332584243,Soekarno Hatta,0.0024232107542493,51.75008886774977
13233908921,151.79656934720566,Cisaranten Endah,Arcamanik,21356,107.6742923500008,-6.93393700000325,Soekarno Hatta,0.0024232107542493,51.75008886774977
13233908921,150.30359513613956,Cisaranten Endah,Arcamanik,21356,107.6742723000008,-6.93401230000325,Soekarno Hatta,0.0024232107542493,51.75008886774977
9189377337,146.90879194444634,Cisaranten Endah,Arcamanik,21356,107.6742522500008,-6.9340876000032745,Soekarno Hatta,0.0024232107542493,51.75008886774977
9189377337,138.34218698612688,Cisaranten Endah,Arcamanik,21356,107.6742322000008,-6.934162900003253,Soekarno Hatta,0.0024232107542493,51.75008886774977
9189377337,129.7830608417131,Cisaranten Endah,Arcamanik,21356,107.6742121500008,-6.934238200003237,Soekarno Hatta,0.0024232107542493,51.75008886774977
13233908921,136.1657391436974,Cisaranten Endah,Arcamanik,21356,107.67415287019836,-6.933890453431617,Soekarno Hatta,0.0024232107542493,51.75008886774977
13233908921,134.62368796793558,Cisaranten Endah,Arcamanik,21356,107.67413535000068,-6.933956250003653,Soekarno Hatta,0.0024232107542493,51.75008886774977
13233908921,133.49125602322565,Cisaranten Endah,Arcamanik,21356,107.67411785000068,-6.934022000003663,Soekarno Hatta,0.0024232107542493,51.75008886774977
13233908921,132.7767761804736,Cisaranten Endah,Arcamanik,21356,107.67410035000069,-6.934087750003642,Soekarno Hatta,0.0024232107542493,51.75008886774977
13233908921,109.3983246332589,Cisaranten Endah,Arcamanik,21356,107.67389154694526,-6.93405386934639,Soekarno Hatta,0.0024232107542493,51.75008886774977
13233908921,101.99172717160376,Cisaranten Endah,Arcamanik,21356,107.67382740304843,-6.9340330306571625,Soekarno Hatta,0.0024232107542493,51.75008886774977
13233908921,94.5915636524013,Cisaranten Endah,Arcamanik,21356,107.67376324694528,-6.934012169346369,Soekarno Hatta,0.0024232107542493,51.75008886774977
13233908921,101.20284817450133,Cisaranten Endah,Arcamanik,21356,107.67383655000071,-6.933824350003195,Soekarno Hatta,0.0024232107542493,51.75008886774977
13233908921,103.53468145055244,Cisaranten Endah,Arcamanik,21356,107.67385305000072,-6.933759150003201,Soekarno Hatta,0.0024232107542493,51.75008886774977
13233908921,106.33826881878154,Cisaranten Endah,Arcamanik,21356,107.67386955000072,-6.93369390000319,Soekarno Hatta,0.0024232107542493,51.75008886774977
13233908921,109.5772210485544,Cisaranten Endah,Arcamanik,21356,107.67388605000072,-6.93362865000317,Soekarno Hatta,0.0024232107542493,51.75008886774977
13233908921,124.00699898938606,Cisaranten Endah,Arcamanik,21356,107.67393151923334,-6.93336966547441,Soekarno Hatta,0.0024232107542493,51.75008886774977
13233908921,128.7022871290577,Cisaranten Endah,Arcamanik,21356,107.67398565233684,-6.9333854807657325,Soekarno Hatta,0.0024232107542493,51.75008886774977
13233908921,133.5238649338656,Cisaranten Endah,Arcamanik,21356,107.67403978076908,-6.933401284506729,Soekarno Hatta,0.0024232107542493,51.75008886774977
13233908921,141.26414656102946,Cisaranten Endah,Arcamanik,21356,107.67419252056878,-6.933725054455369,Soekarno Hatta,0.0024232107542493,51.75008886774977
13233908921,145.4087622979768,Cisaranten Endah,Arcamanik,21356,107.6742173500012,-6.933631800004532,Soekarno Hatta,0.0024232107542493,51.75008886774977
13233908921,150.19968027292424,Cisaranten Endah,Arcamanik,21356,107.67424217943363,-6.933538545553725,Soekarno Hatta,0.0024232107542493,51.75008886774977
13233908921,170.1383216902953,Cisaranten Endah,Arcamanik,21356,107.6744132000011,-6.933479150002424,Soekarno Hatta,0.0024232107542493,51.75008886774977
13233908921,165.15894539109058,Cisaranten Endah,Arcamanik,21356,107.67438815000108,-6.933573250002421,Soekarno Hatta,0.0024232107542493,51.75008886774977
13233908921,160.74869253472406,Cisaranten Endah,Arcamanik,21356,107.67436310000112,-6.933667350002419,Soekarno Hatta,0.0024232107542493,51.75008886774977
5346598789,169.94291245552324,Cisaranten Endah,Arcamanik,21356,107.67445745000164,-6.93335745000017,Soekarno Hatta,0.0024232107542493,51.75008886774977
13233908921,169.335090561161,Cisaranten Endah,Arcamanik,21356,107.67435937054309,-6.933329958982531,Soekarno Hatta,0.0024232107542493,51.75008886774977
13233908921,160.34493927687018,Cisaranten Endah,Arcamanik,21356,107.67426133498292,-6.933302420487018,Soekarno Hatta,0.0024232107542493,51.75008886774977
13233908921,151.65261065667164,Cisaranten Endah,Arcamanik,21356,107.67416325000166,-6.933274900000197,Soekarno Hatta,0.0024232107542493,51.75008886774977
13233908921,143.3166469076077,Cisaranten Endah,Arcamanik,21356,107.67406515000168,-6.93324740000016,Soekarno Hatta,0.0024232107542493,51.75008886774977
13233908921,135.41044642503942,Cisaranten Endah,Arcamanik,21356,107.67396710000166,-6.933219900000183,Soekarno Hatta,0.0024232107542493,51.75008886774977
11201566004,125.20311652092605,Cisaranten Endah,Arcamanik,21356,107.67386904447557,-6.933192370543045,Soekarno Hatta,0.0024232107542493,51.75008886774977
11201566004,114.73648875925768,Cisaranten Endah,Arcamanik,21356,107.67377095000168,-6.933164850000166,Soekarno Hatta,0.0024232107542493,51.75008886774977
11201566004,104.44109716442988,Cisaranten Endah,Arcamanik,21356,107.67367290000168,-6.933137350000165,Soekarno Hatta,0.0024232107542493,51.75008886774977
11201566004,94.36785099515816,Cisaranten Endah,Arcamanik,21356,107.67357485552776,-6.933109829457291,Soekarno Hatta,0.0024232107542493,51.75008886774977
11201566004,84.58872077540269,Cisaranten Endah,Arcamanik,21356,107.67347675000168,-6.933082300000163,Soekarno Hatta,0.0024232107542493,51.75008886774977
13233908921,57.5058170444888,Cisaranten Endah,Arcamanik,21356,107.6733483248296,-6.933559959848168,Soekarno Hatta,0.0024232107542493,51.75008886774977
13233908921,86.35212089852973,Cisaranten Endah,Arcamanik,21356,107.67360176928976,-6.933473516693316,Soekarno Hatta,0.0024232107542493,51.75008886774977
13233908921,138.45843497399792,Cisaranten Endah,Arcamanik,21356,107.67409391923388,-6.933417115489943,Soekarno Hatta,0.0024232107542493,51.75008886774977
13233908921,113.2125875939272,Cisaranten Endah,Arcamanik,21356,107.67390255000072,-6.933563450003178,Soekarno Hatta,0.0024232107542493,51.75008886774977
13233908921,84.09026405684698,Cisaranten Endah,Arcamanik,21356,107.67368228716892,-6.933844021195732,Soekarno Hatta,0.0024232107542493,51.75008886774977
11201566004,62.04002583813444,Cisaranten Endah,Arcamanik,21356,107.67328970000148,-6.93317419999894,Soekarno Hatta,0.0024232107542493,51.75008886774977
11201566004,67.70939104656165,Cisaranten Endah,Arcamanik,21356,107.67329505000164,-6.933031349998532,Soekarno Hatta,0.0024232107542493,51.75008886774977
11201566004,75.2321431761051,Cisaranten Endah,Arcamanik,21356,107.67337870000166,-6.933054800000179,Soekarno Hatta,0.0024232107542493,51.75008886774977
13233908921,155.574355977561,Cisaranten Endah,Arcamanik,21356,107.67426700000124,-6.933445350004541,Soekarno Hatta,0.0024232107542493,51.75008886774977
13233908921,156.95554533934154,Cisaranten Endah,Arcamanik,21356,107.6743380500011,-6.93376145000242,Soekarno Hatta,0.0024232107542493,51.75008886774977
13887852743,129.05584218119833,Cisaranten Endah,Arcamanik,21356,107.67408285000069,-6.934153550003664,Soekarno Hatta,0.0024232107542493,51.75008886774977
9189377337,121.2275075918774,Cisaranten Endah,Arcamanik,21356,107.6741921000008,-6.934313550003254,Soekarno Hatta,0.0024232107542493,51.75008886774977
13233908921,50.67566502189656,Cisaranten Endah,Arcamanik,21356,107.67337955000131,-6.933882750000415,Soekarno Hatta,0.0024232107542493,51.75008886774977
13233908921,51.47773899609304,Cisaranten Endah,Arcamanik,21356,107.67335363126948,-6.934031686920752,Soekarno Hatta,0.0024232107542493,51.75008886774977
13887852743,27.88709777547586,Cisaranten Endah,Arcamanik,21356,107.67322021406407,-6.934527681463665,Soekarno Hatta,0.0024232107542493,51.75008886774977
13887852743,40.37873167619949,Cisaranten Endah,Arcamanik,21356,107.67332776893964,-6.934571902642847,Soekarno Hatta,0.0024232107542493,51.75008886774977
13887852743,57.69513238103677,Cisaranten Endah,Arcamanik,21356,107.6734777500002,-6.934619350002499,Soekarno Hatta,0.0024232107542493,51.75008886774977
13887852743,75.68172010137538,Cisaranten Endah,Arcamanik,21356,107.67365280000006,-6.934468000002717,Soekarno Hatta,0.0024232107542493,51.75008886774977
9189377337,78.93722689356287,Cisaranten Endah,Arcamanik,21356,107.67411784932692,-6.934689867424892,Soekarno Hatta,0.0024232107542493,51.75008886774977
9189377337,77.01092827034385,Cisaranten Endah,Arcamanik,21356,107.67385205000156,-6.934734749998578,Soekarno Hatta,0.0024232107542493,51.75008886774977
9189377337,81.86836724087533,Cisaranten Endah,Arcamanik,21356,107.67374991815883,-6.934726401461403,Soekarno Hatta,0.0024232107542493,51.75008886774977
11778621908,36.657434848080285,Cisaranten Endah,Arcamanik,21356,107.67556396989504,-6.931677203691581,Soekarno Hatta,0.0024232107542493,51.75008886774977
11778621908,40.33643003511197,Cisaranten Endah,Arcamanik,21356,107.67554525000044,-6.9317389000025456,Soekarno Hatta,0.0024232107542493,51.75008886774977
11778621908,44.8545645770423,Cisaranten Endah,Arcamanik,21356,107.67552655000044,-6.931800600002516,Soekarno Hatta,0.0024232107542493,51.75008886774977
11778621908,49.98634607818588,Cisaranten Endah,Arcamanik,21356,107.67550785000046,-6.931862300002518,Soekarno Hatta,0.0024232107542493,51.75008886774977
11778621908,55.56200206384354,Cisaranten Endah,Arcamanik,21356,107.67548915000044,-6.931924000002535,Soekarno Hatta,0.0024232107542493,51.75008886774977
11778621908,61.46084764260316,Cisaranten Endah,Arcamanik,21356,107.67547045000045,-6.93198570000252,Soekarno Hatta,0.0024232107542493,51.75008886774977
11778621908,67.59832798350152,Cisaranten Endah,Arcamanik,21356,107.67545175000043,-6.93204740000252,Soekarno Hatta,0.0024232107542493,51.75008886774977
11778621908,73.91502232724127,Cisaranten Endah,Arcamanik,21356,107.67543305000044,-6.932109100002537,Soekarno Hatta,0.0024232107542493,51.75008886774977
11778621908,80.37120119732637,Cisaranten Endah,Arcamanik,21356,107.67541433823676,-6.932170819908447,Soekarno Hatta,0.0024232107542493,51.75008886774977
5346598789,82.61164652882862,Cisaranten Endah,Arcamanik,21356,107.67536285000054,-6.93230145000269,Soekarno Hatta,0.0024232107542493,51.75008886774977
5346598789,79.4166224405637,Cisaranten Endah,Arcamanik,21356,107.67534520000054,-6.932364200002679,Soekarno Hatta,0.0024232107542493,51.75008886774977
5346598789,76.76697291194978,Cisaranten Endah,Arcamanik,21356,107.67532760000054,-6.932426900002681,Soekarno Hatta,0.0024232107542493,51.75008886774977
5346598789,74.71812100063491,Cisaranten Endah,Arcamanik,21356,107.67531000000056,-6.932489650002683,Soekarno Hatta,0.0024232107542493,51.75008886774977
5346598789,73.32932594545908,Cisaranten Endah,Arcamanik,21356,107.67529235000056,-6.932552400002691,Soekarno Hatta,0.0024232107542493,51.75008886774977
5346598789,72.63540374116202,Cisaranten Endah,Arcamanik,21356,107.67527470000054,-6.932615100002683,Soekarno Hatta,0.0024232107542493,51.75008886774977
5346598789,72.64685033727584,Cisaranten Endah,Arcamanik,21356,107.67525710000054,-6.932677850002687,Soekarno Hatta,0.0024232107542493,51.75008886774977
5346598789,73.37612340348095,Cisaranten Endah,Arcamanik,21356,107.67523945000052,-6.932740600002697,Soekarno Hatta,0.0024232107542493,51.75008886774977
5346598789,74.79729269733522,Cisaranten Endah,Arcamanik,21356,107.67522180000051,-6.932803300002687,Soekarno Hatta,0.0024232107542493,51.75008886774977
5346598789,36.06840957129023,Cisaranten Endah,Arcamanik,21356,107.67578895000128,-6.933129599999181,Soekarno Hatta,0.0024232107542493,51.75008886774977
5346598789,37.4719338604321,Cisaranten Endah,Arcamanik,21356,107.675719279764,-6.933110138487759,Soekarno Hatta,0.0024232107542493,51.75008886774977
5346598789,40.44564309236492,Cisaranten Endah,Arcamanik,21356,107.6756496202386,-6.933090761510613,Soekarno Hatta,0.0024232107542493,51.75008886774977
5346598789,44.66381642888695,Cisaranten Endah,Arcamanik,21356,107.67557997570655,-6.933071308720906,Soekarno Hatta,0.0024232107542493,51.75008886774977
5346598789,49.81996533020955,Cisaranten Endah,Arcamanik,21356,107.675510324296,-6.933051891277474,Soekarno Hatta,0.0024232107542493,51.75008886774977
5346598789,55.652731961770414,Cisaranten Endah,Arcamanik,21356,107.67544065000128,-6.933032449999171,Soekarno Hatta,0.0024232107542493,51.75008886774977
5346598789,61.971795630785095,Cisaranten Endah,Arcamanik,21356,107.675370979764,-6.933013038487768,Soekarno Hatta,0.0024232107542493,51.75008886774977
5346598789,68.64043709253076,Cisaranten Endah,Arcamanik,21356,107.6753013202332,-6.93299361150226,Soekarno Hatta,0.0024232107542493,51.75008886774977
5346598789,75.5677870511899,Cisaranten Endah,Arcamanik,21356,107.6752316500013,-6.93297414999917,Soekarno Hatta,0.0024232107542493,51.75008886774977
5346598780,45.29900264199137,Cisaranten Endah,Arcamanik,21356,107.67595438170925,-6.933232548824109,Soekarno Hatta,0.0024232107542493,51.75008886774977
5346598789,97.27117031989908,Cisaranten Endah,Arcamanik,21356,107.67511151707706,-6.932428616563443,Soekarno Hatta,0.0024232107542493,51.75008886774977
5346598789,96.19838319052594,Cisaranten Endah,Arcamanik,21356,107.67509408292398,-6.9324900834425325,Soekarno Hatta,0.0024232107542493,51.75008886774977
5346598789,95.6398950932987,Cisaranten Endah,Arcamanik,21356,107.6750766370778,-6.932551520018434,Soekarno Hatta,0.0024232107542493,51.75008886774977
5346598789,95.5967857349278,Cisaranten Endah,Arcamanik,21356,107.67505922997972,-6.932612996542346,Soekarno Hatta,0.0024232107542493,51.75008886774977
5346598789,96.0795645952876,Cisaranten Endah,Arcamanik,21356,107.67504178292396,-6.932674483442514,Soekarno Hatta,0.0024232107542493,51.75008886774977
5346598789,97.07702281096132,Cisaranten Endah,Arcamanik,21356,107.6750243370778,-6.932735920018412,Soekarno Hatta,0.0024232107542493,51.75008886774977
5346598789,98.56794678618874,Cisaranten Endah,Arcamanik,21356,107.67500692997972,-6.932797396542354,Soekarno Hatta,0.0024232107542493,51.75008886774977
5346598789,100.54089350043304,Cisaranten Endah,Arcamanik,21356,107.67498947001587,-6.932858853454163,Soekarno Hatta,0.0024232107542493,51.75008886774977
5346598789,114.31538093814564,Cisaranten Endah,Arcamanik,21356,107.6750102202232,-6.932293061633076,Soekarno Hatta,0.0024232107542493,51.75008886774977
5346598789,106.21870243595916,Cisaranten Endah,Arcamanik,21356,107.67508355000147,-6.932313449999041,Soekarno Hatta,0.0024232107542493,51.75008886774977
5346598789,110.32879414887672,Cisaranten Endah,Arcamanik,21356,107.67499255912864,-6.932403529409328,Soekarno Hatta,0.0024232107542493,51.75008886774977
5346598789,109.25493269406104,Cisaranten Endah,Arcamanik,21356,107.67497024087292,-6.932482770594569,Soekarno Hatta,0.0024232107542493,51.75008886774977
5346598789,108.92519969998617,Cisaranten Endah,Arcamanik,21356,107.674948009136,-6.932562029402901,Soekarno Hatta,0.0024232107542493,51.75008886774977
5346598789,109.35966779691014,Cisaranten Endah,Arcamanik,21356,107.67492575000078,-6.932641250001948,Soekarno Hatta,0.0024232107542493,51.75008886774977
5346598789,110.54924149643544,Cisaranten Endah,Arcamanik,21356,107.67490345000076,-6.932720500001938,Soekarno Hatta,0.0024232107542493,51.75008886774977
5346598789,112.4610484344831,Cisaranten Endah,Arcamanik,21356,107.67488120000075,-6.932799750001949,Soekarno Hatta,0.0024232107542493,51.75008886774977
5346598789,126.11963699720552,Cisaranten Endah,Arcamanik,21356,107.67478329762692,-6.933063719342679,Soekarno Hatta,0.0024232107542493,51.75008886774977
5346598789,119.75648833941226,Cisaranten Endah,Arcamanik,21356,107.67484650000198,-6.933081599997675,Soekarno Hatta,0.0024232107542493,51.75008886774977
5346598789,113.50238336276422,Cisaranten Endah,Arcamanik,21356,107.67490970000196,-6.933099499997661,Soekarno Hatta,0.0024232107542493,51.75008886774977
5346598789,107.37554350642544,Cisaranten Endah,Arcamanik,21356,107.67497290000196,-6.933117399997639,Soekarno Hatta,0.0024232107542493,51.75008886774977
5346598789,101.39904066369893,Cisaranten Endah,Arcamanik,21356,107.67503610000196,-6.933135299997638,Soekarno Hatta,0.0024232107542493,51.75008886774977
5346598789,95.60107398302058,Cisaranten Endah,Arcamanik,21356,107.67509930000196,-6.9331531999976495,Soekarno Hatta,0.0024232107542493,51.75008886774977
5346598789,90.01614880740074,Cisaranten Endah,Arcamanik,21356,107.67516250000196,-6.933171099997667,Soekarno Hatta,0.0024232107542493,51.75008886774977
5346598789,84.68642483018868,Cisaranten Endah,Arcamanik,21356,107.67522570000196,-6.9331889999976575,Soekarno Hatta,0.0024232107542493,51.75008886774977
5346598789,79.66177441939827,Cisaranten Endah,Arcamanik,21356,107.67528890237698,-6.933206880652613,Soekarno Hatta,0.0024232107542493,51.75008886774977
5346598789,75.00460125366052,Cisaranten Endah,Arcamanik,21356,107.67535210000196,-6.933224749997649,Soekarno Hatta,0.0024232107542493,51.75008886774977
5346598789,70.78763829254153,Cisaranten Endah,Arcamanik,21356,107.67541529762694,-6.933242619342679,Soekarno Hatta,0.0024232107542493,51.75008886774977
5346598789,67.09448206083067,Cisaranten Endah,Arcamanik,21356,107.67547850000194,-6.933260499997648,Soekarno Hatta,0.0024232107542493,51.75008886774977
5346598789,64.01732801203019,Cisaranten Endah,Arcamanik,21356,107.67554170000196,-6.933278399997648,Soekarno Hatta,0.0024232107542493,51.75008886774977
5346598789,61.64664536388401,Cisaranten Endah,Arcamanik,21356,107.67560490000194,-6.933296299997655,Soekarno Hatta,0.0024232107542493,51.75008886774977
5346598789,60.06614124562904,Cisaranten Endah,Arcamanik,21356,107.67566810000194,-6.933314199997635,Soekarno Hatta,0.0024232107542493,51.75008886774977
5346598216,74.68169352474271,Cisaranten Endah,Arcamanik,21356,107.67565301566071,-6.933462080512945,Soekarno Hatta,0.0024232107542493,51.75008886774977
5346598789,77.36274110940774,Cisaranten Endah,Arcamanik,21356,107.67556348434287,-6.93343641948594,Soekarno Hatta,0.0024232107542493,51.75008886774977
5346598789,80.2381787529016,Cisaranten Endah,Arcamanik,21356,107.6754739156607,-6.93341078051295,Soekarno Hatta,0.0024232107542493,51.75008886774977
5346598789,84.27653781524889,Cisaranten Endah,Arcamanik,21356,107.67538437969132,-6.933385089796821,Soekarno Hatta,0.0024232107542493,51.75008886774977
5346598789,89.33062970810299,Cisaranten Endah,Arcamanik,21356,107.67529482496762,-6.933359439888228,Soekarno Hatta,0.0024232107542493,51.75008886774977
5346598789,95.23238512415404,Cisaranten Endah,Arcamanik,21356,107.67520527503598,-6.933333760110671,Soekarno Hatta,0.0024232107542493,51.75008886774977
5346598789,101.84034138649427,Cisaranten Endah,Arcamanik,21356,107.6751157249676,-6.93330813988821,Soekarno Hatta,0.0024232107542493,51.75008886774977
5346598789,109.01947452935818,Cisaranten Endah,Arcamanik,21356,107.67502617503597,-6.933282460110671,Soekarno Hatta,0.0024232107542493,51.75008886774977
5346598789,116.67032373680472,Cisaranten Endah,Arcamanik,21356,107.6749366249676,-6.933256839888206,Soekarno Hatta,0.0024232107542493,51.75008886774977
5346598789,124.69954706330276,Cisaranten Endah,Arcamanik,21356,107.67484707969234,-6.933231139806397,Soekarno Hatta,0.0024232107542493,51.75008886774977
5346598780,49.10209071234188,Cisaranten Endah,Arcamanik,21356,107.67594165000034,-6.933277150004546,Soekarno Hatta,0.0024232107542493,51.75008886774977
5346598789,82.68997127049813,Cisaranten Endah,Arcamanik,21356,107.675161979764,-6.932954738487772,Soekarno Hatta,0.0024232107542493,51.75008886774977
5346598789,76.86532381909791,Cisaranten Endah,Arcamanik,21356,107.67520420000054,-6.932866000002706,Soekarno Hatta,0.0024232107542493,51.75008886774977
5346598782,83.67248860339998,Cisaranten Endah,Arcamanik,21356,107.67539565000048,-6.932232550002511,Soekarno Hatta,0.0024232107542493,51.75008886774977
5346598789,98.17801196776696,Cisaranten Endah,Arcamanik,21356,107.67515685000146,-6.932333849999046,Soekarno Hatta,0.0024232107542493,51.75008886774977
5346598789,102.957958399044,Cisaranten Endah,Arcamanik,21356,107.67497205000052,-6.932920300002958,Soekarno Hatta,0.0024232107542493,51.75008886774977
5346598789,115.06425896295777,Cisaranten Endah,Arcamanik,21356,107.67485895000075,-6.932879000001953,Soekarno Hatta,0.0024232107542493,51.75008886774977
5346598789,59.33898895742404,Cisaranten Endah,Arcamanik,21356,107.67573130000196,-6.933332099997672,Soekarno Hatta,0.0024232107542493,51.75008886774977
5346598789,133.04582531484655,Cisaranten Endah,Arcamanik,21356,107.67475751566072,-6.933205480512956,Soekarno Hatta,0.0024232107542493,51.75008886774977
5346598789,134.6592833938371,Cisaranten Endah,Arcamanik,21356,107.6747760550196,-6.932349222597916,Soekarno Hatta,0.0024232107542493,51.75008886774977
5346598789,133.9446022262183,Cisaranten Endah,Arcamanik,21356,107.67475883024132,-6.9324108971526055,Soekarno Hatta,0.0024232107542493,51.75008886774977
5346598789,133.60212395307104,Cisaranten Endah,Arcamanik,21356,107.6747416000006,-6.932472600004032,Soekarno Hatta,0.0024232107542493,51.75008886774977
5346598789,133.6311438909583,Cisaranten Endah,Arcamanik,21356,107.67472441473008,-6.93253428025171,Soekarno Hatta,0.0024232107542493,51.75008886774977
5346598789,134.03866214523447,Cisaranten Endah,Arcamanik,21356,107.67470720000055,-6.932595950004038,Soekarno Hatta,0.0024232107542493,51.75008886774977
5346598789,134.8157565655733,Cisaranten Endah,Arcamanik,21356,107.67469000000058,-6.932657650004034,Soekarno Hatta,0.0024232107542493,51.75008886774977
5346598789,135.96033385113043,Cisaranten Endah,Arcamanik,21356,107.67467278527108,-6.932719319756358,Soekarno Hatta,0.0024232107542493,51.75008886774977
5346598789,137.45774964879615,Cisaranten Endah,Arcamanik,21356,107.67465560000058,-6.932781000004027,Soekarno Hatta,0.0024232107542493,51.75008886774977
5346598789,139.30156546343292,Cisaranten Endah,Arcamanik,21356,107.6746384000006,-6.9328427000040165,Soekarno Hatta,0.0024232107542493,51.75008886774977
5346598789,141.47844753199925,Cisaranten Endah,Arcamanik,21356,107.67462118448256,-6.932904383096906,Soekarno Hatta,0.0024232107542493,51.75008886774977
5346598789,143.97561393482124,Cisaranten Endah,Arcamanik,21356,107.67460393025272,-6.932966047160079,Soekarno Hatta,0.0024232107542493,51.75008886774977
5346598789,134.7368979914644,Cisaranten Endah,Arcamanik,21356,107.6748250000016,-6.932245449999877,Soekarno Hatta,0.0024232107542493,51.75008886774977
11778621908,143.8646675551256,Cisaranten Endah,Arcamanik,21356,107.67473515510316,-6.932219279654023,Soekarno Hatta,0.0024232107542493,51.75008886774977
5346598736,157.60877249166737,Cisaranten Endah,Arcamanik,21356,107.67427877058664,-6.932092108555862,Soekarno Hatta,0.0024232107542493,51.75008886774977
5346598736,162.62852221756958,Cisaranten Endah,Arcamanik,21356,107.67438025000163,-6.932120500000456,Soekarno Hatta,0.0024232107542493,51.75008886774977
5346598736,145.35168680304832,Cisaranten Endah,Arcamanik,21356,107.6738980295244,-6.931982341226402,Soekarno Hatta,0.0024232107542493,51.75008886774977
5346598736,147.35112683225762,Cisaranten Endah,Arcamanik,21356,107.67399637047365,-6.932010508768047,Soekarno Hatta,0.0024232107542493,51.75008886774977
5348106111,157.41010128623682,Cisaranten Endah,Arcamanik,21356,107.67391580000076,-6.932110550003481,Soekarno Hatta,0.0024232107542493,51.75008886774977
5348106111,159.02304376855608,Cisaranten Endah,Arcamanik,21356,107.6738930000008,-6.93218910000348,Soekarno Hatta,0.0024232107542493,51.75008886774977
5346598736,162.18549100275044,Cisaranten Endah,Arcamanik,21356,107.67405316121652,-6.932146979629969,Soekarno Hatta,0.0024232107542493,51.75008886774977
5346598736,171.037478707173,Cisaranten Endah,Arcamanik,21356,107.67403100915485,-6.932226424655792,Soekarno Hatta,0.0024232107542493,51.75008886774977
5346598736,170.35629135642054,Cisaranten Endah,Arcamanik,21356,107.6742664333918,-6.932209883324992,Soekarno Hatta,0.0024232107542493,51.75008886774977
5346598736,178.61276333522136,Cisaranten Endah,Arcamanik,21356,107.67424423647924,-6.932287419874668,Soekarno Hatta,0.0024232107542493,51.75008886774977
5346598789,174.8390936632399,Cisaranten Endah,Arcamanik,21356,107.67442258506618,-6.93225441968591,Soekarno Hatta,0.0024232107542493,51.75008886774977
5346598789,174.2284722850648,Cisaranten Endah,Arcamanik,21356,107.6744009000009,-6.932331650006549,Soekarno Hatta,0.0024232107542493,51.75008886774977
11201566003,174.89148214473337,Cisaranten Endah,Arcamanik,21356,107.67400887962684,-6.932305845723374,Soekarno Hatta,0.0024232107542493,51.75008886774977
5348106111,161.1290194235017,Cisaranten Endah,Arcamanik,21356,107.67387020000078,-6.932267650003485,Soekarno Hatta,0.0024232107542493,51.75008886774977
5346598736,150.18013011473792,Cisaranten Endah,Arcamanik,21356,107.67409472952966,-6.93203869123251,Soekarno Hatta,0.0024232107542493,51.75008886774977
5346598789,174.0682955576888,Cisaranten Endah,Arcamanik,21356,107.67437923031804,-6.932408847251358,Soekarno Hatta,0.0024232107542493,51.75008886774977
5346598736,186.9339743743137,Cisaranten Endah,Arcamanik,21356,107.67422211353012,-6.932364980132141,Soekarno Hatta,0.0024232107542493,51.75008886774977
11778621908,166.36738751081637,Cisaranten Endah,Arcamanik,21356,107.67448172941664,-6.9321488914450535,Soekarno Hatta,0.0024232107542493,51.75008886774977
5346598789,150.87804539497233,Cisaranten Endah,Arcamanik,21356,107.67463358011966,-6.932309996717306,Soekarno Hatta,0.0024232107542493,51.75008886774977
5346598789,150.2915023185928,Cisaranten Endah,Arcamanik,21356,107.67461506314572,-6.932374030123256,Soekarno Hatta,0.0024232107542493,51.75008886774977
5346598789,150.06645630297857,Cisaranten Endah,Arcamanik,21356,107.67459653685536,-6.932438069883595,Soekarno Hatta,0.0024232107542493,51.75008886774977
5346598789,150.199852559218,Cisaranten Endah,Arcamanik,21356,107.67457805000052,-6.932502100003423,Soekarno Hatta,0.0024232107542493,51.75008886774977
5346598789,150.69449346439148,Cisaranten Endah,Arcamanik,21356,107.67455956314572,-6.932566130123235,Soekarno Hatta,0.0024232107542493,51.75008886774977
5346598789,151.55100987141452,Cisaranten Endah,Arcamanik,21356,107.67454103685532,-6.932630169883583,Soekarno Hatta,0.0024232107542493,51.75008886774977
5346598789,152.75515268895026,Cisaranten Endah,Arcamanik,21356,107.67452255000052,-6.932694200003419,Soekarno Hatta,0.0024232107542493,51.75008886774977
5346598789,154.3041213877368,Cisaranten Endah,Arcamanik,21356,107.67450405000054,-6.932758250003425,Soekarno Hatta,0.0024232107542493,51.75008886774977
5346598789,156.18656011485524,Cisaranten Endah,Arcamanik,21356,107.67448555000054,-6.9328223000034335,Soekarno Hatta,0.0024232107542493,51.75008886774977
11201566003,149.5671898766769,Cisaranten Endah,Arcamanik,21356,107.67381470000166,-6.932427149998382,Soekarno Hatta,0.0024232107542493,51.75008886774977
11201566003,154.9894414879001,Cisaranten Endah,Arcamanik,21356,107.67388339674592,-6.932446069939753,Soekarno Hatta,0.0024232107542493,51.75008886774977
11201566003,160.61061856699166,Cisaranten Endah,Arcamanik,21356,107.67395207320064,-6.932465043535,Soekarno Hatta,0.0024232107542493,51.75008886774977
11201566003,166.41842543543535,Cisaranten Endah,Arcamanik,21356,107.67402075000165,-6.932483949998376,Soekarno Hatta,0.0024232107542493,51.75008886774977
11201566003,172.39201672664396,Cisaranten Endah,Arcamanik,21356,107.67408944673892,-6.932502869949946,Soekarno Hatta,0.0024232107542493,51.75008886774977
11201566004,178.38697262471433,Cisaranten Endah,Arcamanik,21356,107.67415815326432,-6.93252183004684,Soekarno Hatta,0.0024232107542493,51.75008886774977
11201566004,184.1387159015389,Cisaranten Endah,Arcamanik,21356,107.67422683005518,-6.932540736507414,Soekarno Hatta,0.0024232107542493,51.75008886774977
5346598789,179.57334276276111,Cisaranten Endah,Arcamanik,21356,107.67429549674593,-6.9325596699397565,Soekarno Hatta,0.0024232107542493,51.75008886774977
5346598789,174.9428422495498,Cisaranten Endah,Arcamanik,21356,107.67431865000204,-6.932729949997554,Soekarno Hatta,0.0024232107542493,51.75008886774977
11201566004,178.81174212054523,Cisaranten Endah,Arcamanik,21356,107.67425000000202,-6.932711149997578,Soekarno Hatta,0.0024232107542493,51.75008886774977
11201566004,172.5348277085534,Cisaranten Endah,Arcamanik,21356,107.67418130000202,-6.9326923499975495,Soekarno Hatta,0.0024232107542493,51.75008886774977
11201566004,166.39407573427349,Cisaranten Endah,Arcamanik,21356,107.67411260000202,-6.932673549997571,Soekarno Hatta,0.0024232107542493,51.75008886774977
11201566004,160.4039138478119,Cisaranten Endah,Arcamanik,21356,107.67404390268692,-6.932654780351885,Soekarno Hatta,0.0024232107542493,51.75008886774977
11201566004,154.58301936104624,Cisaranten Endah,Arcamanik,21356,107.67397520000202,-6.932635999997563,Soekarno Hatta,0.0024232107542493,51.75008886774977
11201566003,148.7710344615809,Cisaranten Endah,Arcamanik,21356,107.67390649731712,-6.932617219643245,Soekarno Hatta,0.0024232107542493,51.75008886774977
11201566003,142.6929333990835,Cisaranten Endah,Arcamanik,21356,107.67383780000202,-6.932598449997595,Soekarno Hatta,0.0024232107542493,51.75008886774977
11778621908,151.5306137954106,Cisaranten Endah,Arcamanik,21356,107.6746453000016,-6.932193099999885,Soekarno Hatta,0.0024232107542493,51.75008886774977
5346598789,171.73792325534686,Cisaranten Endah,Arcamanik,21356,107.67436420325735,-6.932578630057042,Soekarno Hatta,0.0024232107542493,51.75008886774977
11201566003,136.7996079142486,Cisaranten Endah,Arcamanik,21356,107.67376910000202,-6.932579649997552,Soekarno Hatta,0.0024232107542493,51.75008886774977
5346598789,146.77073282856685,Cisaranten Endah,Arcamanik,21356,107.67458670000056,-6.933027750004035,Soekarno Hatta,0.0024232107542493,51.75008886774977
5346598789,158.39033250092194,Cisaranten Endah,Arcamanik,21356,107.67446705000054,-6.93288630000341,Soekarno Hatta,0.0024232107542493,51.75008886774977
11201566003,89.32528477004685,Cisaranten Endah,Arcamanik,21356,107.67331035000149,-6.932655049999149,Soekarno Hatta,0.0024232107542493,51.75008886774977
11201566003,94.48981322148305,Cisaranten Endah,Arcamanik,21356,107.67338285000147,-6.932676249999174,Soekarno Hatta,0.0024232107542493,51.75008886774977
11201566003,100.0860226219417,Cisaranten Endah,Arcamanik,21356,107.67345535000148,-6.932697449999173,Soekarno Hatta,0.0024232107542493,51.75008886774977
11201566003,106.04559336135466,Cisaranten Endah,Arcamanik,21356,107.67352785000146,-6.9327186499991615,Soekarno Hatta,0.0024232107542493,51.75008886774977
11201566003,112.31069695616836,Cisaranten Endah,Arcamanik,21356,107.6736003500015,-6.932739849999172,Soekarno Hatta,0.0024232107542493,51.75008886774977
11201566004,118.6174114640208,Cisaranten Endah,Arcamanik,21356,107.67367285000148,-6.93276104999914,Soekarno Hatta,0.0024232107542493,51.75008886774977
11201566004,124.56284817721917,Cisaranten Endah,Arcamanik,21356,107.67374537402564,-6.932782291265137,Soekarno Hatta,0.0024232107542493,51.75008886774977
11201566004,130.77405654043585,Cisaranten Endah,Arcamanik,21356,107.67381790000148,-6.932803499999156,Soekarno Hatta,0.0024232107542493,51.75008886774977
11201566004,137.2132450310304,Cisaranten Endah,Arcamanik,21356,107.6738904259773,-6.932824708733191,Soekarno Hatta,0.0024232107542493,51.75008886774977
11201566004,143.8483622518969,Cisaranten Endah,Arcamanik,21356,107.67396295000148,-6.932845949999153,Soekarno Hatta,0.0024232107542493,51.75008886774977
11201566004,150.6538892285765,Cisaranten Endah,Arcamanik,21356,107.67403545000144,-6.932867149999176,Soekarno Hatta,0.0024232107542493,51.75008886774977
11201566004,157.60839507206245,Cisaranten Endah,Arcamanik,21356,107.67410795000148,-6.932888349999172,Soekarno Hatta,0.0024232107542493,51.75008886774977
11201566004,164.6930080539546,Cisaranten Endah,Arcamanik,21356,107.67418045000149,-6.932909549999173,Soekarno Hatta,0.0024232107542493,51.75008886774977
11201566004,171.8916416267746,Cisaranten Endah,Arcamanik,21356,107.67425295000147,-6.932930749999145,Soekarno Hatta,0.0024232107542493,51.75008886774977
11201566003,84.92286625718954,Cisaranten Endah,Arcamanik,21356,107.67335818512638,-6.932806370957998,Soekarno Hatta,0.0024232107542493,51.75008886774977
11201566003,93.33205295647454,Cisaranten Endah,Arcamanik,21356,107.67345420000166,-6.932835050000255,Soekarno Hatta,0.0024232107542493,51.75008886774977
11201566004,101.25856767693752,Cisaranten Endah,Arcamanik,21356,107.67355024456454,-6.9328637203096,Soekarno Hatta,0.0024232107542493,51.75008886774977
11201566004,109.43447740757048,Cisaranten Endah,Arcamanik,21356,107.67364630543086,-6.932892379693437,Soekarno Hatta,0.0024232107542493,51.75008886774977
11201566004,118.08057269623794,Cisaranten Endah,Arcamanik,21356,107.6737423203112,-6.932921058732352,Soekarno Hatta,0.0024232107542493,51.75008886774977
11201566004,127.1099088749231,Cisaranten Endah,Arcamanik,21356,107.67383837969211,-6.932949741268157,Soekarno Hatta,0.0024232107542493,51.75008886774977
11201566004,136.4402052092092,Cisaranten Endah,Arcamanik,21356,107.67393441487694,-6.932978429042523,Soekarno Hatta,0.0024232107542493,51.75008886774977
11201566004,146.02085405626752,Cisaranten Endah,Arcamanik,21356,107.67403048512637,-6.933007070957993,Soekarno Hatta,0.0024232107542493,51.75008886774977
11201566004,155.79668657683777,Cisaranten Endah,Arcamanik,21356,107.6741265203112,-6.933035758732335,Soekarno Hatta,0.0024232107542493,51.75008886774977
11201566004,165.73995710285152,Cisaranten Endah,Arcamanik,21356,107.67422257425396,-6.933064411580959,Soekarno Hatta,0.0024232107542493,51.75008886774977
11201566004,175.8162973137259,Cisaranten Endah,Arcamanik,21356,107.67431860000164,-6.933093100000254,Soekarno Hatta,0.0024232107542493,51.75008886774977
5346598789,167.33903720515616,Cisaranten Endah,Arcamanik,21356,107.67441465543878,-6.93312177969092,Soekarno Hatta,0.0024232107542493,51.75008886774977
5346598789,174.48139898754607,Cisaranten Endah,Arcamanik,21356,107.67432545000148,-6.932951949999157,Soekarno Hatta,0.0024232107542493,51.75008886774977
5346598789,157.6424760922389,Cisaranten Endah,Arcamanik,21356,107.67451070000166,-6.933150450000247,Soekarno Hatta,0.0024232107542493,51.75008886774977
5346598736,118.2072292251807,Cisaranten Endah,Arcamanik,21356,107.6743376500022,-6.9317185999969135,Soekarno Hatta,0.0024232107542493,51.75008886774977
5346598736,115.57052320457709,Cisaranten Endah,Arcamanik,21356,107.67429085000218,-6.931704749996886,Soekarno Hatta,0.0024232107542493,51.75008886774977
5346598736,113.1355281454268,Cisaranten Endah,Arcamanik,21356,107.6742440500022,-6.93169094999692,Soekarno Hatta,0.0024232107542493,51.75008886774977
5346598736,124.0131405211389,Cisaranten Endah,Arcamanik,21356,107.67443125000216,-6.93174624999689,Soekarno Hatta,0.0024232107542493,51.75008886774977
11778621908,89.39455826012085,Cisaranten Endah,Arcamanik,21356,107.67515670000216,-6.93196049999915,Soekarno Hatta,0.0024232107542493,51.75008886774977
11778621908,97.7742978840334,Cisaranten Endah,Arcamanik,21356,107.67506310000216,-6.931932849999161,Soekarno Hatta,0.0024232107542493,51.75008886774977
11778621908,106.5902694573636,Cisaranten Endah,Arcamanik,21356,107.67496949565188,-6.931905220134967,Soekarno Hatta,0.0024232107542493,51.75008886774977
11778621908,115.740096073392,Cisaranten Endah,Arcamanik,21356,107.67487590435243,-6.93187757986329,Soekarno Hatta,0.0024232107542493,51.75008886774977
11778621908,125.1568673165405,Cisaranten Endah,Arcamanik,21356,107.674782265785,-6.931849930651164,Soekarno Hatta,0.0024232107542493,51.75008886774977
11778621908,134.77793431914662,Cisaranten Endah,Arcamanik,21356,107.67468865434668,-6.931822279870487,Soekarno Hatta,0.0024232107542493,51.75008886774977
5346598736,135.6514631671467,Cisaranten Endah,Arcamanik,21356,107.67459505000218,-6.931794649999139,Soekarno Hatta,0.0024232107542493,51.75008886774977
5346598736,128.79144305043877,Cisaranten Endah,Arcamanik,21356,107.67450145000215,-6.93176699999913,Soekarno Hatta,0.0024232107542493,51.75008886774977
5346598736,121.02735790372526,Cisaranten Endah,Arcamanik,21356,107.67438445000218,-6.931732449996894,Soekarno Hatta,0.0024232107542493,51.75008886774977
5346598736,110.90719175705014,Cisaranten Endah,Arcamanik,21356,107.67419723236762,-6.93167712827815,Soekarno Hatta,0.0024232107542493,51.75008886774977
5346598736,107.98579395703716,Cisaranten Endah,Arcamanik,21356,107.67412700000216,-6.931656399999143,Soekarno Hatta,0.0024232107542493,51.75008886774977
5346598736,104.93810476732016,Cisaranten Endah,Arcamanik,21356,107.67403340000216,-6.931628749999135,Soekarno Hatta,0.0024232107542493,51.75008886774977
5346598736,102.9373041597992,Cisaranten Endah,Arcamanik,21356,107.6739398000022,-6.931601099999176,Soekarno Hatta,0.0024232107542493,51.75008886774977
5346598736,81.81597631470339,Cisaranten Endah,Arcamanik,21356,107.67389885000183,-6.931398249999764,Soekarno Hatta,0.0024232107542493,51.75008886774977
5346598736,82.9430688634898,Cisaranten Endah,Arcamanik,21356,107.67399245000182,-6.9314259499997695,Soekarno Hatta,0.0024232107542493,51.75008886774977
5346598736,85.43025125615539,Cisaranten Endah,Arcamanik,21356,107.67408605000182,-6.931453649999772,Soekarno Hatta,0.0024232107542493,51.75008886774977
5346598736,89.15980025680095,Cisaranten Endah,Arcamanik,21356,107.67417967482062,-6.9314813107177615,Soekarno Hatta,0.0024232107542493,51.75008886774977
5346598736,93.98905380174456,Cisaranten Endah,Arcamanik,21356,107.67427330491756,-6.931508979746052,Soekarno Hatta,0.0024232107542493,51.75008886774977
5346598736,99.75654180007784,Cisaranten Endah,Arcamanik,21356,107.67436690000184,-6.9315366499997495,Soekarno Hatta,0.0024232107542493,51.75008886774977
5346598736,106.31504949714058,Cisaranten Endah,Arcamanik,21356,107.67446052025863,-6.931564359541829,Soekarno Hatta,0.0024232107542493,51.75008886774977
5346598736,113.52214920161398,Cisaranten Endah,Arcamanik,21356,107.6745541500018,-6.93159204999976,Soekarno Hatta,0.0024232107542493,51.75008886774977
5346598736,121.26282908151832,Cisaranten Endah,Arcamanik,21356,107.6746477500018,-6.931619749999767,Soekarno Hatta,0.0024232107542493,51.75008886774977
11778621908,127.15479356492456,Cisaranten Endah,Arcamanik,21356,107.67474135000182,-6.931647449999766,Soekarno Hatta,0.0024232107542493,51.75008886774977
11778621908,116.91917898332072,Cisaranten Endah,Arcamanik,21356,107.67483495000182,-6.931675149999776,Soekarno Hatta,0.0024232107542493,51.75008886774977
11778621908,106.79383681037832,Cisaranten Endah,Arcamanik,21356,107.67492855000182,-6.931702849999764,Soekarno Hatta,0.0024232107542493,51.75008886774977
11778621908,96.81337222634774,Cisaranten Endah,Arcamanik,21356,107.67502215000182,-6.931730549999761,Soekarno Hatta,0.0024232107542493,51.75008886774977
11778621908,87.02764395784955,Cisaranten Endah,Arcamanik,21356,107.67511575000182,-6.931758249999768,Soekarno Hatta,0.0024232107542493,51.75008886774977
5346598736,102.04498980655345,Cisaranten Endah,Arcamanik,21356,107.67384620000216,-6.931573449999136,Soekarno Hatta,0.0024232107542493,51.75008886774977
11778621908,77.5069990632478,Cisaranten Endah,Arcamanik,21356,107.675209379745,-6.931785940457709,Soekarno Hatta,0.0024232107542493,51.75008886774977
11778621908,54.78538251507139,Cisaranten Endah,Arcamanik,21356,107.67539553044178,-6.931628584274765,Soekarno Hatta,0.0024232107542493,51.75008886774977
11778621908,57.72868692846228,Cisaranten Endah,Arcamanik,21356,107.67537428959164,-6.931697420048853,Soekarno Hatta,0.0024232107542493,51.75008886774977
11778621908,61.56608491753958,Cisaranten Endah,Arcamanik,21356,107.67535309035571,-6.931766275643812,Soekarno Hatta,0.0024232107542493,51.75008886774977
11778621908,92.67755848731592,Cisaranten Endah,Arcamanik,21356,107.67522845000153,-6.932135449999856,Soekarno Hatta,0.0024232107542493,51.75008886774977
11778621908,98.90991633268077,Cisaranten Endah,Arcamanik,21356,107.67514125000154,-6.932109999999851,Soekarno Hatta,0.0024232107542493,51.75008886774977
11778621908,105.72960630765964,Cisaranten Endah,Arcamanik,21356,107.67505407032206,-6.932084559454895,Soekarno Hatta,0.0024232107542493,51.75008886774977
11778621908,113.02459040305573,Cisaranten Endah,Arcamanik,21356,107.67496693471053,-6.93205907022374,Soekarno Hatta,0.0024232107542493,51.75008886774977
11778621908,120.72166760488808,Cisaranten Endah,Arcamanik,21356,107.67487974496262,-6.932033620327744,Soekarno Hatta,0.0024232107542493,51.75008886774977
11778621908,128.7430674313456,Cisaranten Endah,Arcamanik,21356,107.6747925550404,-6.932008179671971,Soekarno Hatta,0.0024232107542493,51.75008886774977
11778621908,137.03115644976603,Cisaranten Endah,Arcamanik,21356,107.67470536529252,-6.931982729775984,Soekarno Hatta,0.0024232107542493,51.75008886774977
11778621908,145.53755543129526,Cisaranten Endah,Arcamanik,21356,107.67461820503402,-6.931957279679645,Soekarno Hatta,0.0024232107542493,51.75008886774977
5346598736,147.0235318208124,Cisaranten Endah,Arcamanik,21356,107.67453102464738,-6.931931810868897,Soekarno Hatta,0.0024232107542493,51.75008886774977
5346598736,141.34560460976425,Cisaranten Endah,Arcamanik,21356,107.67444385504042,-6.931906379671957,Soekarno Hatta,0.0024232107542493,51.75008886774977
5346598736,136.16840218312177,Cisaranten Endah,Arcamanik,21356,107.6743566449626,-6.931880920327776,Soekarno Hatta,0.0024232107542493,51.75008886774977
5346598736,131.5598095053051,Cisaranten Endah,Arcamanik,21356,107.67426947535569,-6.931855489130808,Soekarno Hatta,0.0024232107542493,51.75008886774977
5346598736,127.57173922856974,Cisaranten Endah,Arcamanik,21356,107.67418232464738,-6.931830010868903,Soekarno Hatta,0.0024232107542493,51.75008886774977
5346598736,124.27418162913013,Cisaranten Endah,Arcamanik,21356,107.67409515504042,-6.931804579671969,Soekarno Hatta,0.0024232107542493,51.75008886774977
5346598736,121.71525732644382,Cisaranten Endah,Arcamanik,21356,107.67400794496264,-6.931779120327752,Soekarno Hatta,0.0024232107542493,51.75008886774977
5346598736,119.94452028488234,Cisaranten Endah,Arcamanik,21356,107.67392075000151,-6.931753649999857,Soekarno Hatta,0.0024232107542493,51.75008886774977
5348106111,93.55037058291175,Cisaranten Endah,Arcamanik,21356,107.67346347024784,-6.9316170089819735,Soekarno Hatta,0.0024232107542493,51.75008886774977
5348106111,103.6229186247354,Cisaranten Endah,Arcamanik,21356,107.67355182975516,-6.931643591018171,Soekarno Hatta,0.0024232107542493,51.75008886774977
5348106111,113.71861011452744,Cisaranten Endah,Arcamanik,21356,107.67364017545846,-6.931670238739137,Soekarno Hatta,0.0024232107542493,51.75008886774977
5348106111,93.3148467645586,Cisaranten Endah,Arcamanik,21356,107.67346665242049,-6.931471030669095,Soekarno Hatta,0.0024232107542493,51.75008886774977
5348106111,100.45195527210826,Cisaranten Endah,Arcamanik,21356,107.67353195000209,-6.931489799997644,Soekarno Hatta,0.0024232107542493,51.75008886774977
5346598736,105.99643382270396,Cisaranten Endah,Arcamanik,21356,107.67359724758364,-6.931508569326191,Soekarno Hatta,0.0024232107542493,51.75008886774977
5346598736,104.3982779680212,Cisaranten Endah,Arcamanik,21356,107.6736625524205,-6.931527330669082,Soekarno Hatta,0.0024232107542493,51.75008886774977
5346598736,93.16611403236617,Cisaranten Endah,Arcamanik,21356,107.67348270000215,-6.931274399997938,Soekarno Hatta,0.0024232107542493,51.75008886774977
5346598736,89.46773021694403,Cisaranten Endah,Arcamanik,21356,107.67355470000216,-6.931295699997939,Soekarno Hatta,0.0024232107542493,51.75008886774977
5346598736,86.41140951614534,Cisaranten Endah,Arcamanik,21356,107.67362670000216,-6.931316999997954,Soekarno Hatta,0.0024232107542493,51.75008886774977
5346598736,84.06720908537743,Cisaranten Endah,Arcamanik,21356,107.67369870000216,-6.93133829999795,Soekarno Hatta,0.0024232107542493,51.75008886774977
11778621908,66.15407914519683,Cisaranten Endah,Arcamanik,21356,107.6753318096454,-6.931835124360819,Soekarno Hatta,0.0024232107542493,51.75008886774977
11778621908,80.48669801587144,Cisaranten Endah,Arcamanik,21356,107.6752693500023,-6.932000899999146,Soekarno Hatta,0.0024232107542493,51.75008886774977
5346598736,119.00122849952082,Cisaranten Endah,Arcamanik,21356,107.67383357032736,-6.931728209461789,Soekarno Hatta,0.0024232107542493,51.75008886774977
5346598736,118.91359620145138,Cisaranten Endah,Arcamanik,21356,107.67372852454452,-6.931696861261024,Soekarno Hatta,0.0024232107542493,51.75008886774977
5346598736,103.32511457142724,Cisaranten Endah,Arcamanik,21356,107.67372786933764,-6.931546115404562,Soekarno Hatta,0.0024232107542493,51.75008886774977
5346598736,82.49355827517512,Cisaranten Endah,Arcamanik,21356,107.67377075000216,-6.931359599997963,Soekarno Hatta,0.0024232107542493,51.75008886774977
5348106111,68.55937248703718,Cisaranten Endah,Arcamanik,21356,107.67279520000392,-6.932108800000117,Soekarno Hatta,0.0024232107542493,51.75008886774977
5348106111,77.13436319626817,Cisaranten Endah,Arcamanik,21356,107.67288370000394,-6.932160250000128,Soekarno Hatta,0.0024232107542493,51.75008886774977
5348106111,86.34080191914437,Cisaranten Endah,Arcamanik,21356,107.6729722327475,-6.932211642627863,Soekarno Hatta,0.0024232107542493,51.75008886774977
6411578803,93.75641749069948,Cisaranten Endah,Arcamanik,21356,107.67306075000394,-6.932263050000119,Soekarno Hatta,0.0024232107542493,51.75008886774977
5348106111,70.1325734162147,Cisaranten Endah,Arcamanik,21356,107.6731427457576,-6.931877821976014,Soekarno Hatta,0.0024232107542493,51.75008886774977
5348106111,62.3459084761995,Cisaranten Endah,Arcamanik,21356,107.6730640719753,-6.931865414227471,Soekarno Hatta,0.0024232107542493,51.75008886774977
5348106111,63.73713715668273,Cisaranten Endah,Arcamanik,21356,107.67316695000017,-6.931706349997934,Soekarno Hatta,0.0024232107542493,51.75008886774977
5348106111,55.3308932977662,Cisaranten Endah,Arcamanik,21356,107.67308875000018,-6.931698349997964,Soekarno Hatta,0.0024232107542493,51.75008886774977
5348106111,60.116525224929504,Cisaranten Endah,Arcamanik,21356,107.67316735962233,-6.931500375631407,Soekarno Hatta,0.0024232107542493,51.75008886774977
5348106111,54.86864643763663,Cisaranten Endah,Arcamanik,21356,107.6729854000008,-6.931852999997975,Soekarno Hatta,0.0024232107542493,51.75008886774977
5348106111,47.02402044665776,Cisaranten Endah,Arcamanik,21356,107.67301050000016,-6.931690349997952,Soekarno Hatta,0.0024232107542493,51.75008886774977
5348106111,46.270943982282986,Cisaranten Endah,Arcamanik,21356,107.6730419403806,-6.931495724372972,Soekarno Hatta,0.0024232107542493,51.75008886774977
5348106111,65.7862909621545,Cisaranten Endah,Arcamanik,21356,107.67319764999968,-6.9313563499985085,Soekarno Hatta,0.0024232107542493,51.75008886774977
5348106111,56.866946469531655,Cisaranten Endah,Arcamanik,21356,107.6731124449008,-6.931353024260086,Soekarno Hatta,0.0024232107542493,51.75008886774977
5348106111,48.14350273211421,Cisaranten Endah,Arcamanik,21356,107.67302724999966,-6.9313496999985,Soekarno Hatta,0.0024232107542493,51.75008886774977
5348106111,39.74343196713043,Cisaranten Endah,Arcamanik,21356,107.67294205509856,-6.931346375736942,Soekarno Hatta,0.0024232107542493,51.75008886774977
5348106111,31.92791111793497,Cisaranten Endah,Arcamanik,21356,107.67285689490684,-6.931343024259431,Soekarno Hatta,0.0024232107542493,51.75008886774977
5348106111,25.23565204153347,Cisaranten Endah,Arcamanik,21356,107.67277174999968,-6.931339699998508,Soekarno Hatta,0.0024232107542493,51.75008886774977
4123957919,59.19153496712982,Cisaranten Endah,Arcamanik,21356,107.67285651483677,-6.930240931603929,Soekarno Hatta,0.0024232107542493,51.75008886774977
4123957919,59.32336836161374,Cisaranten Endah,Arcamanik,21356,107.67285268516554,-6.930338768399476,Soekarno Hatta,0.0024232107542493,51.75008886774977
4123957919,61.39187698641083,Cisaranten Endah,Arcamanik,21356,107.67284880000116,-6.930436600001719,Soekarno Hatta,0.0024232107542493,51.75008886774977
4123957919,65.21550626405384,Cisaranten Endah,Arcamanik,21356,107.67284490000117,-6.930534400001708,Soekarno Hatta,0.0024232107542493,51.75008886774977
9803141668,64.39273245236298,Cisaranten Endah,Arcamanik,21356,107.67284101483676,-6.930632231603932,Soekarno Hatta,0.0024232107542493,51.75008886774977
9803141668,55.69535778252556,Cisaranten Endah,Arcamanik,21356,107.67283717565314,-6.930730042746709,Soekarno Hatta,0.0024232107542493,51.75008886774977
9803141668,47.87324426307951,Cisaranten Endah,Arcamanik,21356,107.67283330950475,-6.930827875661568,Soekarno Hatta,0.0024232107542493,51.75008886774977
9803141668,41.42719334665462,Cisaranten Endah,Arcamanik,21356,107.67282940000116,-6.930925700001691,Soekarno Hatta,0.0024232107542493,51.75008886774977
9803141668,37.08733074137666,Cisaranten Endah,Arcamanik,21356,107.67282550000115,-6.931023500001683,Soekarno Hatta,0.0024232107542493,51.75008886774977
7672683244,31.36627938032844,Cisaranten Endah,Arcamanik,21356,107.67297715000076,-6.929791750002352,Soekarno Hatta,0.0024232107542493,51.75008886774977
7672683244,36.366665450234606,Cisaranten Endah,Arcamanik,21356,107.67295075000074,-6.92987300000236,Soekarno Hatta,0.0024232107542493,51.75008886774977
7672683244,42.89649114600869,Cisaranten Endah,Arcamanik,21356,107.67292434097124,-6.929954269995312,Soekarno Hatta,0.0024232107542493,51.75008886774977
7672683244,50.36365155923797,Cisaranten Endah,Arcamanik,21356,107.67289795903028,-6.9300355300094,Soekarno Hatta,0.0024232107542493,51.75008886774977
9803141668,35.63017086579859,Cisaranten Endah,Arcamanik,21356,107.67282161483676,-6.931121331603921,Soekarno Hatta,0.0024232107542493,51.75008886774977
7672683244,58.40635187139519,Cisaranten Endah,Arcamanik,21356,107.67287154097124,-6.930116769995293,Soekarno Hatta,0.0024232107542493,51.75008886774977
9803141668,59.880763609921125,Cisaranten Endah,Arcamanik,21356,107.6730413737606,-6.931107056261663,Soekarno Hatta,0.0024232107542493,51.75008886774977
9803141668,61.39367237105317,Cisaranten Endah,Arcamanik,21356,107.67304802624233,-6.93101574374334,Soekarno Hatta,0.0024232107542493,51.75008886774977
9803141668,64.480956243618,Cisaranten Endah,Arcamanik,21356,107.6730546737606,-6.930924456261661,Soekarno Hatta,0.0024232107542493,51.75008886774977
9803141668,68.93356118473956,Cisaranten Endah,Arcamanik,21356,107.67306132624232,-6.93083314374333,Soekarno Hatta,0.0024232107542493,51.75008886774977
9803141668,74.50434861349021,Cisaranten Endah,Arcamanik,21356,107.6730679737606,-6.930741856261674,Soekarno Hatta,0.0024232107542493,51.75008886774977
9803141668,80.96607371068038,Cisaranten Endah,Arcamanik,21356,107.67307462624233,-6.930650543743328,Soekarno Hatta,0.0024232107542493,51.75008886774977
9803141668,88.11934292893304,Cisaranten Endah,Arcamanik,21356,107.67308127376062,-6.93055925626166,Soekarno Hatta,0.0024232107542493,51.75008886774977
4123957919,87.73010651899341,Cisaranten Endah,Arcamanik,21356,107.67308792624146,-6.930467893736299,Soekarno Hatta,0.0024232107542493,51.75008886774977
4123957919,86.39651627082523,Cisaranten Endah,Arcamanik,21356,107.6730945737606,-6.93037655626166,Soekarno Hatta,0.0024232107542493,51.75008886774977
7672683244,84.35414249305184,Cisaranten Endah,Arcamanik,21356,107.67310122624232,-6.930285243743309,Soekarno Hatta,0.0024232107542493,51.75008886774977
7672683244,75.74814316606101,Cisaranten Endah,Arcamanik,21356,107.6731078737606,-6.930193956261667,Soekarno Hatta,0.0024232107542493,51.75008886774977
7672683244,85.9735302811603,Cisaranten Endah,Arcamanik,21356,107.67325890998067,-6.93020237611112,Soekarno Hatta,0.0024232107542493,51.75008886774977
7672683244,94.49835477150698,Cisaranten Endah,Arcamanik,21356,107.67325219002218,-6.930303423893413,Soekarno Hatta,0.0024232107542493,51.75008886774977
5346598736,97.356895704256,Cisaranten Endah,Arcamanik,21356,107.67324548387204,-6.930404482946956,Soekarno Hatta,0.0024232107542493,51.75008886774977
5346598736,95.1635855269657,Cisaranten Endah,Arcamanik,21356,107.67323872611786,-6.930505493173785,Soekarno Hatta,0.0024232107542493,51.75008886774977
5346598736,94.2556992328774,Cisaranten Endah,Arcamanik,21356,107.67323200000143,-6.930606550002278,Soekarno Hatta,0.0024232107542493,51.75008886774977
9803141668,91.41997571277992,Cisaranten Endah,Arcamanik,21356,107.67322530000143,-6.930707600002275,Soekarno Hatta,0.0024232107542493,51.75008886774977
9803141668,85.9284993860961,Cisaranten Endah,Arcamanik,21356,107.67321860000143,-6.930808650002267,Soekarno Hatta,0.0024232107542493,51.75008886774977
9803141668,81.61500129366185,Cisaranten Endah,Arcamanik,21356,107.67321190000143,-6.930909700002284,Soekarno Hatta,0.0024232107542493,51.75008886774977
9803141668,78.67276283314098,Cisaranten Endah,Arcamanik,21356,107.6732051900222,-6.931010723893414,Soekarno Hatta,0.0024232107542493,51.75008886774977
7672683244,67.56383212642206,Cisaranten Endah,Arcamanik,21356,107.67311452624232,-6.930102643743321,Soekarno Hatta,0.0024232107542493,51.75008886774977
9803141668,77.26186818140245,Cisaranten Endah,Arcamanik,21356,107.67319850998072,-6.931111776111101,Soekarno Hatta,0.0024232107542493,51.75008886774977
13758446160,44.16696180640954,Pasirjati,Ujungberung,19018,107.70376977844067,-6.914822279402161,Soekarno Hatta,0.0024232107542493,46.08462212431471
