addr_kelurahan,nearest_node,dist_to_node_m,element,id,nama_kelurahan_osm,nama_kelurahan,nama_kecamatan,jumlah_penduduk,lon,lat
<NA>,302280706,50.30553821245502,,,,Manjahlega,Rancasari,22353,107.6660914,-6.9406472000000035
<NA>,9307974158,21.1668135288705,,,,Cisaranten Wetan,Cinambo,6670,107.6882496,-6.9267996999999975
<NA>,5358149097,2.849088551221661,,,,Mekar Mulya,Panyileukan,8059,107.7014762,-6.9243032999999965
<NA>,12573341903,15.266394370538396,,,,Kujangsari,Bandung Kidul,23091,107.6383848,-6.965355599999993
<NA>,11369732750,58.98023391368489,,,,Sukahaji,Babakan Ciparay,32479,107.581805,-6.9224301999999955
<NA>,9340200136,6.476403624640206,,,,Sekejati,Buahbatu,26388,107.6531155,-6.951553499999993
<NA>,11052060891,16.95363719336463,,,,Pasanggrahan,Ujungberung,21969,107.716641,-6.910842199999998
<NA>,1381644983,17.883741448084653,,,,Sekeloa,Coblong,27466,107.61844063362668,-6.883624041819182
<NA>,5149616893,36.60168031455195,,,,Sekeloa,Coblong,27466,107.61694992147133,-6.88613303254299
<NA>,9814074564,84.25375981778068,,,,Cihapit,Bandung Wetan,4223,107.62473296590935,-6.909832169619745
<NA>,302280706,44.63817872568308,,,,Manjahlega,Rancasari,22353,107.66601948713097,-6.940598893313972
<NA>,1709854430,12.039980404088157,,,,Dago,Coblong,36061,107.61475977094717,-6.879196674960111
<NA>,5463988167,65.88342512915571,,,,Cipaganti,Coblong,12118,107.60571914117772,-6.89189295733324
<NA>,3373712065,33.81347395767557,,,,Dago,Coblong,36061,107.61768836670848,-6.877109705247971
<NA>,1662376887,18.598541533191554,,,,Dago,Coblong,36061,107.61901469968791,-6.874134771646624
<NA>,1381585534,25.75367197126823,,,,Sekeloa,Coblong,27466,107.6161205500005,-6.881250150001881
<NA>,1381585557,58.68668033085447,,,,Dago,Coblong,36061,107.61515773358123,-6.882362248419709
<NA>,1960168485,34.790688250388214,,,,Dago,Coblong,36061,107.61598419024203,-6.880122588181369
<NA>,2325448480,39.22452833147973,,,,Dago,Coblong,36061,107.61609445454637,-6.879572281398474
<NA>,12079490288,13.143408852721391,,,,Dago,Coblong,36061,107.61588060348264,-6.880987817458385
<NA>,1662377003,30.73267322837047,,,,Dago,Coblong,36061,107.61714580503565,-6.8773925046988955
<NA>,1662376887,37.82326003782949,,,,Dago,Coblong,36061,107.61887403790631,-6.874264265581237
<NA>,3806722513,36.88694052457035,,,,Dago,Coblong,36061,107.61668583095968,-6.880283591606983
<NA>,1662376617,30.68713187040326,,,,Dago,Coblong,36061,107.61792494999953,-6.876071500009407
<NA>,1662376617,32.622968541173876,,,,Dago,Coblong,36061,107.61785477532604,-6.876377163246007
<NA>,5463827219,48.311413057806874,,,,Sekeloa,Coblong,27466,107.61494125369228,-6.8831283542643
<NA>,1662377003,49.99986227044266,,,,Dago,Coblong,36061,107.6172910066226,-6.8768076724237455
<NA>,11142011576,42.80680486523277,,,,Dago,Coblong,36061,107.61810066679786,-6.875849702012348
<NA>,1662376617,38.98227257369167,,,,Dago,Coblong,36061,107.6179784896351,-6.875942446926595
<NA>,1662376803,23.79063922441604,,,,Dago,Coblong,36061,107.61814347146104,-6.876511487106403
<NA>,1960168421,26.57053320842982,,,,Dago,Coblong,36061,107.61812900000365,-6.876669099999505
<NA>,1662376865,25.84126216859183,,,,Dago,Coblong,36061,107.62082939509179,-6.868611775824727
<NA>,1662377004,40.39183883398832,,,,Dago,Coblong,36061,107.62091146287729,-6.867749078320267
<NA>,1662376902,42.635795982959294,,,,Dago,Coblong,36061,107.61999840382917,-6.873089109088977
<NA>,1662376887,30.481744406597286,,,,Dago,Coblong,36061,107.61915880000033,-6.8738405000009895
<NA>,9857241871,53.24747775526365,,,,Kebon Pisang,Sumur Bandung,12580,107.62060755781866,-6.920468280668893
<NA>,1658919998,45.544160840843304,,,,Taman Sari,Bandung Wetan,22984,107.60750738818004,-6.899042008644988
<NA>,5455786442,8.284227847232296,,,,Karang Pamulang,Mandalajati,19919,107.67609461301119,-6.8956539735236735
<NA>,5455786438,19.717223906018127,,,,Karang Pamulang,Mandalajati,19919,107.67588823818213,-6.895200349568349
<NA>,5455786438,28.53205833104307,,,,Karang Pamulang,Mandalajati,19919,107.67577056542001,-6.895352978032633
<NA>,3443083570,21.19242868469967,,,,Sekeloa,Coblong,27466,107.6182600940514,-6.886652917112985
<NA>,3441810674,51.084241733818224,,,,Sekeloa,Coblong,27466,107.6181283682398,-6.886320219917648
<NA>,3443083570,35.57834628608965,,,,Sekeloa,Coblong,27466,107.61813927641087,-6.886741893861173
<NA>,3443083570,43.53454784630362,,,,Sekeloa,Coblong,27466,107.61806959762477,-6.886759791099812
<NA>,3441810674,40.89694014569312,,,,Sekeloa,Coblong,27466,107.61830297638883,-6.886185984458205
<NA>,3441810670,26.538501859830365,,,,Sekeloa,Coblong,27466,107.61838557309241,-6.885941048525511
<NA>,3441810670,34.011405597408476,,,,Sekeloa,Coblong,27466,107.61848635821815,-6.88601232166669
<NA>,1385463119,14.963542493057233,,,,Sekeloa,Coblong,27466,107.61889138158524,-6.886276661050222
<NA>,11104669202,129.67951975199395,,,,Lebak Gede,Coblong,11156,107.61402535955843,-6.893083675418399
<NA>,11143200363,83.68767671737182,,,,Sukawarna,Sukajadi,14842,107.58035546708142,-6.8818266684699125
<NA>,11014872291,71.7064018410129,,,,Sukawarna,Sukajadi,14842,107.5799216499968,-6.881496000000142
<NA>,11014872291,82.59066814486745,,,,Sukawarna,Sukajadi,14842,107.58006259927524,-6.8814318324346875
<NA>,11014872291,75.13142867620027,,,,Sukawarna,Sukajadi,14842,107.57977433425134,-6.881703930791477
<NA>,11143200363,100.7940112219638,,,,Sukawarna,Sukajadi,14842,107.58008203828301,-6.881941594036582
<NA>,11143200363,75.496111024506,,,,Sukawarna,Sukajadi,14842,107.58048372947798,-6.881813408731493
<NA>,11143200363,75.06028661604698,,,,Sukawarna,Sukajadi,14842,107.58028531311427,-6.882055091778666
<NA>,11143200363,69.27475881487933,,,,Sukawarna,Sukajadi,14842,107.58036430657583,-6.882022221821092
<NA>,11143200363,63.25964908244172,,,,Sukawarna,Sukajadi,14842,107.58044157812925,-6.882007394730171
<NA>,11143200363,57.056649592989714,,,,Sukawarna,Sukajadi,14842,107.58053256448336,-6.881990128986321
<NA>,11347393969,85.51473310669033,,,,Sukawarna,Sukajadi,14842,107.58025251093339,-6.881395575101317
<NA>,11347393969,62.4555054175012,,,,Sukawarna,Sukajadi,14842,107.58043467044318,-6.8812841397321085
<NA>,11143200364,85.24943433420191,,,,Sukawarna,Sukajadi,14842,107.58035379999711,-6.881516800000626
<NA>,11143200364,95.55024799784933,,,,Sukawarna,Sukajadi,14842,107.5802640017826,-6.88155416870837
<NA>,11143200363,71.18468432524077,,,,Sukawarna,Sukajadi,14842,107.58069104999473,-6.881749400000286
<NA>,5458423164,20.07020029041983,,,,Sukagalih,Sukajadi,19076,107.58256915970738,-6.882649327697595
<NA>,1659928196,18.774967534121725,,,,Sukagalih,Sukajadi,19076,107.58237308220143,-6.882631441518207
<NA>,5458423162,35.49207916803769,,,,Sukagalih,Sukajadi,19076,107.5829460494241,-6.882636800469466
<NA>,5458423164,21.834795536955234,,,,Sukagalih,Sukajadi,19076,107.58278224393186,-6.882670403828541
<NA>,5458423372,57.43381640009654,,,,Sarijadi,Sukasari,27619,107.58089979939724,-6.879238432239737
<NA>,5458423372,43.35431218543572,,,,Sarijadi,Sukasari,27619,107.58085682787134,-6.879504776439191
<NA>,5458423372,58.825773039818294,,,,Sarijadi,Sukasari,27619,107.58076529551599,-6.879373846519246
<NA>,5458423372,66.0954600501476,,,,Sarijadi,Sukasari,27619,107.5806487330203,-6.879479225816835
<NA>,5458423372,70.34617159828824,,,,Sarijadi,Sukasari,27619,107.58058710359262,-6.879628752005573
<NA>,6443316201,70.62532220936842,,,,Sarijadi,Sukasari,27619,107.58043863969478,-6.879723383621747
<NA>,6443316201,57.00822086677421,,,,Sarijadi,Sukasari,27619,107.58029101612539,-6.879793778984959
<NA>,6443316201,44.60118269655408,,,,Sarijadi,Sukasari,27619,107.58018537593954,-6.879884837600717
<NA>,6443316201,64.84169664987378,,,,Sarijadi,Sukasari,27619,107.58062842251624,-6.8799686420931625
<NA>,6443316201,49.59911016166483,,,,Sarijadi,Sukasari,27619,107.58048391820525,-6.880003456298905
<NA>,6443316201,36.30019706280308,,,,Sarijadi,Sukasari,27619,107.58035028906457,-6.880037335906412
<NA>,6443316201,24.576148587960144,,,,Sarijadi,Sukasari,27619,107.58021928472401,-6.880079324348664
<NA>,5458423358,54.23309197001792,,,,Sarijadi,Sukasari,27619,107.57995974419971,-6.879327293594669
<NA>,5149655060,76.8486198780983,,,,Sarijadi,Sukasari,27619,107.58022696627927,-6.879427240370625
<NA>,5149655060,58.317176024576,,,,Sarijadi,Sukasari,27619,107.58019587683184,-6.879238541186152
<NA>,5149655060,76.92984399736312,,,,Sarijadi,Sukasari,27619,107.58033648545715,-6.87933626666961
<NA>,5149655060,59.54831863764716,,,,Sarijadi,Sukasari,27619,107.5803019500004,-6.879123750002682
<NA>,5149655060,78.16687940415277,,,,Sarijadi,Sukasari,27619,107.58043135000116,-6.879234650002686
<NA>,5149655060,81.37082064072825,,,,Sarijadi,Sukasari,27619,107.58052325172062,-6.8791174832050475
<NA>,5149655060,64.64202729079558,,,,Sarijadi,Sukasari,27619,107.58039380179251,-6.879029933312706
<NA>,5458423380,52.38541843322365,,,,Sarijadi,Sukasari,27619,107.57974324144708,-6.879616374559407
<NA>,5458423218,70.66628273626853,,,,Sarijadi,Sukasari,27619,107.57989263801397,-6.879691832875278
<NA>,3059941385,57.790946410369266,,,,Sarijadi,Sukasari,27619,107.57984950997874,-6.879830313323378
<NA>,3059941385,41.52947375724191,,,,Sarijadi,Sukasari,27619,107.57985985829846,-6.879989505576281
<NA>,5458423218,53.92090121103002,,,,Sarijadi,Sukasari,27619,107.57966834330578,-6.879793053974275
<NA>,10171907475,41.93590948904935,,,,Sarijadi,Sukasari,27619,107.57968693080018,-6.880013067437479
<NA>,3059941385,24.59319549903447,,,,Sarijadi,Sukasari,27619,107.57989701091817,-6.880152998823096
<NA>,10171907475,23.10753577347434,,,,Sarijadi,Sukasari,27619,107.57971791891165,-6.880203537585054
<NA>,5458423357,28.488496090000705,,,,Sarijadi,Sukasari,27619,107.57903256175463,-6.880394251664791
<NA>,3059940973,20.563444909227485,,,,Sarijadi,Sukasari,27619,107.57838432667725,-6.880483063388678
<NA>,1667980029,23.671809442000654,,,,Sarijadi,Sukasari,27619,107.57828467742031,-6.880421558983529
<NA>,5507066787,22.313068183684745,,,,Sarijadi,Sukasari,27619,107.57892039811406,-6.880351572940313
<NA>,3059938826,22.50520352543353,,,,Sarijadi,Sukasari,27619,107.57873050618097,-6.880267889135748
<NA>,6443175830,20.911660871888074,,,,Sarijadi,Sukasari,27619,107.57663745120524,-6.88041282267388
<NA>,1667213304,15.21293926899977,,,,Sarijadi,Sukasari,27619,107.57654156140057,-6.88049890933755
<NA>,1667213304,16.38602773944212,,,,Sarijadi,Sukasari,27619,107.57648757738745,-6.880606915952492
<NA>,1667213304,31.655739341967923,,,,Sarijadi,Sukasari,27619,107.5764121299561,-6.880770077119817
<NA>,1667213304,46.01249897400229,,,,Sarijadi,Sukasari,27619,107.57673385400511,-6.880738569108964
<NA>,1667980032,27.605045746706047,,,,Sarijadi,Sukasari,27619,107.57749911466021,-6.880713070871203
<NA>,3059940973,13.592093996016992,,,,Sarijadi,Sukasari,27619,107.57853736381534,-6.8806161032479825
<NA>,3059940973,19.96292402234149,,,,Sarijadi,Sukasari,27619,107.57845117263841,-6.880633665060361
<NA>,1667980029,15.256538111182206,,,,Sarijadi,Sukasari,27619,107.57826562362821,-6.8807068371494
<NA>,1667980029,15.451484752668469,,,,Sarijadi,Sukasari,27619,107.57815145000004,-6.880742200000891
<NA>,1667980029,23.680773971208993,,,,Sarijadi,Sukasari,27619,107.5783751867678,-6.880675910844102
<NA>,2962096532,47.595944126811844,,,,Taman Sari,Bandung Wetan,22984,107.60404991368115,-6.903893658576021
<NA>,25495439,66.09398331282549,,,,Taman Sari,Bandung Wetan,22984,107.60475747399069,-6.903689720826975
<NA>,9189145297,103.12900468869691,,,,Taman Sari,Bandung Wetan,22984,107.60527358800253,-6.902310604860672
<NA>,9189145297,104.00018292774288,,,,Taman Sari,Bandung Wetan,22984,107.60533121769575,-6.902485475173221
<NA>,9189145297,101.09501012364404,,,,Taman Sari,Bandung Wetan,22984,107.60531607466244,-6.902570199422085
<NA>,9189145297,102.00368778383304,,,,Taman Sari,Bandung Wetan,22984,107.60532609335924,-6.902708494492262
<NA>,2007385376,76.17827585696331,,,,Sukarasa,Sukasari,13710,107.58256369150199,-6.878008776222669
<NA>,5458423406,21.72915423695333,,,,Sukarasa,Sukasari,13710,107.58125155285872,-6.8785388082477565
<NA>,5458423406,41.46873546139743,,,,Sukarasa,Sukasari,13710,107.58143490444218,-6.87847470938687
<NA>,5458423406,52.304427160291,,,,Sukarasa,Sukasari,13710,107.58149670885778,-6.8783944075254535
<NA>,2007385376,39.99373228271317,,,,Sukarasa,Sukasari,13710,107.5816762125111,-6.878412494377963
<NA>,2007385376,29.271530586822404,,,,Sukarasa,Sukasari,13710,107.58166892627145,-6.8782713518957355
<NA>,2007396565,32.915124851892614,,,,Sukarasa,Sukasari,13710,107.5816512640805,-6.877499468594466
<NA>,2007396565,32.55195141705498,,,,Sukarasa,Sukasari,13710,107.58163476179301,-6.877689914621038
<NA>,2007396565,12.080052688133938,,,,Sukarasa,Sukasari,13710,107.58181353737646,-6.877639829880509
<NA>,2007396565,21.838595983709745,,,,Sukarasa,Sukasari,13710,107.58175637120526,-6.877515823545989
<NA>,2007396570,23.80847372660557,,,,Sukarasa,Sukasari,13710,107.58328469075863,-6.877466830167282
<NA>,2007396570,32.687731865749896,,,,Sukarasa,Sukasari,13710,107.58314207912443,-6.877502653522688
<NA>,2007396570,46.907366975328294,,,,Sukarasa,Sukasari,13710,107.5830053697519,-6.87749051604432
<NA>,2007396570,67.33932136951404,,,,Sukarasa,Sukasari,13710,107.58281159061374,-6.877487682882251
<NA>,2007396565,78.65217028175017,,,,Sukarasa,Sukasari,13710,107.58262425148857,-6.8775140364065575
<NA>,2007396565,60.662432652537206,,,,Sukarasa,Sukasari,13710,107.58245134963343,-6.877481682652498
<NA>,2007396565,44.80352551586339,,,,Sukarasa,Sukasari,13710,107.58229338826023,-6.877463054571675
<NA>,2007396565,28.336438706220047,,,,Sukarasa,Sukasari,13710,107.58213373319886,-6.877480278292232
<NA>,2007396565,27.545622452429495,,,,Sukarasa,Sukasari,13710,107.5821129387483,-6.877783267881406
<NA>,2007385373,39.1139458963773,,,,Sukarasa,Sukasari,13710,107.58285145000096,-6.878350600000589
<NA>,2007385373,37.880900843348186,,,,Sukarasa,Sukasari,13710,107.58269194999968,-6.878340599998445
<NA>,2007385373,33.507876782934304,,,,Sukarasa,Sukasari,13710,107.58301126030521,-6.878578303768718
<NA>,1654067465,44.62024724930262,,,,Sukarasa,Sukasari,13710,107.58301435000139,-6.878351200001208
<NA>,2007385367,30.17440065980313,,,,Sukarasa,Sukasari,13710,107.58314701415689,-6.878562739189554
<NA>,1654067465,25.40227166665003,,,,Sukarasa,Sukasari,13710,107.58321965228195,-6.8783520172456765
<NA>,1654067465,23.09478443620927,,,,Sukarasa,Sukasari,13710,107.58325225866271,-6.878032678510117
<NA>,1654067465,39.252340359954864,,,,Sukarasa,Sukasari,13710,107.5830793669859,-6.878013968458188
<NA>,1654067465,48.44653077960389,,,,Sukarasa,Sukasari,13710,107.5829856552521,-6.878014664232178
<NA>,2007396570,23.47194755926715,,,,Sukarasa,Sukasari,13710,107.58327441331586,-6.87782141247282
<NA>,2007396570,37.273082519655254,,,,Sukarasa,Sukasari,13710,107.58309691123209,-6.877799565075524
<NA>,2007396570,49.460801511729855,,,,Sukarasa,Sukasari,13710,107.58297479644017,-6.877792194204764
<NA>,2007396570,64.41972710074869,,,,Sukarasa,Sukasari,13710,107.58284123171364,-6.877818566255501
<NA>,2007396570,77.72104570435891,,,,Sukarasa,Sukasari,13710,107.58271548745698,-6.87781439344177
<NA>,2007396565,78.0000884614431,,,,Sukarasa,Sukasari,13710,107.58260182671289,-6.877810183808274
<NA>,2007396565,63.195729464436,,,,Sukarasa,Sukasari,13710,107.58247009926565,-6.877784079941961
<NA>,2007396565,47.166997768596985,,,,Sukarasa,Sukasari,13710,107.58230717085074,-6.877806100817402
<NA>,1654067465,65.08346982059173,,,,Sukarasa,Sukasari,13710,107.582831035782,-6.877996445798926
<NA>,2007385376,49.044738048404604,,,,Sukarasa,Sukasari,13710,107.58231141441723,-6.878000546750544
<NA>,2007385376,19.488830672947923,,,,Sukarasa,Sukasari,13710,107.58175888916075,-6.877991466970191
<NA>,2007385376,18.913887146692648,,,,Sukarasa,Sukasari,13710,107.58171434662239,-6.878142728204002
<NA>,5458423365,62.95559145271862,,,,Sukarasa,Sukasari,13710,107.58223270482156,-6.879660724722422
<NA>,1654067495,32.4185642267429,,,,Sukarasa,Sukasari,13710,107.58189142654591,-6.879525313396395
<NA>,5458423365,24.235621359656935,,,,Sukarasa,Sukasari,13710,107.58182947178948,-6.879899340791697
<NA>,5458423372,11.42823751270594,,,,Sarijadi,Sukasari,27619,107.58128473335096,-6.879561877839762
<NA>,5458423372,10.604521576919055,,,,Sarijadi,Sukasari,27619,107.58124171923826,-6.879738688263497
<NA>,5458423372,19.187059930296034,,,,Sarijadi,Sukasari,27619,107.58134361792959,-6.879769333732809
<NA>,5458423372,25.884779603305454,,,,Sarijadi,Sukasari,27619,107.58141007812098,-6.8797852769194865
<NA>,5458423365,22.372043864406997,,,,Sarijadi,Sukasari,27619,107.58147388748118,-6.8797972057771934
<NA>,5458423365,12.848511151826534,,,,Sarijadi,Sukasari,27619,107.58156863632833,-6.879805002372429
<NA>,5458423372,25.16199065287039,,,,Sarijadi,Sukasari,27619,107.58144698751977,-6.879604763978626
<NA>,5458423365,14.058531936245597,,,,Sarijadi,Sukasari,27619,107.58160757553308,-6.879638296718817
<NA>,5458423365,70.03803959655437,,,,Sukarasa,Sukasari,13710,107.58229427966977,-6.879640556717669
<NA>,9753461929,43.17230538006461,,,,Sukarasa,Sukasari,13710,107.5825836756231,-6.879527575944057
<NA>,9753461929,20.08509921081294,,,,Sukarasa,Sukasari,13710,107.58280894548851,-6.879577957114599
<NA>,2007385373,19.11796502145258,,,,Sukarasa,Sukasari,13710,107.58275346176836,-6.878851821121571
<NA>,2007385373,38.42089440479643,,,,Sukarasa,Sukasari,13710,107.58293875524427,-6.878955915981976
<NA>,10230353035,35.51593039164966,,,,Sukarasa,Sukasari,13710,107.58307270694017,-6.878901040878354
<NA>,10230353035,23.418281763838696,,,,Sukarasa,Sukasari,13710,107.5831838614394,-6.878920163320263
<NA>,10230353035,13.801175070513976,,,,Sukarasa,Sukasari,13710,107.58329105776794,-6.878922143023179
<NA>,10230353035,25.975837171693257,,,,Sukarasa,Sukasari,13710,107.58316756482967,-6.879132131213963
<NA>,9753461929,38.55946579222931,,,,Sukarasa,Sukasari,13710,107.58288859174745,-6.8791622323081425
<NA>,1654067495,58.52696220824002,,,,Sukarasa,Sukasari,13710,107.58225996665844,-6.879332400900798
<NA>,1654067495,68.16149264797816,,,,Sukarasa,Sukasari,13710,107.58234275572269,-6.879185371003927
<NA>,9753461929,44.13794159339172,,,,Sukarasa,Sukasari,13710,107.58263846287447,-6.879282928219146
<NA>,9753461929,67.27746479459853,,,,Sukarasa,Sukasari,13710,107.58239614904367,-6.8793075080063115
<NA>,1654067495,43.800166495152524,,,,Sukarasa,Sukasari,13710,107.58194148886508,-6.878941655051405
<NA>,1654067495,35.43666977945268,,,,Sukarasa,Sukasari,13710,107.5817856919025,-6.878962538861274
<NA>,1654067495,23.26988333041529,,,,Sukarasa,Sukasari,13710,107.58191033568794,-6.879164536025639
<NA>,1654067495,10.330464493883493,,,,Sukarasa,Sukasari,13710,107.58173861034945,-6.879185284432283
<NA>,1654067495,63.31612725747097,,,,Sukarasa,Sukasari,13710,107.58200345594977,-6.878773917614534
<NA>,1654067495,53.39122492911096,,,,Sukarasa,Sukasari,13710,107.58197054074532,-6.878858170118702
<NA>,1654067495,60.02764637860786,,,,Sukarasa,Sukasari,13710,107.58187770795575,-6.878755531393151
<NA>,1654067512,15.574699888051473,,,,Sarijadi,Sukasari,27619,107.58149647304401,-6.879329565980438
<NA>,1654067512,29.24186988538018,,,,Sarijadi,Sukasari,27619,107.58143865062232,-6.879464138343993
<NA>,1654067512,23.429003569133915,,,,Sarijadi,Sukasari,27619,107.58130183309946,-6.879358923980907
<NA>,5458423406,37.567929907064006,,,,Sukarasa,Sukasari,13710,107.58146918597222,-6.878718323544285
<NA>,1654067512,28.447870234111022,,,,Sukarasa,Sukasari,13710,107.58136495687731,-6.878954526704285
<NA>,5458423406,23.640698845318077,,,,Sarijadi,Sukasari,27619,107.58099896302107,-6.878861883446836
<NA>,5458423406,37.96707428364977,,,,Sarijadi,Sukasari,27619,107.58081517563599,-6.878829320521899
<NA>,5458423406,54.43533671262829,,,,Sarijadi,Sukasari,27619,107.58064882352731,-6.878795164360624
<NA>,5458423414,64.9790788968319,,,,Sarijadi,Sukasari,27619,107.58053144092493,-6.878748511720465
<NA>,5149616893,81.12165759450404,,,,Sekeloa,Coblong,27466,107.61710437463714,-6.886647461271414
<NA>,5149616893,12.190325185554842,,,,Sekeloa,Coblong,27466,107.61726190000019,-6.886014999999997
<NA>,5465992835,39.68935328459299,,,,Sekeloa,Coblong,27466,107.61755377227838,-6.886037251613139
<NA>,5149616893,46.456618182527436,,,,Sekeloa,Coblong,27466,107.6175598499998,-6.886144449999023
<NA>,5149616893,40.22523215871648,,,,Sekeloa,Coblong,27466,107.61750752055472,-6.886121656780777
<NA>,5465992835,41.753843882108136,,,,Sekeloa,Coblong,27466,107.61800273729206,-6.885467123915226
<NA>,5465992835,32.74316461251418,,,,Sekeloa,Coblong,27466,107.61783809614748,-6.885448448752974
<NA>,5465992835,38.06010508985171,,,,Sekeloa,Coblong,27466,107.61795128490853,-6.885463318272292
<NA>,5465992835,45.00711629018133,,,,Sekeloa,Coblong,27466,107.61796231291014,-6.885391858725103
<NA>,5465992835,55.544970186027655,,,,Sekeloa,Coblong,27466,107.61798428287672,-6.885292242464276
<NA>,5465992835,50.813598184531315,,,,Sekeloa,Coblong,27466,107.61799259919125,-6.885348993763177
<NA>,5465992835,63.07016056676468,,,,Sekeloa,Coblong,27466,107.6178402794845,-6.8851634719746855
<NA>,5465992835,25.589764088759395,,,,Sekeloa,Coblong,27466,107.61791617519557,-6.885592900981853
<NA>,5465992835,26.951688383556352,,,,Sekeloa,Coblong,27466,107.6178654951184,-6.885523245419721
<NA>,5465992835,33.942477266226504,,,,Sekeloa,Coblong,27466,107.61789110000018,-6.885464250000287
<NA>,5465992835,25.32282192947008,,,,Sekeloa,Coblong,27466,107.61780450000022,-6.885507250000362
<NA>,5465992835,40.928209769521196,,,,Sekeloa,Coblong,27466,107.61782322984116,-6.885365145058245
<NA>,5465992835,27.337177029632855,,,,Sekeloa,Coblong,27466,107.61771412153536,-6.885474553141117
<NA>,5465992835,32.98764185447391,,,,Sekeloa,Coblong,27466,107.61773383638132,-6.885423471274453
<NA>,5465992835,35.845323744126915,,,,Sekeloa,Coblong,27466,107.6176533420919,-6.885405224617267
<NA>,5465992835,50.84681635875164,,,,Sekeloa,Coblong,27466,107.61770361982347,-6.885262358319282
<NA>,1381569136,47.49307695083577,,,,Sekeloa,Coblong,27466,107.61766637518149,-6.8851996444688055
<NA>,5465992835,49.232533093603756,,,,Sekeloa,Coblong,27466,107.61785223058638,-6.8852954198528105
<NA>,3443083570,57.25236231640895,,,,Sekeloa,Coblong,27466,107.6180056290306,-6.88640093147918
<NA>,3443083602,79.3201006387364,,,,Sekeloa,Coblong,27466,107.61736060837224,-6.8866326088714125
<NA>,3443083602,62.69492819142798,,,,Sekeloa,Coblong,27466,107.61747913797835,-6.886753072346495
<NA>,5149616893,61.62953114923242,,,,Sekeloa,Coblong,27466,107.6168779844348,-6.886372802636664
<NA>,5149616893,67.38601696753508,,,,Sekeloa,Coblong,27466,107.61704486714851,-6.886508982779625
<NA>,3443083602,81.34121992404619,,,,Sekeloa,Coblong,27466,107.61717619311024,-6.88671201904649
<NA>,5149616893,78.7330052070369,,,,Sekeloa,Coblong,27466,107.61717275529287,-6.886631992352917
<NA>,3443083602,76.06882810665887,,,,Sekeloa,Coblong,27466,107.61729536472936,-6.886693769731694
<NA>,3443083602,59.44155853830376,,,,Sekeloa,Coblong,27466,107.61738456959077,-6.886817285431243
<NA>,3443083602,62.64403691711932,,,,Sekeloa,Coblong,27466,107.61733041880527,-6.8868128511588
<NA>,5149616893,79.11127200422625,,,,Sekeloa,Coblong,27466,107.61692964407872,-6.886581389435964
<NA>,5149616893,76.73758519289309,,,,Sekeloa,Coblong,27466,107.61697407828018,-6.886575439265407
<NA>,5149616893,82.29586271745288,,,,Sekeloa,Coblong,27466,107.61694052448702,-6.88661666521895
<NA>,5149616901,85.13155342848692,,,,Sekeloa,Coblong,27466,107.6169253104587,-6.886654760984173
<NA>,5149616893,82.88858450428981,,,,Sekeloa,Coblong,27466,107.61698541418316,-6.886637641842454
<NA>,3443083602,85.21149447354952,,,,Sekeloa,Coblong,27466,107.61709639304794,-6.8867320347707635
<NA>,3443083602,85.51007259498932,,,,Sekeloa,Coblong,27466,107.6170442821928,-6.886779754975562
<NA>,3443083602,79.90659222143377,,,,Sekeloa,Coblong,27466,107.61709627722516,-6.886798574247455
<NA>,5465992976,86.1839867972609,,,,Sekeloa,Coblong,27466,107.61689428782292,-6.886792457490502
<NA>,5149616893,89.7439102431444,,,,Sekeloa,Coblong,27466,107.61701526339797,-6.886709920429195
<NA>,5149616901,88.79061512069988,,,,Sekeloa,Coblong,27466,107.61692074660677,-6.886711852949744
<NA>,3443083602,72.38756704914216,,,,Sekeloa,Coblong,27466,107.61709817050988,-6.886899236250013
<NA>,5465992976,75.80994416593184,,,,Sekeloa,Coblong,27466,107.61701403405088,-6.886905532334747
<NA>,5465992976,49.23233338697888,,,,Sekeloa,Coblong,27466,107.6169039153805,-6.8871286335018675
<NA>,5465992976,57.23575007023986,,,,Sekeloa,Coblong,27466,107.61680366280184,-6.887054347150897
<NA>,5465992976,65.84097979005614,,,,Sekeloa,Coblong,27466,107.61671719040356,-6.886988999734879
<NA>,5465992976,68.43679472831954,,,,Sekeloa,Coblong,27466,107.61665340971706,-6.886982204772413
<NA>,5465992977,71.23469472600567,,,,Sekeloa,Coblong,27466,107.616594985002,-6.886946653363446
<NA>,5465992976,79.42090140430865,,,,Sekeloa,Coblong,27466,107.61679774999963,-6.886853749999397
<NA>,5149616901,82.94871676230814,,,,Sekeloa,Coblong,27466,107.61681485651367,-6.8867429323568725
<NA>,5149616901,78.01155925566736,,,,Sekeloa,Coblong,27466,107.61670038908731,-6.886773424331656
<NA>,5149616901,78.54591849370361,,,,Sekeloa,Coblong,27466,107.61687064063658,-6.886627811306618
<NA>,5149616901,66.85522816661324,,,,Sekeloa,Coblong,27466,107.61662042342964,-6.886704033776885
<NA>,5149616901,63.302681767243264,,,,Sekeloa,Coblong,27466,107.61669601728534,-6.886610952563945
<NA>,5149616901,71.37681466706448,,,,Sekeloa,Coblong,27466,107.61679925205293,-6.88661157073188
<NA>,5149616901,67.40135570031254,,,,Sekeloa,Coblong,27466,107.61679778805797,-6.886557625266336
<NA>,5149616901,58.29117842090721,,,,Sekeloa,Coblong,27466,107.61670573096207,-6.886538553312282
<NA>,5149616901,51.46238924638497,,,,Sekeloa,Coblong,27466,107.61670377973239,-6.886442408056208
<NA>,5149616901,61.46571047884621,,,,Sekeloa,Coblong,27466,107.61680035878464,-6.886458703013129
<NA>,5149616901,57.520993314696696,,,,Sekeloa,Coblong,27466,107.61681890189779,-6.886325585942298
<NA>,5149616901,55.004854307658896,,,,Sekeloa,Coblong,27466,107.6168126760462,-6.886245155416414
<NA>,5149616893,62.25984297062436,,,,Sekeloa,Coblong,27466,107.6174346551945,-6.886434475230633
<NA>,5149616893,53.05835674265487,,,,Sekeloa,Coblong,27466,107.61728732069525,-6.886393401171282
<NA>,5149616893,27.81356741991571,,,,Sekeloa,Coblong,27466,107.61743774031606,-6.886014217097733
<NA>,5149616893,20.691627253668287,,,,Sekeloa,Coblong,27466,107.61733044972819,-6.886059106111282
<NA>,5149616893,41.921332030189085,,,,Sekeloa,Coblong,27466,107.61709466716516,-6.886283898376165
<NA>,5149616893,41.03770929682748,,,,Sekeloa,Coblong,27466,107.61735855892525,-6.886258389343266
<NA>,5149616893,40.60064778546423,,,,Sekeloa,Coblong,27466,107.61725512431771,-6.886284532771357
<NA>,5149616893,32.634291435208105,,,,Sekeloa,Coblong,27466,107.61724811822154,-6.886212804996697
<NA>,5149616893,31.55160597672247,,,,Sekeloa,Coblong,27466,107.61736775000094,-6.886154750001697
<NA>,5149616893,24.076216093007528,,,,Sekeloa,Coblong,27466,107.61724677602741,-6.886134547008673
<NA>,5149616893,25.828565819062025,,,,Sekeloa,Coblong,27466,107.61713187482053,-6.886143162205618
<NA>,5149616893,14.125752076967597,,,,Sekeloa,Coblong,27466,107.61711813038963,-6.886015607318795
<NA>,5149616893,8.044405224484121,,,,Sekeloa,Coblong,27466,107.61714872091532,-6.885874067941088
<NA>,5465992835,27.654309939515834,,,,Sekeloa,Coblong,27466,107.61752613470796,-6.8858744614149305
<NA>,5465992835,15.412680930565536,,,,Sekeloa,Coblong,27466,107.61758451019796,-6.885725975485257
<NA>,5465992835,13.390483047154518,,,,Sekeloa,Coblong,27466,107.61762369426708,-6.885653330652194
<NA>,1381569136,23.680748741005036,,,,Sekeloa,Coblong,27466,107.6174122320557,-6.88520818968488
<NA>,1381569136,39.03970874343653,,,,Sekeloa,Coblong,27466,107.61754370948591,-6.8852681982341055
<NA>,5465992835,42.86061792603334,,,,Sekeloa,Coblong,27466,107.617500348123,-6.8854049435419125
<NA>,5465992835,37.17856899068104,,,,Sekeloa,Coblong,27466,107.61744873991405,-6.885528239733778
<NA>,5465992835,39.52129853156515,,,,Sekeloa,Coblong,27466,107.61738916767166,-6.885596066677165
<NA>,5465992835,33.96353002577694,,,,Sekeloa,Coblong,27466,107.61743725000032,-6.885611000000118
<NA>,5465992835,24.547242482473788,,,,Sekeloa,Coblong,27466,107.61752535464542,-6.885622030601973
<NA>,5465992835,26.934693234816972,,,,Sekeloa,Coblong,27466,107.61748293027782,-6.885685391111459
<NA>,11057129571,33.425397416708485,,,,Sekeloa,Coblong,27466,107.61737793828807,-6.885351737193789
<NA>,11057129571,35.9760939732018,,,,Sekeloa,Coblong,27466,107.61733740000044,-6.885474950000307
<NA>,5149616893,41.6722877877804,,,,Sekeloa,Coblong,27466,107.61733348372863,-6.885567517522201
<NA>,11057129571,38.84444264200249,,,,Sekeloa,Coblong,27466,107.6172798500002,-6.88556019999934
<NA>,5149616893,21.50413545741737,,,,Sekeloa,Coblong,27466,107.61727702223152,-6.885741057764111
<NA>,5149616893,31.06566686167377,,,,Sekeloa,Coblong,27466,107.61727066129546,-6.8856484655515064
<NA>,11057129571,30.496878543537626,,,,Sekeloa,Coblong,27466,107.6172257500002,-6.885504900000254
<NA>,11057129571,28.00361801532387,,,,Sekeloa,Coblong,27466,107.61727409494571,-6.885437818734972
<NA>,5149616893,30.57941230116837,,,,Sekeloa,Coblong,27466,107.61717695,-6.885646199999928
<NA>,11057129571,31.749713387646644,,,,Sekeloa,Coblong,27466,107.61716422408668,-6.8855427408566445
<NA>,11057129571,22.625451735699553,,,,Sekeloa,Coblong,27466,107.61715391006418,-6.885459691170556
<NA>,11057129571,23.435309575887054,,,,Sekeloa,Coblong,27466,107.61729751463002,-6.8852984874905605
<NA>,11057129571,15.034540630077863,,,,Sekeloa,Coblong,27466,107.61721965594185,-6.885300346520556
<NA>,11057129571,16.662775916877038,,,,Sekeloa,Coblong,27466,107.61717861504927,-6.885386475049062
<NA>,11057129571,8.324808693866673,,,,Sekeloa,Coblong,27466,107.61712506128046,-6.885331635142491
<NA>,5458423399,86.58642339766165,,,,Sukarasa,Sukasari,13710,107.58114315000073,-6.877822505463847
<NA>,5458423409,34.344572888337055,,,,Sarijadi,Sukasari,27619,107.58067856504296,-6.877661814238397
<NA>,5458423409,13.391226100267545,,,,Sarijadi,Sukasari,27619,107.58048844021546,-6.877655871165863
<NA>,5149655060,24.7608450250112,,,,Sarijadi,Sukasari,27619,107.57961477949542,-6.878880629621825
<NA>,2019226406,27.813773014782754,,,,Sarijadi,Sukasari,27619,107.57821219841955,-6.879434567700988
<NA>,2019226406,42.033528748221855,,,,Sarijadi,Sukasari,27619,107.57833290000261,-6.879500599998934
<NA>,5458423218,15.968467374219397,,,,Sarijadi,Sukasari,27619,107.5793944655756,-6.8795858954802345
<NA>,3059933416,21.40916691511129,,,,Sarijadi,Sukasari,27619,107.57940644290693,-6.878034121297844
<NA>,3059933416,16.508700880396905,,,,Sarijadi,Sukasari,27619,107.57945864149556,-6.878070307893241
<NA>,3059933417,21.822788175080014,,,,Sarijadi,Sukasari,27619,107.57933493001066,-6.8781588333367845
<NA>,10171907475,41.29893685888714,,,,Sarijadi,Sukasari,27619,107.57936528764489,-6.88010732610923
<NA>,5458423358,69.4866209463662,,,,Sarijadi,Sukasari,27619,107.57997060375828,-6.8795417119930615
<NA>,5149655060,55.089786021316556,,,,Sarijadi,Sukasari,27619,107.58008030442102,-6.8792868639752225
<NA>,5458423380,51.09027842081453,,,,Sarijadi,Sukasari,27619,107.5797946851131,-6.879492768484757
<NA>,5458423358,17.32156499497706,,,,Sarijadi,Sukasari,27619,107.57956941621798,-6.879247899706199
<NA>,5458423380,17.807373949069472,,,,Sarijadi,Sukasari,27619,107.57951613928525,-6.879374015790744
<NA>,5458423406,33.31477966270808,,,,Sarijadi,Sukasari,27619,107.58088665636659,-6.878516483948035
<NA>,5456175376,67.0613099695055,,,,Sukarasa,Sukasari,13710,107.58104791293255,-6.87759466869295
<NA>,5458423409,68.31518952720592,,,,Sukarasa,Sukasari,13710,107.58097528489601,-6.877782880430893
<NA>,5458423399,56.019487920319,,,,Sukarasa,Sukasari,13710,107.58094908944236,-6.877574230911298
<NA>,2007396565,71.05906569636959,,,,Sukarasa,Sukasari,13710,107.58129108534135,-6.87750024659306
<NA>,2007396565,61.1608618700494,,,,Sukarasa,Sukasari,13710,107.58136908162865,-6.877599971430813
<NA>,2007396565,46.49259321679779,,,,Sukarasa,Sukasari,13710,107.58150175547726,-6.8776022796071485
<NA>,2007396565,45.88508497056346,,,,Sukarasa,Sukasari,13710,107.58156077217073,-6.877828599214045
<NA>,2007396565,54.48459954615328,,,,Sukarasa,Sukasari,13710,107.58145932454867,-6.877794159475767
<NA>,2007385376,73.0076866483754,,,,Sukarasa,Sukasari,13710,107.5812441886417,-6.877950925633796
<NA>,2007385376,74.1009014672017,,,,Sukarasa,Sukasari,13710,107.58121979377236,-6.878022871032538
<NA>,5458423409,76.75283387707209,,,,Sukarasa,Sukasari,13710,107.5809996601593,-6.877956882453173
<NA>,5458423409,56.43875892769349,,,,Sarijadi,Sukasari,27619,107.58084121387495,-6.877860519260503
<NA>,5458423409,37.6482043294681,,,,Sarijadi,Sukasari,27619,107.58065352111603,-6.877854730994797
<NA>,5458423409,44.64011007490501,,,,Sarijadi,Sukasari,27619,107.58072710125737,-6.877853722042862
<NA>,5458423411,37.299179255684074,,,,Sarijadi,Sukasari,27619,107.58058237117427,-6.87794028645655
<NA>,5458423409,57.13254653389759,,,,Sarijadi,Sukasari,27619,107.58080913280551,-6.87793817023091
<NA>,5458423411,46.684077730499844,,,,Sarijadi,Sukasari,27619,107.58054217610949,-6.878260716917034
<NA>,5458423411,62.31764643133703,,,,Sarijadi,Sukasari,27619,107.58076454044854,-6.878180118932623
<NA>,5458423411,59.85779781625885,,,,Sarijadi,Sukasari,27619,107.58076738922824,-6.878104526465138
<NA>,5458423411,60.730619799982236,,,,Sarijadi,Sukasari,27619,107.58079127005935,-6.878022941990321
<NA>,5458423406,78.15445615499436,,,,Sukarasa,Sukasari,13710,107.58111823389237,-6.877987230291909
<NA>,5458423406,74.4745753610141,,,,Sukarasa,Sukasari,13710,107.58099538589123,-6.8780340452959265
<NA>,5458423406,64.62190336913648,,,,Sukarasa,Sukasari,13710,107.58107479000043,-6.878112068579055
<NA>,5458423411,69.62924298867976,,,,Sarijadi,Sukasari,27619,107.5808582362203,-6.878105950800653
<NA>,5458423406,59.31790737698924,,,,Sukarasa,Sukasari,13710,107.58100303627961,-6.878172681316083
<NA>,5458423406,52.44921150087478,,,,Sukarasa,Sukasari,13710,107.58099982091328,-6.878237740798815
<NA>,5458423406,59.446415653462104,,,,Sukarasa,Sukasari,13710,107.5813525358875,-6.878204205422745
<NA>,5458423406,25.57036844051834,,,,Sukarasa,Sukasari,13710,107.58113943411142,-6.878462499472237
<NA>,5458423406,63.38892177779167,,,,Sarijadi,Sukasari,27619,107.58086238434578,-6.87818704097106
<NA>,5458423406,58.360041175479445,,,,Sarijadi,Sukasari,27619,107.58087299229558,-6.878233002649923
<NA>,5458423411,62.054657178450014,,,,Sarijadi,Sukasari,27619,107.58072017015549,-6.878259775594873
<NA>,2493841788,14.483942075457724,,,,Neglasari,Cibeunying Kaler,9811,107.63798567881607,-6.895324346615436
<NA>,3274613169,17.261619989965705,,,,Neglasari,Cibeunying Kaler,9811,107.63820275000228,-6.894507400004708
<NA>,3274613169,15.772030977854662,,,,Neglasari,Cibeunying Kaler,9811,107.63815450000149,-6.894647400003029
<NA>,3274613169,39.58394667714326,,,,Neglasari,Cibeunying Kaler,9811,107.63828745000126,-6.894817700004617
<NA>,3274613169,46.302159655032575,,,,Neglasari,Cibeunying Kaler,9811,107.63826802938468,-6.894906669098655
<NA>,3274613164,27.65246699122041,,,,Neglasari,Cibeunying Kaler,9811,107.63618289972267,-6.894391334473682
<NA>,3274613169,95.26612454066462,,,,Neglasari,Cibeunying Kaler,9811,107.63719127933201,-6.8945803244952595
<NA>,3274613169,83.43932161239815,,,,Neglasari,Cibeunying Kaler,9811,107.63729912781034,-6.894595839538376
<NA>,2493841788,59.467502422820466,,,,Neglasari,Cibeunying Kaler,9811,107.63741721480578,-6.894973430449934
<NA>,3274613169,65.67342156357851,,,,Neglasari,Cibeunying Kaler,9811,107.63746300000119,-6.894622999999039
<NA>,5474692028,42.68440943442316,,,,Neglasari,Cibeunying Kaler,9811,107.63640867817595,-6.894099561561483
<NA>,13751828694,36.32705807632822,,,,Pasirkaliki,Cicendo,9144,107.6023584431864,-6.909944774347339
<NA>,11359244717,56.83269154846284,,,,Sukagalih,Sukajadi,19076,107.5885383456109,-6.882620474738724
<NA>,4167718058,27.99324252944845,,,,Sukagalih,Sukajadi,19076,107.59004443071734,-6.881624423041068
<NA>,29378495,46.691612574225246,,,,Sukagalih,Sukajadi,19076,107.58716423519415,-6.8801740219535406
<NA>,29378453,119.7162938623955,,,,Sukagalih,Sukajadi,19076,107.58638419999419,-6.880344400000654
<NA>,29378453,122.29645940630623,,,,Sukagalih,Sukajadi,19076,107.58624404692684,-6.880366030747788
<NA>,29378453,124.55216521928199,,,,Sukagalih,Sukajadi,19076,107.58610693361635,-6.880408981887664
<NA>,29378469,123.69922624084931,,,,Sukagalih,Sukajadi,19076,107.58597785414109,-6.88045521979891
<NA>,29378469,109.49328953115165,,,,Sukagalih,Sukajadi,19076,107.58585119405564,-6.8804778193036
<NA>,2315686463,22.821670329139877,,,,Sukagalih,Sukajadi,19076,107.58740575922785,-6.881585901526626
<NA>,29377827,97.32716884682276,,,,Sukagalih,Sukajadi,19076,107.58768939106375,-6.882317322726724
<NA>,2315686463,92.23067759117237,,,,Sukagalih,Sukajadi,19076,107.58766630000157,-6.882187450002571
<NA>,29378453,68.28651995060963,,,,Sukagalih,Sukajadi,19076,107.58606235000047,-6.881223150000664
<NA>,29378456,96.57822347980996,,,,Sukagalih,Sukajadi,19076,107.58579837228612,-6.881134072640903
<NA>,4167718058,32.90548944545484,,,,Sukagalih,Sukajadi,19076,107.58997765000315,-6.88212655000495
<NA>,29378760,37.19975703188356,,,,Sukagalih,Sukajadi,19076,107.58982368154878,-6.882291148482099
<NA>,29378760,40.69737105001835,,,,Sukagalih,Sukajadi,19076,107.58989919999888,-6.882409449997931
<NA>,29378760,44.41534157342719,,,,Sukagalih,Sukajadi,19076,107.5898912936997,-6.882650008574763
<NA>,11359244717,39.84122682140053,,,,Sukagalih,Sukajadi,19076,107.58871534999957,-6.882652449999186
<NA>,11359244717,31.989800599952144,,,,Sukagalih,Sukajadi,19076,107.5888096175646,-6.882666788099932
<NA>,11359244717,23.102349828707254,,,,Sukagalih,Sukajadi,19076,107.58896449999891,-6.882681049997821
<NA>,11359244717,21.20053780097735,,,,Sukagalih,Sukajadi,19076,107.58908114999889,-6.88266974999788
<NA>,11359244717,25.339629965728673,,,,Sukagalih,Sukajadi,19076,107.58918579999948,-6.8826554499989
<NA>,29378760,32.90480292392803,,,,Sukagalih,Sukajadi,19076,107.58930444999822,-6.882651799996569
<NA>,29378760,24.80184409624587,,,,Sukagalih,Sukajadi,19076,107.5894325533293,-6.882663424650978
<NA>,11359244717,47.92366579580369,,,,Sukagalih,Sukajadi,19076,107.58863624999917,-6.882656449998428
<NA>,11359244717,67.62604701091381,,,,Sukagalih,Sukajadi,19076,107.58843609999846,-6.882613199997177
<NA>,29377827,82.52849287316573,,,,Sukagalih,Sukajadi,19076,107.58815029090144,-6.882623470959849
<NA>,29377827,66.35939488713274,,,,Sukagalih,Sukajadi,19076,107.58771043847892,-6.882598194270531
<NA>,29377827,52.791788721448334,,,,Sukagalih,Sukajadi,19076,107.58769915000336,-6.882720350005185
<NA>,29377827,62.4867969758818,,,,Sukagalih,Sukajadi,19076,107.58744565000448,-6.882679700007101
<NA>,2315686463,38.53129679191701,,,,Sukagalih,Sukajadi,19076,107.58710735000457,-6.881802350007281
<NA>,2315686463,45.72731917167834,,,,Sukagalih,Sukajadi,19076,107.58710875000425,-6.88187155000674
<NA>,29378425,31.53681906260151,,,,Sukagalih,Sukajadi,19076,107.58696554999936,-6.882506699998817
<NA>,29378425,25.502283965755197,,,,Sukagalih,Sukajadi,19076,107.58690819999939,-6.882506999998884
<NA>,29378425,19.91723372377545,,,,Sukagalih,Sukajadi,19076,107.58685289999931,-6.882508349998732
<NA>,29378425,14.013003913723963,,,,Sukagalih,Sukajadi,19076,107.58678984999962,-6.882508649999229
<NA>,29378426,89.73370525103329,,,,Sukagalih,Sukajadi,19076,107.58572770000254,-6.881705750003518
<NA>,10975877211,79.70537150329007,,,,Sukagalih,Sukajadi,19076,107.58554672602538,-6.881705234323425
<NA>,9387184808,30.744306614042273,,,,Sukagalih,Sukajadi,19076,107.5849370499988,-6.88198569999702
<NA>,10975877211,41.1010672086582,,,,Sukagalih,Sukajadi,19076,107.5850373500006,-6.881951400000839
<NA>,10975877211,56.584019698258786,,,,Sukagalih,Sukajadi,19076,107.58533942443272,-6.881673215776123
<NA>,29378454,65.32987237780888,,,,Sukagalih,Sukajadi,19076,107.58610626880247,-6.881729835831318
<NA>,29378453,22.316521057258438,,,,Sukagalih,Sukajadi,19076,107.58649484999822,-6.881512349996521
<NA>,29378453,16.329212051252835,,,,Sukagalih,Sukajadi,19076,107.58657929999818,-6.881517349996768
<NA>,29378426,67.86873041481198,,,,Sukagalih,Sukajadi,19076,107.58579612541826,-6.882025991805316
<NA>,29378426,81.47813220402912,,,,Sukagalih,Sukajadi,19076,107.58595409327705,-6.8820423954896235
<NA>,29378452,51.218379749283656,,,,Sukagalih,Sukajadi,19076,107.58629366142492,-6.882689429851334
<NA>,29378425,67.17121103145,,,,Sukagalih,Sukajadi,19076,107.58611899424984,-6.882633174784422
<NA>,29378426,77.82514828737183,,,,Sukagalih,Sukajadi,19076,107.58598652449196,-6.882598259718982
<NA>,29378426,39.8135795504312,,,,Sukagalih,Sukajadi,19076,107.58561509540893,-6.882593924658316
<NA>,29378424,14.114759976145002,,,,Sukagalih,Sukajadi,19076,107.58478257522367,-6.882255138450943
<NA>,9387184808,13.715566403691541,,,,Sukagalih,Sukajadi,19076,107.5846974311706,-6.8822531359861605
<NA>,9387184808,16.420087337167168,,,,Sukagalih,Sukajadi,19076,107.58460754999999,-6.882246099999711
<NA>,9387184808,22.751095622923675,,,,Sukagalih,Sukajadi,19076,107.5845287815365,-6.882244664047429
<NA>,29378495,18.78237865058134,,,,Sukagalih,Sukajadi,19076,107.58728844999413,-6.879697400000106
<NA>,29378495,25.551549982819,,,,Sukagalih,Sukajadi,19076,107.58719429860388,-6.8797212316701275
<NA>,29378495,35.902970387472116,,,,Sukagalih,Sukajadi,19076,107.58708759753122,-6.879739580751582
<NA>,29378495,52.85243143991327,,,,Sukagalih,Sukajadi,19076,107.58692710000207,-6.8797621000019324
<NA>,29378495,48.93945656127797,,,,Sukagalih,Sukajadi,19076,107.58695999058268,-6.8798623800720495
<NA>,29378495,66.36891603088199,,,,Sukagalih,Sukajadi,19076,107.58680077007008,-6.879825036579888
<NA>,29378495,81.38763125726179,,,,Sukagalih,Sukajadi,19076,107.58666777177118,-6.879888768015177
<NA>,1396740159,82.63075102582482,,,,Sukarasa,Sukasari,13710,107.58763967187056,-6.878757187075872
<NA>,1396740159,68.1288144786867,,,,Sukarasa,Sukasari,13710,107.58761735000611,-6.878615050005358
<NA>,1773594472,80.32075806278475,,,,Sukarasa,Sukasari,13710,107.58744896503981,-6.8788275215225125
<NA>,10167710741,93.63360744337349,,,,Sukarasa,Sukasari,13710,107.5865592000017,-6.879061400002319
<NA>,29378469,40.504861482338974,,,,Sukagalih,Sukajadi,19076,107.58520534482152,-6.880734674705066
<NA>,29378469,26.835980898428463,,,,Sukagalih,Sukajadi,19076,107.58506080000028,-6.880739600001807
<NA>,29378469,77.29921731224846,,,,Sukagalih,Sukajadi,19076,107.5854691666571,-6.880236566686303
<NA>,29378469,65.81156814958372,,,,Sukagalih,Sukajadi,19076,107.58536242836212,-6.880261927188651
<NA>,29378469,50.815275050958824,,,,Sukagalih,Sukajadi,19076,107.58524084999712,-6.880324500000556
<NA>,29378469,39.69566455089677,,,,Sukagalih,Sukajadi,19076,107.58511475267336,-6.880332269690552
<NA>,29378469,27.595906652744887,,,,Sukagalih,Sukajadi,19076,107.58499185353317,-6.880376220273555
<NA>,29378469,20.27234191588666,,,,Sukagalih,Sukajadi,19076,107.58486530131397,-6.8804094183479165
<NA>,29378469,17.46368519774469,,,,Sukagalih,Sukajadi,19076,107.58476774999475,-6.88047050000007
<NA>,29378469,26.1193763428355,,,,Sukagalih,Sukajadi,19076,107.58465864999451,-6.880482950000196
<NA>,29378469,36.499573934401226,,,,Sukagalih,Sukajadi,19076,107.58454290000087,-6.880534600002343
<NA>,5458423133,41.5650092631416,,,,Sukagalih,Sukajadi,19076,107.58439628676541,-6.880578660346779
<NA>,11347398625,27.537426868957922,,,,Sukarasa,Sukasari,13710,107.58475324472805,-6.879186979727997
<NA>,11347398625,48.08227792527354,,,,Sukarasa,Sukasari,13710,107.58498989999993,-6.8791504500014895
<NA>,29378469,84.9495181901337,,,,Sukagalih,Sukajadi,19076,107.58527373258984,-6.8799408727095965
<NA>,29378469,98.90319736916734,,,,Sukagalih,Sukajadi,19076,107.58547574999419,-6.879937100002839
<NA>,29378495,124.9116923870161,,,,Sukagalih,Sukajadi,19076,107.58628334485357,-6.879988290949074
<NA>,29378469,144.3641634469359,,,,Sukagalih,Sukajadi,19076,107.58607954510653,-6.880107381036555
<NA>,29378469,134.33563497718785,,,,Sukagalih,Sukajadi,19076,107.58599360000092,-6.880136700000844
<NA>,29378469,124.69714092026322,,,,Sukagalih,Sukajadi,19076,107.58589444999943,-6.880126650000781
<NA>,29378495,102.79408834995797,,,,Sukagalih,Sukajadi,19076,107.58650674338821,-6.87957088035829
<NA>,10167710741,121.59017289155253,,,,Sukagalih,Sukajadi,19076,107.58620530279376,-6.879668918907021
<NA>,10167710741,129.09294852945376,,,,Sukagalih,Sukajadi,19076,107.58603513153332,-6.879785211958093
<NA>,1773594472,31.635832707966653,,,,Sukarasa,Sukasari,13710,107.58703538214154,-6.8784814775855825
<NA>,1773594472,46.63490576094121,,,,Sukarasa,Sukasari,13710,107.58684099675648,-6.878544010447672
<NA>,10167710741,76.35181050142565,,,,Sukarasa,Sukasari,13710,107.58651689664023,-6.878638530447812
<NA>,10167710741,66.2065125856531,,,,Sukarasa,Sukasari,13710,107.58641709999009,-6.878735249999013
<NA>,10167710741,52.32569335465837,,,,Sukarasa,Sukasari,13710,107.58629434999852,-6.878707950000834
<NA>,10167710741,42.539065273866036,,,,Sukarasa,Sukasari,13710,107.58619989999578,-6.878729700000152
<NA>,10167710741,30.982937119472783,,,,Sukarasa,Sukasari,13710,107.5860514379302,-6.878804306153856
<NA>,10167710741,27.51929521420911,,,,Sukarasa,Sukasari,13710,107.58580695668948,-6.8788853201622535
<NA>,10167710741,39.78436687931727,,,,Sukarasa,Sukasari,13710,107.58562479999568,-6.878935100000321
<NA>,10167710741,63.58167511268481,,,,Sukarasa,Sukasari,13710,107.58538860390804,-6.879009716991641
<NA>,11347398625,66.8311724146264,,,,Sukarasa,Sukasari,13710,107.58518083724078,-6.879059578812875
<NA>,11347398625,69.17180261578685,,,,Sukarasa,Sukasari,13710,107.58488705875008,-6.879553396539283
<NA>,2035848405,29.018521034348968,,,,Sukarasa,Sukasari,13710,107.58521341598141,-6.878240887784633
<NA>,2035848405,24.4382807284134,,,,Sukarasa,Sukasari,13710,107.58536125935996,-6.878189367441801
<NA>,2035848399,14.709184314815056,,,,Sukarasa,Sukasari,13710,107.58621108468917,-6.877589764584379
<NA>,2035848399,34.21230682174619,,,,Sukarasa,Sukasari,13710,107.58601200000103,-6.8776000500004
<NA>,2035848399,45.99092085093633,,,,Sukarasa,Sukasari,13710,107.58599694039675,-6.8774050746776405
<NA>,2035848401,42.89804475860462,,,,Sukarasa,Sukasari,13710,107.58569503771331,-6.8774578244601905
<NA>,2035848405,58.22178248651281,,,,Sukarasa,Sukasari,13710,107.58511042413163,-6.877486259122477
<NA>,2035848401,28.931401245189992,,,,Sukarasa,Sukasari,13710,107.58569986616543,-6.8775889828390175
<NA>,2035848401,15.31079516377091,,,,Sukarasa,Sukasari,13710,107.58568409197233,-6.877750778166413
<NA>,2035848405,36.28171111847557,,,,Sukarasa,Sukasari,13710,107.5854801255398,-6.877730039160282
<NA>,2035848405,60.48470082930412,,,,Sukarasa,Sukasari,13710,107.58472862568028,-6.878008107108551
<NA>,2035848405,28.910980807491608,,,,Sukarasa,Sukasari,13710,107.58510674511805,-6.877786124822696
<NA>,1773594475,36.83473141325285,,,,Sukarasa,Sukasari,13710,107.58676635000339,-6.877828400004354
<NA>,1773594472,44.96242690571781,,,,Sukarasa,Sukasari,13710,107.58669269705483,-6.878090588813908
<NA>,2035848399,32.773791370304174,,,,Sukarasa,Sukasari,13710,107.58622174999392,-6.877958899999166
<NA>,2035848399,59.18418345926521,,,,Sukarasa,Sukasari,13710,107.58624444999414,-6.878207300000325
<NA>,5867237371,48.84856126134485,,,,Sukarasa,Sukasari,13710,107.58612724999696,-6.878248050001793
<NA>,5867237371,32.79558563072941,,,,Sukarasa,Sukasari,13710,107.58598811988426,-6.878317545489071
<NA>,5867237371,25.205877706356834,,,,Sukarasa,Sukasari,13710,107.5858266029751,-6.878325619201658
<NA>,2035848405,30.876780880237266,,,,Sukarasa,Sukasari,13710,107.58549614999716,-6.878156450001168
<NA>,5867237371,34.04546097205195,,,,Sukarasa,Sukasari,13710,107.58552050000439,-6.8784413000051385
<NA>,2035848405,57.23333851851895,,,,Sukarasa,Sukasari,13710,107.58525897990909,-6.878502959586813
<NA>,5867237373,57.4089696388279,,,,Sukarasa,Sukasari,13710,107.58467423038874,-6.878428261049263
<NA>,1666931589,50.416577449721935,,,,Sukarasa,Sukasari,13710,107.58450187614928,-6.878454217361433
<NA>,5867237373,61.12267668141177,,,,Sukarasa,Sukasari,13710,107.58499144999962,-6.878595150001652
<NA>,5867237373,46.697771251982914,,,,Sukarasa,Sukasari,13710,107.58484979999854,-6.87863165000133
<NA>,5867237373,34.79761169908785,,,,Sukarasa,Sukasari,13710,107.58468852516269,-6.878648632701245
<NA>,5867237373,25.00272743715494,,,,Sukarasa,Sukasari,13710,107.58454226641102,-6.8787073683238
<NA>,2007396570,33.06157918187221,,,,Sukarasa,Sukasari,13710,107.58359076183308,-6.877420524592108
<NA>,2007396570,31.2045738534388,,,,Sukarasa,Sukasari,13710,107.58363227457514,-6.877491344966388
<NA>,2007396570,27.621718839423693,,,,Sukarasa,Sukasari,13710,107.58364020000229,-6.877586100003381
<NA>,2007396570,28.18037678942732,,,,Sukarasa,Sukasari,13710,107.58364980000455,-6.877692150006687
<NA>,2007396570,34.30822640747364,,,,Sukarasa,Sukasari,13710,107.58366913716006,-6.877801130492309
<NA>,1654067465,39.267269946188534,,,,Sukarasa,Sukasari,13710,107.58365297539032,-6.877959809717308
<NA>,2007396570,57.23771644247614,,,,Sukarasa,Sukasari,13710,107.58384809999997,-6.877905800000078
<NA>,1666931589,29.035093904760725,,,,Sukarasa,Sukasari,13710,107.58384387549326,-6.878242103944842
<NA>,1666931589,43.45663996427185,,,,Sukarasa,Sukasari,13710,107.58379457454315,-6.878106795616634
<NA>,1654067465,25.871253735458584,,,,Sukarasa,Sukasari,13710,107.58360690000083,-6.878117500001252
<NA>,1654067465,25.958571775381664,,,,Sukarasa,Sukasari,13710,107.58361005000171,-6.8782619500025515
<NA>,1654067465,33.3504639199505,,,,Sukarasa,Sukasari,13710,107.58362997459224,-6.878369894218198
<NA>,1666931589,23.159117530191185,,,,Sukarasa,Sukasari,13710,107.58384788489077,-6.878346476709831
<NA>,2007385367,33.11316729768002,,,,Sukarasa,Sukasari,13710,107.58360185771053,-6.878520718229176
<NA>,1666931589,23.094262035355175,,,,Sukarasa,Sukasari,13710,107.58385803770328,-6.878492077924937
<NA>,2007385367,26.92112325278756,,,,Sukarasa,Sukasari,13710,107.58361457490088,-6.878749656088307
<NA>,2007385367,35.000500274253646,,,,Sukarasa,Sukasari,13710,107.5836528764822,-6.878863487912246
<NA>,10230353035,37.60488303615758,,,,Sukarasa,Sukasari,13710,107.5837120500053,-6.879005650008386
<NA>,5458423133,82.25683069498541,,,,Sukagalih,Sukajadi,19076,107.58339921921618,-6.881056388177425
<NA>,29378427,40.40713294280666,,,,Sukagalih,Sukajadi,19076,107.5839337355333,-6.882281724298338
<NA>,9387184809,36.5434678780136,,,,Sukagalih,Sukajadi,19076,107.58397027415965,-6.882171154283486
<NA>,9387184809,15.16013158689454,,,,Sukagalih,Sukajadi,19076,107.58417983819274,-6.882194430367816
<NA>,29378427,14.892511399803594,,,,Sukagalih,Sukajadi,19076,107.58416505000503,-6.88230765000893
<NA>,29378427,17.166606387128496,,,,Sukagalih,Sukajadi,19076,107.5841535746562,-6.8824208059382315
<NA>,29378427,41.65517747890354,,,,Sukagalih,Sukajadi,19076,107.58413551043317,-6.882693624304025
<NA>,29378427,39.12103105682386,,,,Sukagalih,Sukajadi,19076,107.5839403500045,-6.8823860000088555
<NA>,2016397703,32.63423177686226,,,,Sukagalih,Sukajadi,19076,107.58393635000509,-6.882522300009962
<NA>,5458423179,43.093616331630734,,,,Sukagalih,Sukajadi,19076,107.58361874792674,-6.8821111215739394
<NA>,2016397703,48.242838447471556,,,,Sukagalih,Sukajadi,19076,107.58354705546805,-6.882243330699619
<NA>,2016397703,42.41902320757482,,,,Sukagalih,Sukajadi,19076,107.58347885364819,-6.8823308144437485
<NA>,2016397703,36.355257910960816,,,,Sukagalih,Sukajadi,19076,107.58362081322291,-6.88233602262152
<NA>,2016397703,34.973139345810694,,,,Sukagalih,Sukajadi,19076,107.58348017761867,-6.882411361086433
<NA>,2016397703,17.344640266088746,,,,Sukagalih,Sukajadi,19076,107.58359779664849,-6.8825237906460295
<NA>,2016397703,31.136566650687236,,,,Sukagalih,Sukajadi,19076,107.5834374174973,-6.8825096440465225
<NA>,2016397703,25.56473393668236,,,,Sukagalih,Sukajadi,19076,107.58345109353496,-6.882604134619275
<NA>,2016397703,46.023254792195424,,,,Sukagalih,Sukajadi,19076,107.58326560076857,-6.8825875536743695
<NA>,1658431473,66.23196580255691,,,,Sukagalih,Sukajadi,19076,107.58184683638551,-6.8818595016489645
<NA>,10248097486,68.44539953143872,,,,Pasirkaliki,Cicendo,9144,107.60290095000113,-6.909425700002054
<NA>,5353778490,27.684663512595243,,,,Pasirkaliki,Cicendo,9144,107.60287784424956,-6.909939574301586
<NA>,5353778490,53.09862231834485,,,,Pasirkaliki,Cicendo,9144,107.60280964539338,-6.909707073918394
<NA>,13751828694,52.47247086994317,,,,Pasirkaliki,Cicendo,9144,107.6024422241978,-6.909822329362145
<NA>,13751828694,46.27052588806778,,,,Pasirkaliki,Cicendo,9144,107.60234430000135,-6.90981705000199
<NA>,5646758265,54.83441768641328,,,,Sukagalih,Sukajadi,19076,107.58979053053868,-6.880265171399648
<NA>,5460926826,35.77835381326642,,,,Sukagalih,Sukajadi,19076,107.58962735000149,-6.879985250002658
<NA>,5460926826,49.52430056968413,,,,Sukagalih,Sukajadi,19076,107.58943367328374,-6.880011976134109
<NA>,5646758265,62.389082143078475,,,,Sukagalih,Sukajadi,19076,107.5893876900358,-6.880241562969035
<NA>,5460926826,65.08493990171254,,,,Sukagalih,Sukajadi,19076,107.58934730682915,-6.880123378594089
<NA>,5460926826,51.52289196426655,,,,Sukagalih,Sukajadi,19076,107.58958975588926,-6.880122725900812
<NA>,5646758265,52.71934470428144,,,,Sukagalih,Sukajadi,19076,107.58955440981875,-6.880273841938451
<NA>,4167718058,71.10313144764636,,,,Sukagalih,Sukajadi,19076,107.58953976858025,-6.881589965263169
<NA>,5646758265,44.11617578923403,,,,Sukagalih,Sukajadi,19076,107.58932526377434,-6.8809714836859195
<NA>,5646758265,39.73948002933778,,,,Sukagalih,Sukajadi,19076,107.58941963641021,-6.880465219009973
<NA>,5646758265,55.27744105399109,,,,Sukagalih,Sukajadi,19076,107.58932690000128,-6.880359700001906
<NA>,5646758265,23.227769867828776,,,,Sukagalih,Sukajadi,19076,107.58980003987199,-6.880593206061639
<NA>,5646758265,30.407847462244607,,,,Sukagalih,Sukajadi,19076,107.58941905000083,-6.880592000001191
<NA>,5646758265,20.27098729311922,,,,Sukagalih,Sukajadi,19076,107.58953475543491,-6.880598374731604
<NA>,5646758265,45.85749043485155,,,,Sukagalih,Sukajadi,19076,107.58928335302846,-6.880547696293104
<NA>,29378759,30.42672169813814,,,,Sukagalih,Sukajadi,19076,107.59008286979086,-6.880766915554616
<NA>,29378809,16.334864567876657,,,,Sukagalih,Sukajadi,19076,107.5902951500005,-6.8808533500007485
<NA>,29378809,48.02911573233061,,,,Cipedes,Sukajadi,30647,107.59067611264398,-6.880718672709188
<NA>,29378809,58.413588961413375,,,,Cipedes,Sukajadi,30647,107.59070939999982,-6.880616300009487
<NA>,5287118964,36.75886868269622,,,,Cipedes,Sukajadi,30647,107.59098246007707,-6.880905473063259
<NA>,5646758242,23.75085864958242,,,,Cipedes,Sukajadi,30647,107.59049295904443,-6.882237426204729
<NA>,4167718058,34.941103851350874,,,,Cipedes,Sukajadi,30647,107.59039855000402,-6.881715750015342
<NA>,5646758242,15.320236470181658,,,,Cipedes,Sukajadi,30647,107.59046595000106,-6.882375150001805
<NA>,5646758242,25.164104921252303,,,,Cipedes,Sukajadi,30647,107.59037364556147,-6.882372173998088
<NA>,4167718058,33.22428165388468,,,,Cipedes,Sukajadi,30647,107.59026854439594,-6.882126956863445
<NA>,29378759,58.1979639549345,,,,Sukagalih,Sukajadi,19076,107.58946120000103,-6.881240449999408
<NA>,5646758265,29.8137581547591,,,,Sukagalih,Sukajadi,19076,107.58947663316009,-6.880946485772891
<NA>,29378759,31.070880379499833,,,,Sukagalih,Sukajadi,19076,107.5896844100405,-6.881103045839778
<NA>,29378759,17.01505934523189,,,,Sukagalih,Sukajadi,19076,107.58971967645377,-6.8809724922409075
<NA>,5646758265,13.22946648551915,,,,Sukagalih,Sukajadi,19076,107.58967660000012,-6.880857150000138
<NA>,4167718058,52.80556645398882,,,,Sukagalih,Sukajadi,19076,107.58989923196583,-6.881442834004106
<NA>,29378759,53.36091367510882,,,,Sukagalih,Sukajadi,19076,107.5899636000025,-6.881320700012661
<NA>,8408252955,86.52258540102365,,,,Sukagalih,Sukajadi,19076,107.5885272500056,-6.881395800012827
<NA>,5646758265,98.10614517639387,,,,Sukagalih,Sukajadi,19076,107.58904908993684,-6.8813923223355715
<NA>,5646758265,107.81767652992559,,,,Sukagalih,Sukajadi,19076,107.58903856774359,-6.8814990768169535
<NA>,11359244717,100.15647852702696,,,,Sukagalih,Sukajadi,19076,107.58902477689311,-6.881579046086643
<NA>,11359244717,90.21548215080466,,,,Sukagalih,Sukajadi,19076,107.5890167934426,-6.881669013615143
<NA>,11359244717,65.94939699378432,,,,Sukagalih,Sukajadi,19076,107.58900727888958,-6.881888715018527
<NA>,11359244717,55.06766704038974,,,,Sukagalih,Sukajadi,19076,107.58894321686485,-6.881994765329133
<NA>,11359244717,41.77739828210572,,,,Sukagalih,Sukajadi,19076,107.58895620569385,-6.882114614007203
<NA>,4167718058,66.94075959917443,,,,Sukagalih,Sukajadi,19076,107.58952460262734,-6.881759477539155
<NA>,29378760,76.65931121059869,,,,Sukagalih,Sukajadi,19076,107.58929745000125,-6.881813500003445
<NA>,11359244717,65.93766979914332,,,,Sukagalih,Sukajadi,19076,107.58926290540461,-6.881933978017974
<NA>,11359244717,52.6261246381287,,,,Sukagalih,Sukajadi,19076,107.58925022319632,-6.88206055657627
<NA>,11359244717,40.41197390573826,,,,Sukagalih,Sukajadi,19076,107.58922380000118,-6.882172150001481
<NA>,29378760,61.47290358633552,,,,Sukagalih,Sukajadi,19076,107.58947311773522,-6.88191216582841
<NA>,29378760,17.81300624849639,,,,Sukagalih,Sukajadi,19076,107.58938761782943,-6.8823999423495605
<NA>,11359244717,30.368263045268595,,,,Sukagalih,Sukajadi,19076,107.5891942699908,-6.882261401785961
<NA>,11359244717,24.996342577578048,,,,Sukagalih,Sukajadi,19076,107.58919315000156,-6.882323900005657
<NA>,11359244717,19.543003423785258,,,,Sukagalih,Sukajadi,19076,107.58919242118031,-6.8824062531073285
<NA>,29377827,112.92748522313131,,,,Sukagalih,Sukajadi,19076,107.58796902463197,-6.882220044019862
<NA>,29377827,102.86567147646699,,,,Sukagalih,Sukajadi,19076,107.58799050938595,-6.88232298905969
<NA>,32042025,56.68281642342081,,,,Sukarasa,Sukasari,13710,107.58825245000456,-6.877696050005753
<NA>,1396740161,47.92887296275157,,,,Sukarasa,Sukasari,13710,107.5881457499994,-6.877500400001824
<NA>,1396740161,34.335419155448584,,,,Sukarasa,Sukasari,13710,107.588009603998,-6.877543020716894
<NA>,1396740161,23.06024803331932,,,,Sukarasa,Sukasari,13710,107.5878793499971,-6.877570850000152
<NA>,1773594475,21.536594730659424,,,,Sukarasa,Sukasari,13710,107.58706345000174,-6.877503100002635
<NA>,1396740159,42.30190442200413,,,,Sukarasa,Sukasari,13710,107.5874711545075,-6.877849792587687
<NA>,1773594472,45.791060068318814,,,,Sukarasa,Sukasari,13710,107.58717067140863,-6.877795095652601
<NA>,1773594475,34.83563559830933,,,,Sukarasa,Sukasari,13710,107.58715176037437,-6.877650221523144
<NA>,29378841,53.58092629060947,,,,Sukarasa,Sukasari,13710,107.58879549161043,-6.8783219251202805
<NA>,32042025,57.01877823679699,,,,Sukarasa,Sukasari,13710,107.5889033538435,-6.878290648391083
<NA>,32042025,68.00475780155702,,,,Sukarasa,Sukasari,13710,107.58904629425125,-6.87833836703075
<NA>,29378841,18.55422353896045,,,,Sukarasa,Sukasari,13710,107.58839849454972,-6.878561324004819
<NA>,29378841,28.489937761098172,,,,Sukarasa,Sukasari,13710,107.58828394702695,-6.878549273914657
<NA>,29378842,49.590178567506115,,,,Sukagalih,Sukajadi,19076,107.58812502069165,-6.879361557115395
<NA>,29378842,33.52274506938172,,,,Sukagalih,Sukajadi,19076,107.58807785000158,-6.8795066500008
<NA>,29378842,20.07522061545673,,,,Sukagalih,Sukajadi,19076,107.58802930000212,-6.879641100000735
<NA>,5460926855,53.19868033541727,,,,Sukagalih,Sukajadi,19076,107.58771244310329,-6.880213274886895
<NA>,29378814,14.29323676919376,,,,Sukagalih,Sukajadi,19076,107.58938611000497,-6.879232223312344
<NA>,2315686450,25.684558847614234,,,,Sukagalih,Sukajadi,19076,107.58941717990032,-6.8791223946885385
<NA>,11359244718,40.734899705895394,,,,Sukagalih,Sukajadi,19076,107.58932919999923,-6.8789483499986055
<NA>,11359244718,50.75132539860058,,,,Sukagalih,Sukajadi,19076,107.58926342431107,-6.878851474437841
<NA>,29378816,53.988987261649704,,,,Sukagalih,Sukajadi,19076,107.58926137382635,-6.878770908588263
<NA>,11359244718,19.448967182366808,,,,Sukagalih,Sukajadi,19076,107.58924337021045,-6.879135228021563
<NA>,8408252955,16.44518823141524,,,,Sukagalih,Sukajadi,19076,107.58800906246715,-6.8809913336031325
<NA>,8408252955,19.42041114420402,,,,Sukagalih,Sukajadi,19076,107.58786039999835,-6.8809864499982565
<NA>,29378494,20.332716005299638,,,,Sukagalih,Sukajadi,19076,107.58778627580314,-6.8809934662150125
<NA>,29378494,11.95865300994449,,,,Sukagalih,Sukajadi,19076,107.58769514999902,-6.881002699998549
<NA>,5460926702,40.235848105386005,,,,Sukagalih,Sukajadi,19076,107.58982094999986,-6.878492699999415
<NA>,29378816,16.718903485888827,,,,Sukagalih,Sukajadi,19076,107.58969726948412,-6.8787465410958895
<NA>,29378816,41.5820831368349,,,,Sukagalih,Sukajadi,19076,107.58972246312473,-6.878517506139355
<NA>,29378816,42.710492651301394,,,,Sukagalih,Sukajadi,19076,107.58961745654672,-6.878525125340832
<NA>,29378816,45.888231415329045,,,,Sukagalih,Sukajadi,19076,107.58947682220897,-6.878567672833194
<NA>,5460926701,9.075796140844123,,,,Sukarasa,Sukasari,13710,107.59029868306185,-6.878375183621824
<NA>,5460926701,16.98938398698469,,,,Sukarasa,Sukasari,13710,107.59030745000189,-6.878193250003022
<NA>,5460926701,23.871345086764595,,,,Sukarasa,Sukasari,13710,107.59020164999933,-6.87811354999872
<NA>,5455661685,44.06488660108638,,,,Sukarasa,Sukasari,13710,107.59020337436979,-6.877874749325687
<NA>,1396740187,31.5281732427185,,,,Sukarasa,Sukasari,13710,107.58939819999924,-6.877903399991989
<NA>,1396740187,40.08908177341368,,,,Sukarasa,Sukasari,13710,107.58950480029088,-6.877993264592345
<NA>,1396740187,28.02322318245587,,,,Sukarasa,Sukasari,13710,107.58950896161649,-6.877883579956034
<NA>,32042025,34.06088958027254,,,,Sukarasa,Sukasari,13710,107.58868015000127,-6.877498600005464
<NA>,32042025,55.24997301855818,,,,Sukarasa,Sukasari,13710,107.58839260731322,-6.877453415142141
<NA>,32042025,48.87419446649454,,,,Sukarasa,Sukasari,13710,107.58846125306782,-6.87746712963616
<NA>,32042025,28.813317567241434,,,,Sukarasa,Sukasari,13710,107.588545867346,-6.87764177647819
<NA>,1778148796,69.27591058705647,,,,Burangrang,Lengkong,9806,107.61914672693538,-6.925600343795086
<NA>,9855469332,20.252639936976372,,,,Paledang,Lengkong,6171,107.6166867526244,-6.926153830177177
<NA>,12606352975,32.07736224924623,,,,Paledang,Lengkong,6171,107.61713137208727,-6.923595505685437
<NA>,3277363480,40.6870736900986,,,,Paledang,Lengkong,6171,107.61686612883072,-6.9233839446617855
<NA>,7179028072,49.32599784608589,,,,Paledang,Lengkong,6171,107.61717734438021,-6.922835573991583
<NA>,9858134732,61.14452861796714,,,,Burangrang,Lengkong,9806,107.61882000000031,-6.925687500001853
<NA>,5360198801,83.58055940763751,,,,Burangrang,Lengkong,9806,107.61853572089487,-6.926349606038198
<NA>,13769892149,9.44471257827642,,,,Burangrang,Lengkong,9806,107.61763461219704,-6.925838627899912
<NA>,9858134732,49.32014054405108,,,,Burangrang,Lengkong,9806,107.61828330000051,-6.925618850001932
<NA>,5360198801,15.894828968420901,,,,Burangrang,Lengkong,9806,107.61803383134655,-6.925955642882492
<NA>,9858134732,48.93728120200593,,,,Burangrang,Lengkong,9806,107.61806540000067,-6.925274049999653
<NA>,9858134732,54.96388431532628,,,,Burangrang,Lengkong,9806,107.6180389345071,-6.925402568526923
<NA>,9858134732,25.058593801903665,,,,Burangrang,Lengkong,9806,107.61862630000044,-6.925424600000235
<NA>,5360198801,58.394253372419136,,,,Burangrang,Lengkong,9806,107.61839618887632,-6.92610752630346
<NA>,5360198801,68.56297157394717,,,,Burangrang,Lengkong,9806,107.61841934555979,-6.92627965444086
<NA>,6411581704,124.71396980306557,,,,Margasari,Buahbatu,43282,107.65207786632212,-6.95438163049274
<NA>,4118980728,50.59962055778135,,,,Cisaranten Kulon,Arcamanik,27910,107.68295720000076,-6.920698400000761
<NA>,5348686324,13.945100139711315,,,,Cisaranten Endah,Arcamanik,21356,107.6721404999993,-6.924338600000803
<NA>,3115483158,40.54843044772208,,,,Suka Asih,Bojongloa Kaler,20219,107.58549111805378,-6.930898130604685
<NA>,1857160707,39.95129334177789,,,,Lebak Gede,Coblong,11156,107.61754254653327,-6.896729967006802
<NA>,312086672,76.68751925210304,,,,Dago,Coblong,36061,107.61188845000328,-6.882198900005991
<NA>,6425732155,20.942261012447986,,,,Sukawarna,Sukajadi,14842,107.57551727044988,-6.887141080144158
<NA>,9352364614,17.211130854889646,,,,Sukawarna,Sukajadi,14842,107.575736353431,-6.887164825524421
<NA>,1396407901,22.475822011212024,,,,Sukawarna,Sukajadi,14842,107.57601537611413,-6.887179633170414
<NA>,1396407885,16.8337655082301,,,,Sukawarna,Sukajadi,14842,107.57630096934767,-6.887191435428498
<NA>,1396407885,27.237786634977816,,,,Sukawarna,Sukajadi,14842,107.5761457923102,-6.887181775201164
<NA>,1870972239,20.484561657009277,,,,Sukawarna,Sukajadi,14842,107.57666484913143,-6.887212648384632
<NA>,1870972239,31.220411931110686,,,,Sukawarna,Sukajadi,14842,107.57680547551332,-6.887208721401816
<NA>,1870972239,47.455810205797086,,,,Sukawarna,Sukajadi,14842,107.57694801495323,-6.88725585465285
<NA>,1396407885,18.919912122071104,,,,Sukawarna,Sukajadi,14842,107.57641779308615,-6.8872065601301875
<NA>,1870972239,16.79416967718023,,,,Sukawarna,Sukajadi,14842,107.57654532393254,-6.887203848351641
<NA>,6425732155,31.806120546473174,,,,Sukawarna,Sukajadi,14842,107.57550245938297,-6.887272950158664
<NA>,9352364614,30.18630577252751,,,,Sukawarna,Sukajadi,14842,107.57572990181372,-6.88728360595376
<NA>,1396407901,38.02769800608193,,,,Sukawarna,Sukajadi,14842,107.5760172620601,-6.88734259362855
<NA>,9352364614,45.82562492946147,,,,Sukawarna,Sukajadi,14842,107.57571894023002,-6.887425021204056
<NA>,1396407901,50.629308750825004,,,,Sukawarna,Sukajadi,14842,107.57600129890693,-6.887468464732344
<NA>,1396407892,51.160366640542094,,,,Sukawarna,Sukajadi,14842,107.57572071942818,-6.887540116364123
<NA>,1396407906,56.004667769639454,,,,Sukawarna,Sukajadi,14842,107.57603065283094,-6.887590108786857
<NA>,1396407892,42.05907512761898,,,,Sukawarna,Sukajadi,14842,107.57571229467285,-6.887672522085549
<NA>,1396407892,20.39773645905426,,,,Sukawarna,Sukajadi,14842,107.57550634064829,-6.887717800389505
<NA>,1396407892,21.89080494504007,,,,Sukawarna,Sukajadi,14842,107.57522202581345,-6.887719441588348
<NA>,1396407906,40.26584077068178,,,,Sukawarna,Sukajadi,14842,107.57598836918629,-6.887726714103546
<NA>,1396407906,32.03380687412359,,,,Sukawarna,Sukajadi,14842,107.57571482843466,-6.887797301511439
<NA>,1396407892,14.314319366903717,,,,Sukawarna,Sukajadi,14842,107.57550235597823,-6.8878295070028255
<NA>,1396407892,20.44558517663153,,,,Sukawarna,Sukajadi,14842,107.57519028011706,-6.887825527860936
<NA>,1396407906,29.683283787181356,,,,Sukawarna,Sukajadi,14842,107.5760057489471,-6.88784825959736
<NA>,1396407906,19.041919680248657,,,,Sukawarna,Sukajadi,14842,107.57572222793145,-6.887932513802075
<NA>,1396407906,17.74178175019965,,,,Sukawarna,Sukajadi,14842,107.57598184011047,-6.887985121635474
<NA>,1396407906,13.815849296849555,,,,Sukawarna,Sukajadi,14842,107.57571593916138,-6.888078431429544
<NA>,1396407906,16.3380984339208,,,,Sukawarna,Sukajadi,14842,107.5759815876989,-6.888098435210971
<NA>,1396407890,21.73164048144993,,,,Sukawarna,Sukajadi,14842,107.57653814187869,-6.886742021661389
<NA>,1396407883,21.53702436634362,,,,Sukawarna,Sukajadi,14842,107.57553026747738,-6.88675953002128
<NA>,9352364614,25.17976689553536,,,,Sukawarna,Sukajadi,14842,107.57566597385751,-6.886817882021367
<NA>,1870972239,21.509078293439202,,,,Sukawarna,Sukajadi,14842,107.57661363035021,-6.8868647166718935
<NA>,1396407901,15.912186156671266,,,,Sukawarna,Sukajadi,14842,107.57592350558744,-6.88688939717786
<NA>,1396407890,18.82348533349389,,,,Sukawarna,Sukajadi,14842,107.57620483084361,-6.886894773586383
<NA>,1396407901,23.404460863543616,,,,Sukawarna,Sukajadi,14842,107.57605308114567,-6.886903221443702
<NA>,1396407883,19.502141955077985,,,,Sukawarna,Sukajadi,14842,107.57519874716577,-6.886904201035312
<NA>,6425732155,20.108303819409187,,,,Sukawarna,Sukajadi,14842,107.57519772681295,-6.887048316506507
<NA>,1666513185,15.804094856912512,,,,Sukawarna,Sukajadi,14842,107.5764665322246,-6.884278530000197
<NA>,1666513374,24.937855496803092,,,,Sukawarna,Sukajadi,14842,107.57654262395405,-6.884373160565882
<NA>,1666513374,24.483199615439855,,,,Sukawarna,Sukajadi,14842,107.57658834508396,-6.884480661312634
<NA>,1666513374,21.77285153275203,,,,Sukawarna,Sukajadi,14842,107.576562531794,-6.884560452880048
<NA>,1666513374,24.17884958701289,,,,Sukawarna,Sukajadi,14842,107.57654418099831,-6.884650730271924
<NA>,1666513374,29.452694211374588,,,,Sukawarna,Sukajadi,14842,107.5765394085091,-6.884723938289315
<NA>,1396407907,28.109476209661576,,,,Sukawarna,Sukajadi,14842,107.57654049686053,-6.885329416892965
<NA>,9352121862,34.3309491496064,,,,Sukawarna,Sukajadi,14842,107.57654671231592,-6.885616688257724
<NA>,9352121862,28.87008312131654,,,,Sukawarna,Sukajadi,14842,107.57654636900216,-6.88573842849039
<NA>,9352121862,20.074010949281465,,,,Sukawarna,Sukajadi,14842,107.57639787707646,-6.88593922916343
<NA>,8767592326,16.59829858114162,,,,Sukawarna,Sukajadi,14842,107.57656196044238,-6.885976005958049
<NA>,6425732165,18.366190201700803,,,,Sukawarna,Sukajadi,14842,107.5757307722564,-6.8861071570652435
<NA>,6425732165,27.061521337560777,,,,Sukawarna,Sukajadi,14842,107.575851562414,-6.886127473232031
<NA>,1396407871,35.079063501091795,,,,Sukawarna,Sukajadi,14842,107.5759607531444,-6.886166654436573
<NA>,1396407871,20.925000023462133,,,,Sukawarna,Sukajadi,14842,107.57610568542438,-6.886179551615251
<NA>,8767592326,23.78026498795056,,,,Sukawarna,Sukajadi,14842,107.57642267459342,-6.886313301729465
<NA>,1396407873,27.676685370847203,,,,Sukawarna,Sukajadi,14842,107.57561624114524,-6.886261799858694
<NA>,1396407873,37.60599363787692,,,,Sukawarna,Sukajadi,14842,107.5757215173823,-6.8863027273117785
<NA>,6425732165,47.486783892051406,,,,Sukawarna,Sukajadi,14842,107.57583592234553,-6.886349466722396
<NA>,1396407868,36.816896189681515,,,,Sukawarna,Sukajadi,14842,107.57594752626693,-6.886361678623069
<NA>,1396407868,25.274353168663477,,,,Sukawarna,Sukajadi,14842,107.5760934143158,-6.886368371190454
<NA>,12922445636,21.437981932699714,,,,Sukawarna,Sukajadi,14842,107.57520763664473,-6.886484192981994
<NA>,1396407868,18.77401854298025,,,,Sukawarna,Sukajadi,14842,107.57637542072122,-6.886516848200002
<NA>,1396407873,27.98939446619398,,,,Sukawarna,Sukajadi,14842,107.57552909886742,-6.886569970465739
<NA>,1396407873,38.45135153129754,,,,Sukawarna,Sukajadi,14842,107.57564645418478,-6.886591763319772
<NA>,9352364614,41.64523752397667,,,,Sukawarna,Sukajadi,14842,107.57578512449663,-6.88663900108489
<NA>,1396407890,22.145472065488295,,,,Sukawarna,Sukajadi,14842,107.57644186883657,-6.8866432943947045
<NA>,1396407868,37.677346613155734,,,,Sukawarna,Sukajadi,14842,107.57588992320406,-6.88667394623374
<NA>,1396407883,32.195884668171885,,,,Sukawarna,Sukajadi,14842,107.57519685137922,-6.886641391871188
<NA>,1666513374,21.100347635734117,,,,Sukawarna,Sukajadi,14842,107.57621882167935,-6.884402328405103
<NA>,1666513374,21.384271286814933,,,,Sukawarna,Sukajadi,14842,107.57627225312812,-6.884685022702549
<NA>,1666513374,39.21704988235268,,,,Sukawarna,Sukajadi,14842,107.57624842981994,-6.884851252897336
<NA>,1396407907,36.41003619611789,,,,Sukawarna,Sukajadi,14842,107.576192899459,-6.8849573050926525
<NA>,1396407907,24.818352423353783,,,,Sukawarna,Sukajadi,14842,107.57615618804613,-6.88509306767641
<NA>,1396407907,16.50569576862592,,,,Sukawarna,Sukajadi,14842,107.57615156828362,-6.8852236448486765
<NA>,1396407907,21.611661925899266,,,,Sukawarna,Sukajadi,14842,107.57611697058385,-6.885355108922788
<NA>,1396407907,28.49170039100903,,,,Sukawarna,Sukajadi,14842,107.57614464226731,-6.885481063029248
<NA>,6425732164,10.60168411928344,,,,Sukawarna,Sukajadi,14842,107.57559493949032,-6.885593142305528
<NA>,9352121862,25.912023828363612,,,,Sukawarna,Sukajadi,14842,107.57612416220375,-6.885628183022111
<NA>,6425732164,15.971660401985696,,,,Sukawarna,Sukajadi,14842,107.57575043534055,-6.8857760546863656
<NA>,6425732164,12.142195039365069,,,,Sukawarna,Sukajadi,14842,107.5755598397126,-6.885708773103808
<NA>,9352121862,20.02341275136109,,,,Sukawarna,Sukajadi,14842,107.57611483926652,-6.885750781742072
<NA>,6425732165,27.51632124907525,,,,Sukawarna,Sukajadi,14842,107.57591994332972,-6.885862339038798
<NA>,6425732165,16.944877741441346,,,,Sukawarna,Sukajadi,14842,107.57556888547019,-6.885848677003384
<NA>,9352121862,21.383326782444673,,,,Sukawarna,Sukajadi,14842,107.57612542378216,-6.885892399886409
<NA>,6425732165,23.04408418828524,,,,Sukawarna,Sukajadi,14842,107.57547783113453,-6.885940594502689
<NA>,6425732165,33.62104940025334,,,,Sukawarna,Sukajadi,14842,107.5753983407631,-6.886045333636361
<NA>,12922445636,20.02250017061408,,,,Sukawarna,Sukajadi,14842,107.57532741886993,-6.886147072273906
<NA>,11079014966,40.465424375229006,,,,Sukabungah,Sukajadi,21712,107.5901190974373,-6.893670866897316
<NA>,8944527145,14.326885966190057,,,,Karang Pamulang,Mandalajati,19919,107.67566523316262,-6.896121048441257
<NA>,8944527145,9.568874838926074,,,,Karang Pamulang,Mandalajati,19919,107.67547864999929,-6.89603105000266
<NA>,8944527145,14.891874700072842,,,,Karang Pamulang,Mandalajati,19919,107.6755345655577,-6.895958797182668
<NA>,8944527145,21.854321795394704,,,,Karang Pamulang,Mandalajati,19919,107.67558554999921,-6.8959014500023414
<NA>,5455786442,27.959685544934754,,,,Karang Pamulang,Mandalajati,19919,107.67591120894573,-6.895793984300758
<NA>,5455786442,15.268468141164867,,,,Karang Pamulang,Mandalajati,19919,107.67592025886162,-6.895586380411974
<NA>,5455786438,32.352238298308336,,,,Karang Pamulang,Mandalajati,19919,107.67559822775502,-6.895350459631995
<NA>,5455786438,21.53494100951936,,,,Karang Pamulang,Mandalajati,19919,107.67561612775503,-6.89524395963201
<NA>,5455786438,32.43182586556867,,,,Karang Pamulang,Mandalajati,19919,107.67583320000111,-6.895375549999797
<NA>,5455786442,12.790918623973731,,,,Karang Pamulang,Mandalajati,19919,107.67607222775503,-6.895473759631996
<NA>,5455786442,16.575171890705185,,,,Karang Pamulang,Mandalajati,19919,107.67600716883179,-6.895447709201309
<NA>,5455786442,13.157513525905877,,,,Karang Pamulang,Mandalajati,19919,107.67613816542,-6.895500378032654
<NA>,5455786443,12.097479395751039,,,,Karang Pamulang,Mandalajati,19919,107.67624733116537,-6.895543440785675
<NA>,5455786443,10.679181003442299,,,,Karang Pamulang,Mandalajati,19919,107.67631783117042,-6.895569490798355
<NA>,5455786442,22.30152661742741,,,,Karang Pamulang,Mandalajati,19919,107.67594260000111,-6.895423449999815
<NA>,5455786438,34.337747825019086,,,,Karang Pamulang,Mandalajati,19919,107.67601253116537,-6.895251140785659
<NA>,5455786442,34.45119091862678,,,,Karang Pamulang,Mandalajati,19919,107.67607695000112,-6.895277749999838
<NA>,5455786437,31.965820676134552,,,,Karang Pamulang,Mandalajati,19919,107.67613793116537,-6.895302640785687
<NA>,5455786437,24.997789916589426,,,,Karang Pamulang,Mandalajati,19919,107.6761985000011,-6.8953277499998356
<NA>,5455786437,18.23625333745671,,,,Karang Pamulang,Mandalajati,19919,107.6762592000011,-6.895352549999822
<NA>,5455786437,11.941683560880765,,,,Karang Pamulang,Mandalajati,19919,107.67632073116538,-6.895376440785669
<NA>,5455786437,7.73870634516827,,,,Karang Pamulang,Mandalajati,19919,107.67638230341421,-6.895400831165273
<NA>,5455786437,9.433356415290788,,,,Karang Pamulang,Mandalajati,19919,107.676444296588,-6.89542736883436
<NA>,5455786437,15.854229353547199,,,,Karang Pamulang,Mandalajati,19919,107.67649784659962,-6.895221868824643
<NA>,5455786437,16.763957498884295,,,,Karang Pamulang,Mandalajati,19919,107.67642705000112,-6.895193149999839
<NA>,5455786437,26.804809260260797,,,,Karang Pamulang,Mandalajati,19919,107.67628683116537,-6.895144840785672
<NA>,5455786437,34.14904754338439,,,,Karang Pamulang,Mandalajati,19919,107.67621545000111,-6.895116949999845
<NA>,5455786437,41.99602340657983,,,,Karang Pamulang,Mandalajati,19919,107.67614362775502,-6.895088559631979
<NA>,5455786438,36.640673075446784,,,,Karang Pamulang,Mandalajati,19919,107.6760727000011,-6.895061149999851
<NA>,5455786438,29.14718002827268,,,,Karang Pamulang,Mandalajati,19919,107.675998196588,-6.895029668834386
<NA>,5455786438,38.468288243654555,,,,Karang Pamulang,Mandalajati,19919,107.67599808591807,-6.894859960739805
<NA>,5455786438,42.63064928764658,,,,Karang Pamulang,Mandalajati,19919,107.67606655000114,-6.894886749999824
<NA>,5455786438,47.909178641708976,,,,Karang Pamulang,Mandalajati,19919,107.67613445000113,-6.894910549999832
<NA>,5455786437,52.065084862588755,,,,Karang Pamulang,Mandalajati,19919,107.67619870000111,-6.894931449999827
<NA>,5455786437,46.41601975109117,,,,Karang Pamulang,Mandalajati,19919,107.676266796588,-6.894955668834379
<NA>,5455786437,38.761466448036174,,,,Karang Pamulang,Mandalajati,19919,107.67639709658799,-6.8949953688343975
<NA>,7207562389,51.275988377112334,,,,Karang Pamulang,Mandalajati,19919,107.67602645340263,-6.894643431175028
<NA>,7207562389,49.03163722332947,,,,Karang Pamulang,Mandalajati,19919,107.67608760000111,-6.894668399999818
<NA>,7207562389,48.031809383685705,,,,Karang Pamulang,Mandalajati,19919,107.67614782775503,-6.894695159632004
<NA>,7207562389,47.81864554060296,,,,Karang Pamulang,Mandalajati,19919,107.67620896542,-6.894719278032647
<NA>,7207562389,48.681339625034504,,,,Karang Pamulang,Mandalajati,19919,107.67627099658802,-6.894743368834394
<NA>,7207562389,50.71047950001317,,,,Karang Pamulang,Mandalajati,19919,107.67633302775504,-6.894768359632009
<NA>,5455786437,42.16601116351351,,,,Karang Pamulang,Mandalajati,19919,107.67633302775504,-6.894974559631993
<NA>,7207562389,53.98822883016775,,,,Karang Pamulang,Mandalajati,19919,107.6763951000011,-6.894796049999822
<NA>,29378888,30.1851899785735,,,,Sukabungah,Sukajadi,21712,107.5905027624871,-6.89251860951158
<NA>,1708607306,53.587923343919115,,,,Dago,Coblong,36061,107.61283115000069,-6.872515200002139
<NA>,5472211905,13.958390837079916,,,,Jatihandap,Mandalajati,28466,107.66274908276904,-6.894809493056924
<NA>,3278058148,51.43758842740304,,,,Citarum,Bandung Wetan,2285,107.61902575652675,-6.907089574220677
<NA>,1396407868,22.691750900039388,,,,Sukawarna,Sukajadi,14842,107.57607134080715,-6.886712612360534
<NA>,1396407907,36.32670332619744,,,,Sukawarna,Sukajadi,14842,107.57653851088875,-6.885489025358792
<NA>,9352364614,17.34463918019125,,,,Sukawarna,Sukajadi,14842,107.57578285000491,-6.886858599996604
<NA>,1666513374,12.038041235642742,,,,Sukawarna,Sukajadi,14842,107.57626147421009,-6.884513121382591
<NA>,8416946671,62.15186557373503,,,,Sukawarna,Sukajadi,14842,107.57686390365255,-6.885244321698972
<NA>,6408734422,105.8575838003905,,,,Cisaranten Kidul,Gedebage,22102,107.69953577149528,-6.963241890525332
<NA>,6408734422,111.1319322378901,,,,Cisaranten Kidul,Gedebage,22102,107.69962975000216,-6.963280549999891
<NA>,6408734422,96.4206718403556,,,,Cisaranten Kidul,Gedebage,22102,107.69956570000218,-6.963421649999897
<NA>,6408734422,90.64506924948529,,,,Cisaranten Kidul,Gedebage,22102,107.69946659689467,-6.963372468452766
<NA>,6408734422,103.23750401958162,,,,Cisaranten Kidul,Gedebage,22102,107.69965946845159,-6.9634620585367735
<NA>,6408734422,110.13668087597448,,,,Cisaranten Kidul,Gedebage,22102,107.69974795000216,-6.963505099999881
<NA>,6408734422,118.19873340036742,,,,Cisaranten Kidul,Gedebage,22102,107.69983910000215,-6.963540249999895
<NA>,6408734422,129.25729416784037,,,,Cisaranten Kidul,Gedebage,22102,107.69996038254787,-6.963597442809599
<NA>,6405993950,131.93860306412077,,,,Cisaranten Kidul,Gedebage,22102,107.70004015000247,-6.963648050000156
<NA>,6405993950,124.04875179836534,,,,Cisaranten Kidul,Gedebage,22102,107.70011855000246,-6.9636936000001635
<NA>,6405993950,116.90096930144696,,,,Cisaranten Kidul,Gedebage,22102,107.70019825000246,-6.963734850000161
<NA>,6405993950,91.89884263877465,,,,Cisaranten Kidul,Gedebage,22102,107.70051675000248,-6.963914550000169
<NA>,6405993950,97.31211864742757,,,,Cisaranten Kidul,Gedebage,22102,107.70044055000245,-6.9638681500001685
<NA>,6405993950,111.10149610586983,,,,Cisaranten Kidul,Gedebage,22102,107.70051574815679,-6.963741017519652
<NA>,6405993950,142.8117053013794,,,,Cisaranten Kidul,Gedebage,22102,107.70011803247952,-6.963514592706725
<NA>,6408734422,133.00375302797855,,,,Cisaranten Kidul,Gedebage,22102,107.69993285000247,-6.963411450000158
<NA>,6408734422,117.02207463409741,,,,Cisaranten Kidul,Gedebage,22102,107.69972005000217,-6.963317249999879
<NA>,6408734422,124.91355132649242,,,,Cisaranten Kidul,Gedebage,22102,107.69982975000217,-6.963364649999893
<NA>,6408734422,141.58869106456757,,,,Cisaranten Kidul,Gedebage,22102,107.70003605000251,-6.9634626500002215
<NA>,6405993950,135.42445898097745,,,,Cisaranten Kidul,Gedebage,22102,107.70020235000251,-6.963559850000214
<NA>,6405993950,128.30932060548813,,,,Cisaranten Kidul,Gedebage,22102,107.70028148266654,-6.963607743013297
<NA>,6405993950,109.05996157461233,,,,Cisaranten Kidul,Gedebage,22102,107.70027269847962,-6.9637878173320455
<NA>,6405993950,102.15076022665681,,,,Cisaranten Kidul,Gedebage,22102,107.70035095000252,-6.963835250000233
<NA>,6405993950,117.29685955637567,,,,Cisaranten Kidul,Gedebage,22102,107.70044345000251,-6.963686950000221
<NA>,6405993950,122.46968993800964,,,,Cisaranten Kidul,Gedebage,22102,107.700364182665,-6.963647593002062
<NA>,2255512773,13.71688784769216,,,,Sekejati,Buahbatu,26388,107.66173817138534,-6.945987759044181
<NA>,2255512773,21.05790302859859,,,,Sekejati,Buahbatu,26388,107.6618154500008,-6.946004950000177
<NA>,2255512760,21.402810364898404,,,,Sekejati,Buahbatu,26388,107.6618927500008,-6.946022150000202
<NA>,2255512760,22.934522067371837,,,,Sekejati,Buahbatu,26388,107.66197002861627,-6.946039340956214
<NA>,2255512777,23.937556623933474,,,,Sekejati,Buahbatu,26388,107.66204727138536,-6.946056559044153
<NA>,2255512777,15.94895293103501,,,,Sekejati,Buahbatu,26388,107.6621245500008,-6.946073750000194
<NA>,2255512777,9.433586827896306,,,,Sekejati,Buahbatu,26388,107.6622018500008,-6.946090950000163
<NA>,2255512777,8.770482680653844,,,,Sekejati,Buahbatu,26388,107.6622791500008,-6.946108200000177
<NA>,2255512777,8.40282474899829,,,,Sekejati,Buahbatu,26388,107.66217999268503,-6.946227471559529
<NA>,2255512777,15.004587599492488,,,,Sekejati,Buahbatu,26388,107.66210107887395,-6.94621053631348
<NA>,2255512777,23.220172560232285,,,,Sekejati,Buahbatu,26388,107.66202212844185,-6.9461935921347315
<NA>,2255512777,31.82047873585567,,,,Sekejati,Buahbatu,26388,107.66194320000069,-6.946176700000604
<NA>,2255512773,28.66874256075867,,,,Sekejati,Buahbatu,26388,107.66186426423815,-6.94615977942419
<NA>,2255512773,20.084851391194135,,,,Sekejati,Buahbatu,26388,107.66178533576326,-6.946142820577031
<NA>,2255512773,12.015292970764081,,,,Sekejati,Buahbatu,26388,107.66170640000068,-6.946125900000615
<NA>,11014872291,77.2417989757793,,,,Sukawarna,Sukajadi,14842,107.57999615312004,-6.881463419363882
<NA>,5463988167,19.953769840210988,,,,Cipaganti,Coblong,12118,107.60564327096996,-6.89239978214946
<NA>,5463988167,92.26492327094547,,,,Cipaganti,Coblong,12118,107.60526632517019,-6.891844514489468
<NA>,5463988167,68.60612162510218,,,,Cipaganti,Coblong,12118,107.60519899070334,-6.8923438885595445
<NA>,5098301280,18.673574465058614,,,,Hegarmanah,Cidadap,20613,107.60363457184258,-6.874279606507876
<NA>,12448324850,6.489909408382203,,,,Sindang Jaya,Mandalajati,15568,107.68449141734102,-6.901016129133935
<NA>,7562048168,63.53698476943906,,,,Cisaranten Kidul,Gedebage,22102,107.6977744966237,-6.962162719166386
<NA>,7562048168,103.06568941463591,,,,Cisaranten Kidul,Gedebage,22102,107.69812938801005,-6.962105461623676
<NA>,7562048168,130.5502500426732,,,,Cisaranten Kidul,Gedebage,22102,107.69838044843262,-6.962200262763912
<NA>,7562048168,65.60484837739523,,,,Cisaranten Kidul,Gedebage,22102,107.69775193545884,-6.961959242502568
<NA>,7562048168,117.08762663807647,,,,Cisaranten Kidul,Gedebage,22102,107.69825868329391,-6.962153784881191
<NA>,7562048168,88.79026815648264,,,,Cisaranten Kidul,Gedebage,22102,107.69799328983514,-6.962052247902572
<NA>,7562048168,76.27094567724171,,,,Cisaranten Kidul,Gedebage,22102,107.69786811632751,-6.9620053465311305
<NA>,7562048168,169.2064354093998,,,,Cisaranten Kidul,Gedebage,22102,107.69872299143343,-6.962325669049619
<NA>,7562048168,108.74139930660942,,,,Cisaranten Kidul,Gedebage,22102,107.69817330640936,-6.962317739952577
<NA>,6405993952,166.96538911775127,,,,Cisaranten Kidul,Gedebage,22102,107.69882393606606,-6.962362170475105
<NA>,6405993952,141.70582475636388,,,,Cisaranten Kidul,Gedebage,22102,107.69892693398232,-6.962598326402333
<NA>,6405993952,158.07360332019957,,,,Cisaranten Kidul,Gedebage,22102,107.69918922488614,-6.9625019822948815
<NA>,6405993952,139.3333072126583,,,,Cisaranten Kidul,Gedebage,22102,107.69902934115963,-6.962636320953599
<NA>,7562048168,157.475011779055,,,,Cisaranten Kidul,Gedebage,22102,107.69861980810715,-6.962288104184444
<NA>,7562048168,149.7768127087746,,,,Cisaranten Kidul,Gedebage,22102,107.69852668014907,-6.962450026349914
<NA>,7562048168,74.46756682591351,,,,Cisaranten Kidul,Gedebage,22102,107.69787305549973,-6.962201844484949
<NA>,7562048168,98.16938949550331,,,,Cisaranten Kidul,Gedebage,22102,107.69808132311799,-6.962284321826982
<NA>,7562048168,86.19372410983631,,,,Cisaranten Kidul,Gedebage,22102,107.69797663742932,-6.962244274444101
<NA>,6405993952,144.96362589818492,,,,Cisaranten Kidul,Gedebage,22102,107.69882480068307,-6.9625611114513335
<NA>,6405993952,149.11821769333724,,,,Cisaranten Kidul,Gedebage,22102,107.69872731230683,-6.96252374621799
<NA>,5461006030,151.80585341823758,,,,Cisaranten Kidul,Gedebage,22102,107.69862225015298,-6.962485955874133
<NA>,7562048168,53.004709738349646,,,,Cisaranten Kidul,Gedebage,22102,107.69767642581814,-6.962123383755491
<NA>,6405993952,138.06931626481634,,,,Cisaranten Kidul,Gedebage,22102,107.69912689740396,-6.962672068612432
<NA>,7562048168,127.81599023948276,,,,Cisaranten Kidul,Gedebage,22102,107.69833738048783,-6.9623831158953235
<NA>,7562048168,118.376991624695,,,,Cisaranten Kidul,Gedebage,22102,107.69825629466965,-6.962351161860065
<NA>,6405993952,163.14863721004272,,,,Cisaranten Kidul,Gedebage,22102,107.698935905912,-6.9624043665828665
<NA>,6405993952,159.93709350327157,,,,Cisaranten Kidul,Gedebage,22102,107.69906321404875,-6.962453222124599
<NA>,7562048168,140.78084699313325,,,,Cisaranten Kidul,Gedebage,22102,107.69844933730238,-6.962422026661196
<NA>,7562048168,146.22208896946972,,,,Cisaranten Kidul,Gedebage,22102,107.69852030522303,-6.9622512798906495
<NA>,6408734422,139.7565317993206,,,,Cisaranten Kidul,Gedebage,22102,107.69949874897259,-6.962815434967366
<NA>,6408734422,163.02962950160415,,,,Cisaranten Kidul,Gedebage,22102,107.699625512289,-6.962646760783399
<NA>,6408734422,173.71697853471258,,,,Cisaranten Kidul,Gedebage,22102,107.7002168141691,-6.963152626567711
<NA>,6408734422,149.5945174947964,,,,Cisaranten Kidul,Gedebage,22102,107.69980505000444,-6.962950999998809
<NA>,6408734422,179.9785568209706,,,,Cisaranten Kidul,Gedebage,22102,107.70008402689328,-6.962851726414156
<NA>,10962685934,181.18386413237386,,,,Cisaranten Kidul,Gedebage,22102,107.70057762083273,-6.963102312497858
<NA>,6408734422,191.72358886745437,,,,Cisaranten Kidul,Gedebage,22102,107.70029553652265,-6.962963644822242
<NA>,6408734422,142.07423924994023,,,,Cisaranten Kidul,Gedebage,22102,107.69960231268392,-6.962861356995607
<NA>,6408734422,165.71817164099164,,,,Cisaranten Kidul,Gedebage,22102,107.69974623055846,-6.962702390570893
<NA>,6408734422,161.6532544076045,,,,Cisaranten Kidul,Gedebage,22102,107.6995130000043,-6.962595299999536
<NA>,6408734422,154.3478913703077,,,,Cisaranten Kidul,Gedebage,22102,107.69990153499158,-6.962994637232186
<NA>,6405993950,166.67395635479463,,,,Cisaranten Kidul,Gedebage,22102,107.7003813240032,-6.963244134861641
<NA>,6408734422,185.23678155629128,,,,Cisaranten Kidul,Gedebage,22102,107.70017598018562,-6.9628923526147
<NA>,6408734422,138.49542512779357,,,,Cisaranten Kidul,Gedebage,22102,107.69939767989355,-6.96277121053499
<NA>,6408734422,165.69458468378002,,,,Cisaranten Kidul,Gedebage,22102,107.70008943416941,-6.963078071589485
<NA>,6405993950,192.41622114676096,,,,Cisaranten Kidul,Gedebage,22102,107.70038804206234,-6.963010340100796
<NA>,6408734422,169.70058509170204,,,,Cisaranten Kidul,Gedebage,22102,107.69986936047326,-6.962759529586515
<NA>,6408734422,159.74489424770954,,,,Cisaranten Kidul,Gedebage,22102,107.69999674204674,-6.963037665082303
<NA>,6405993950,160.2787190915011,,,,Cisaranten Kidul,Gedebage,22102,107.70047678395295,-6.9632969486892105
<NA>,6405993950,186.70510423615403,,,,Cisaranten Kidul,Gedebage,22102,107.70048613864499,-6.963057967565389
<NA>,6405993950,154.82869880868517,,,,Cisaranten Kidul,Gedebage,22102,107.70056342520026,-6.963346974199964
<NA>,6408734422,174.73678631471532,,,,Cisaranten Kidul,Gedebage,22102,107.6999828581169,-6.9628082450976585
<NA>,6408734422,145.43727095278226,,,,Cisaranten Kidul,Gedebage,22102,107.69970509563026,-6.962906590222075
<NA>,6405993950,172.99878345812144,,,,Cisaranten Kidul,Gedebage,22102,107.70029695795066,-6.9631959283658
<NA>,6405993952,80.01619214506817,,,,Cisaranten Kidul,Gedebage,22102,107.69891696582427,-6.963160474491686
<NA>,5461006030,89.74646254093095,,,,Cisaranten Kidul,Gedebage,22102,107.69860857679107,-6.963052000642973
<NA>,6406042416,95.38749831185226,,,,Cisaranten Kidul,Gedebage,22102,107.69834548121084,-6.962957189956878
<NA>,6406042416,92.3984592556889,,,,Cisaranten Kidul,Gedebage,22102,107.69826335713188,-6.962923683903553
<NA>,5461006030,111.76853275145704,,,,Cisaranten Kidul,Gedebage,22102,107.69858119110553,-6.962845471526425
<NA>,7562048168,65.23826093654654,,,,Cisaranten Kidul,Gedebage,22102,107.69755173496975,-6.96265024039768
<NA>,6405993952,82.9030853036363,,,,Cisaranten Kidul,Gedebage,22102,107.69881414449947,-6.963121918440299
<NA>,6406042416,109.27105108158706,,,,Cisaranten Kidul,Gedebage,22102,107.69814255642962,-6.962679587185602
<NA>,7562048168,108.30781086410624,,,,Cisaranten Kidul,Gedebage,22102,107.6980588397804,-6.962647560361687
<NA>,5461006030,110.13984336688844,,,,Cisaranten Kidul,Gedebage,22102,107.69867277679107,-6.9628775006429775
<NA>,6405993952,106.28308988424932,,,,Cisaranten Kidul,Gedebage,22102,107.69877376492057,-6.962909836283802
<NA>,6406042416,88.8111363419408,,,,Cisaranten Kidul,Gedebage,22102,107.69796097107209,-6.962812934342264
<NA>,6406042416,89.72036528006632,,,,Cisaranten Kidul,Gedebage,22102,107.6981588185012,-6.962884013001427
<NA>,7562048168,50.62461179032554,,,,Cisaranten Kidul,Gedebage,22102,107.69755859421446,-6.962461399013129
<NA>,7562048168,73.27325150174526,,,,Cisaranten Kidul,Gedebage,22102,107.69775665940107,-6.962536208203829
<NA>,7562048168,61.84468596279911,,,,Cisaranten Kidul,Gedebage,22102,107.69765716294216,-6.962498943841087
<NA>,5461006030,114.19272899019724,,,,Cisaranten Kidul,Gedebage,22102,107.69849716278836,-6.9628155452895735
<NA>,6405993952,87.30638387382997,,,,Cisaranten Kidul,Gedebage,22102,107.69870956492058,-6.963084336283823
<NA>,7562048168,88.20858914134331,,,,Cisaranten Kidul,Gedebage,22102,107.69776432575813,-6.962740323332786
<NA>,6406042416,114.65601983307752,,,,Cisaranten Kidul,Gedebage,22102,107.69840968121083,-6.962782689956881
<NA>,6406042416,88.58638079278181,,,,Cisaranten Kidul,Gedebage,22102,107.69805830951697,-6.9628470591335585
<NA>,5461006030,94.73402503167512,,,,Cisaranten Kidul,Gedebage,22102,107.69843296278837,-6.962990045289572
<NA>,7562048168,97.64873689233852,,,,Cisaranten Kidul,Gedebage,22102,107.69796640757468,-6.962615358967919
<NA>,6405993952,100.38167818577705,,,,Cisaranten Kidul,Gedebage,22102,107.69898116582426,-6.962985974491682
<NA>,6405993952,102.71403817587903,,,,Cisaranten Kidul,Gedebage,22102,107.69887834449946,-6.962947418440293
<NA>,5461006030,91.77550300259172,,,,Cisaranten Kidul,Gedebage,22102,107.69851699110554,-6.96301997152639
<NA>,7562048168,85.4616399232054,,,,Cisaranten Kidul,Gedebage,22102,107.69786106251661,-6.962577097667174
<NA>,6406042416,112.24516017951446,,,,Cisaranten Kidul,Gedebage,22102,107.69832755713186,-6.962749183903525
<NA>,6406042416,90.84178479557222,,,,Cisaranten Kidul,Gedebage,22102,107.69786823616563,-6.962776159676071
<NA>,6406042416,110.04432645694669,,,,Cisaranten Kidul,Gedebage,22102,107.69822407465487,-6.962710390175134
<NA>,7562048168,77.41521651057232,,,,Cisaranten Kidul,Gedebage,22102,107.69766078010844,-6.962703629204863
<NA>,6408734422,99.48384343020186,,,,Cisaranten Kidul,Gedebage,22102,107.69972384774073,-6.963807449512169
<NA>,6405993950,60.64590023743908,,,,Cisaranten Kidul,Gedebage,22102,107.70045854201484,-6.964199108603533
<NA>,6405993952,54.999119342398245,,,,Cisaranten Kidul,Gedebage,22102,107.69867556831093,-6.963384049135612
<NA>,6408734422,110.0076933607839,,,,Cisaranten Kidul,Gedebage,22102,107.69982233738625,-6.963873183517738
<NA>,5461006030,58.39346022705363,,,,Cisaranten Kidul,Gedebage,22102,107.6985037352509,-6.963321799007676
<NA>,6408734422,83.30976863833854,,,,Cisaranten Kidul,Gedebage,22102,107.69956555428529,-6.963733940814749
<NA>,5461006030,61.012477574994605,,,,Cisaranten Kidul,Gedebage,22102,107.69841794287996,-6.96329528120326
<NA>,5461006030,65.51292688023068,,,,Cisaranten Kidul,Gedebage,22102,107.69833524388324,-6.963263990112709
<NA>,6405993950,104.83035526478045,,,,Cisaranten Kidul,Gedebage,22102,107.69998119493147,-6.963957176256478
<NA>,6406042416,56.264964692463515,,,,Cisaranten Kidul,Gedebage,22102,107.69805309491613,-6.963174494393428
<NA>,6405993950,80.31485852645886,,,,Cisaranten Kidul,Gedebage,22102,107.70022594346925,-6.964076007794279
<NA>,6405993952,47.56607927335167,,,,Cisaranten Kidul,Gedebage,22102,107.69883920000258,-6.963444649998497
<NA>,6408734422,75.79216609332354,,,,Cisaranten Kidul,Gedebage,22102,107.69948582332543,-6.963694566691828
<NA>,6406042416,63.468512951437134,,,,Cisaranten Kidul,Gedebage,22102,107.69761770000412,-6.963034099997437
<NA>,6405993952,50.33199239614338,,,,Cisaranten Kidul,Gedebage,22102,107.69875839669143,-6.963415855925717
<NA>,6406042416,53.878202204757976,,,,Cisaranten Kidul,Gedebage,22102,107.69788068271038,-6.9631182278369375
<NA>,6406042416,67.11868396910502,,,,Cisaranten Kidul,Gedebage,22102,107.69824938979318,-6.963231598417126
<NA>,6408734422,55.94648833826165,,,,Cisaranten Kidul,Gedebage,22102,107.69923618327813,-6.963587361845954
<NA>,6408734422,91.3169722725343,,,,Cisaranten Kidul,Gedebage,22102,107.69964559324754,-6.963772372227636
<NA>,6405993950,88.35229142783483,,,,Cisaranten Kidul,Gedebage,22102,107.7001410833863,-6.964035554744804
<NA>,6408734422,61.213360863317554,,,,Cisaranten Kidul,Gedebage,22102,107.69931604264586,-6.963625218976004
<NA>,6408734422,49.6354239595898,,,,Cisaranten Kidul,Gedebage,22102,107.69907360000352,-6.963510349999011
<NA>,6406042416,54.153938909656084,,,,Cisaranten Kidul,Gedebage,22102,107.69796480142685,-6.96314549271308
<NA>,6406042416,58.36100705275665,,,,Cisaranten Kidul,Gedebage,22102,107.6977063052377,-6.963065143579064
<NA>,6408734422,68.02899750365246,,,,Cisaranten Kidul,Gedebage,22102,107.69939921484307,-6.963658255455235
<NA>,6405993950,96.33565439209511,,,,Cisaranten Kidul,Gedebage,22102,107.70005937408378,-6.963998526265326
<NA>,5461006030,57.197334777774635,,,,Cisaranten Kidul,Gedebage,22102,107.69859289628752,-6.963351190904431
<NA>,6406042416,55.2093397832389,,,,Cisaranten Kidul,Gedebage,22102,107.69779336075099,-6.96309206837132
<NA>,6405993950,113.8504574354026,,,,Cisaranten Kidul,Gedebage,22102,107.69990001932699,-6.963914453703497
<NA>,6408734422,51.87050390392128,,,,Cisaranten Kidul,Gedebage,22102,107.69915313970246,-6.9635480492661275
<NA>,6405993950,72.855598940966,,,,Cisaranten Kidul,Gedebage,22102,107.70030385964418,-6.964118876571482
<NA>,6405993950,66.11864715373764,,,,Cisaranten Kidul,Gedebage,22102,107.70038194646794,-6.964160814125392
<NA>,6406042416,62.34733384740178,,,,Cisaranten Kidul,Gedebage,22102,107.69816691858921,-6.963200261149172
<NA>,5447158038,13.28206182416303,,,,Sekejati,Buahbatu,26388,107.65308702768154,-6.946061738187852
<NA>,5447158038,19.802070751104488,,,,Sekejati,Buahbatu,26388,107.65301937232707,-6.946051511816069
<NA>,5447158038,26.87567265183716,,,,Sekejati,Buahbatu,26388,107.65295173295212,-6.946041265869143
<NA>,5447158045,24.082579200587443,,,,Sekejati,Buahbatu,26388,107.65288406704887,-6.9460310341296765
<NA>,5447158045,22.7676733968282,,,,Sekejati,Buahbatu,26388,107.65281642767393,-6.946020788182726
<NA>,5447158045,23.903034295424426,,,,Sekejati,Buahbatu,26388,107.65274877231946,-6.946010561810949
<NA>,5447158045,27.177061216686283,,,,Sekejati,Buahbatu,26388,107.65268112767393,-6.946000288182749
<NA>,5447158045,31.947948038418232,,,,Sekejati,Buahbatu,26388,107.65261347759686,-6.94599008948494
<NA>,5447158045,37.642270313169,,,,Sekejati,Buahbatu,26388,107.65254582240414,-6.945979810513865
<NA>,5447158045,43.90893006297127,,,,Sekejati,Buahbatu,26388,107.65247817232706,-6.945969611816068
<NA>,5447158045,50.52921893606026,,,,Sekejati,Buahbatu,26388,107.65241052768154,-6.945959338187822
<NA>,5447158050,52.515163378830195,,,,Sekejati,Buahbatu,26388,107.65234287232708,-6.945949111816076
<NA>,5447158050,44.99732505571441,,,,Sekejati,Buahbatu,26388,107.65227523295214,-6.945938865869148
<NA>,5447158050,37.496152376334514,,,,Sekejati,Buahbatu,26388,107.65220756704888,-6.945928634129669
<NA>,5447158045,26.78639437179364,,,,Sekejati,Buahbatu,26388,107.65306032766347,-6.945927286814413
<NA>,5447158045,20.102526187834936,,,,Sekejati,Buahbatu,26388,107.65299580000043,-6.945917999999027
<NA>,5447158045,13.951945193000576,,,,Sekejati,Buahbatu,26388,107.65293127233743,-6.945908713183665
<NA>,5447158045,9.439078558369069,,,,Sekejati,Buahbatu,26388,107.65286675000043,-6.945899399999046
<NA>,5447158045,9.352850081703748,,,,Sekejati,Buahbatu,26388,107.65280225000043,-6.945890099999039
<NA>,5447158045,13.773839866442353,,,,Sekejati,Buahbatu,26388,107.65273775000043,-6.945880799999034
<NA>,5447158045,19.897257162975812,,,,Sekejati,Buahbatu,26388,107.65267322766346,-6.945871486814395
<NA>,5447158045,26.572216274082685,,,,Sekejati,Buahbatu,26388,107.65260870000043,-6.94586219999904
<NA>,5447158045,33.46952392466547,,,,Sekejati,Buahbatu,26388,107.6525441723374,-6.945852913183658
<NA>,5447158045,40.47417000010137,,,,Sekejati,Buahbatu,26388,107.65247965472497,-6.945843577673571
<NA>,5447158045,47.53851858673123,,,,Sekejati,Buahbatu,26388,107.65241515000044,-6.945834249999033
<NA>,5447158050,51.69408566737291,,,,Sekejati,Buahbatu,26388,107.65235065000043,-6.945824949999057
<NA>,5447158050,44.58417415338383,,,,Sekejati,Buahbatu,26388,107.65228612766408,-6.945815636827421
<NA>,5447158050,37.51131911531564,,,,Sekejati,Buahbatu,26388,107.65222160000043,-6.94580634999905
<NA>,5447158045,17.059832402213722,,,,Sekejati,Buahbatu,26388,107.65273190482311,-6.945711827650577
<NA>,5447158045,23.720621471937445,,,,Sekejati,Buahbatu,26388,107.65266369517785,-6.945701972347455
<NA>,5447158045,30.82649448713174,,,,Sekejati,Buahbatu,26388,107.65259550000049,-6.945692149999009
<NA>,5447158045,38.13105460095781,,,,Sekejati,Buahbatu,26388,107.65252730482312,-6.945682327650575
<NA>,5447158045,45.5443881088857,,,,Sekejati,Buahbatu,26388,107.65245907281617,-6.945672459421247
<NA>,5447158023,46.008586990416596,,,,Sekejati,Buahbatu,26388,107.65239085482725,-6.945662627638945
<NA>,5447158044,46.64250759638841,,,,Sekejati,Buahbatu,26388,107.65232265000047,-6.945652799999033
<NA>,5447158044,39.192823731104625,,,,Sekejati,Buahbatu,26388,107.65225444517371,-6.945642972359082
<NA>,5447158044,31.822605854754794,,,,Sekejati,Buahbatu,26388,107.65218622718483,-6.945633140576759
<NA>,5447158044,24.605498503309082,,,,Sekejati,Buahbatu,26388,107.65211799517785,-6.94562327234745
<NA>,5447158044,17.73394746518114,,,,Sekejati,Buahbatu,26388,107.65204980000048,-6.945613449999004
<NA>,5447158050,30.030674828411243,,,,Sekejati,Buahbatu,26388,107.65213992767393,-6.945918388182737
<NA>,5447158050,30.502360874701395,,,,Sekejati,Buahbatu,26388,107.65215707233676,-6.945797063170659
<NA>,9263066543,31.385374773901734,,,,Sekejati,Buahbatu,26388,107.65288240000298,-6.9455139500027006
<NA>,5447158045,27.361356287199133,,,,Sekejati,Buahbatu,26388,107.65289395000298,-6.9455747000026955
<NA>,5447158045,21.187906616821394,,,,Sekejati,Buahbatu,26388,107.65290555000298,-6.945635450002718
<NA>,5447158045,15.588525800480905,,,,Sekejati,Buahbatu,26388,107.65291712123464,-6.945696146504418
<NA>,5447158045,32.0033325809137,,,,Sekejati,Buahbatu,26388,107.65271182719489,-6.9455600869727245
<NA>,5447158023,36.366531742621135,,,,Sekejati,Buahbatu,26388,107.65264080000034,-6.945551649998966
<NA>,5447158023,32.63016321395879,,,,Sekejati,Buahbatu,26388,107.65256980000034,-6.945543249998949
<NA>,5447158023,30.52911045228735,,,,Sekejati,Buahbatu,26388,107.65249877281269,-6.945534863029083
<NA>,5447158023,30.400666336036494,,,,Sekejati,Buahbatu,26388,107.652427727188,-6.945526436968832
<NA>,5447158023,32.27115106229835,,,,Sekejati,Buahbatu,26388,107.65235670000034,-6.94551799999895
<NA>,5447158023,35.82681036756451,,,,Sekejati,Buahbatu,26388,107.65228570000035,-6.945509549998967
<NA>,5447158044,39.58228016608771,,,,Sekejati,Buahbatu,26388,107.6522146728127,-6.945501163029085
<NA>,5447158044,33.47862058419662,,,,Sekejati,Buahbatu,26388,107.65214365000035,-6.945492749998964
<NA>,5447158044,28.283862338668023,,,,Sekejati,Buahbatu,26388,107.65207262718802,-6.9454843369688275
<NA>,5447158045,11.425483792119056,,,,Sekejati,Buahbatu,26388,107.65292867877132,-6.945756853501
<NA>,5447158044,11.817566306136602,,,,Sekejati,Buahbatu,26388,107.65198160482312,-6.945603627650588
<NA>,5447158044,24.583305942323932,,,,Sekejati,Buahbatu,26388,107.65200160000033,-6.945475899998971
<NA>,5447158025,25.352099077058845,,,,Sekejati,Buahbatu,26388,107.65186402751507,-6.9453986454427445
<NA>,5447158044,23.894817375918826,,,,Sekejati,Buahbatu,26388,107.6518552724872,-6.945463254562863
<NA>,5447158044,17.29754805681693,,,,Sekejati,Buahbatu,26388,107.65184653613792,-6.94552782249738
<NA>,5447158044,11.461812265984006,,,,Sekejati,Buahbatu,26388,107.65183782750272,-6.945592395438805
<NA>,5447158044,8.217564686392368,,,,Sekejati,Buahbatu,26388,107.65182911385135,-6.9456569775087535
<NA>,5447158044,10.380074252829827,,,,Sekejati,Buahbatu,26388,107.6518203724872,-6.945721554562867
<NA>,5447158038,43.207214480669045,,,,Sekejati,Buahbatu,26388,107.65320745000038,-6.946537499999499
<NA>,5447158038,42.06188522439877,,,,Sekejati,Buahbatu,26388,107.6531496222118,-6.946528462006851
<NA>,5447158038,41.893077232140264,,,,Sekejati,Buahbatu,26388,107.65309177778032,-6.946519387985989
<NA>,5447158038,42.7219751874531,,,,Sekejati,Buahbatu,26388,107.6530339222118,-6.946510362006829
<NA>,5447158038,44.48251889238432,,,,Sekejati,Buahbatu,26388,107.65297607778031,-6.946501287985999
<NA>,5447158038,47.08016061706045,,,,Sekejati,Buahbatu,26388,107.6529182222118,-6.94649226200684
<NA>,5447158038,50.376268323395685,,,,Sekejati,Buahbatu,26388,107.65286037778031,-6.946483187985994
<NA>,5447158038,54.249240508139486,,,,Sekejati,Buahbatu,26388,107.65280255000039,-6.946474149999498
<NA>,5447158038,58.58424503927986,,,,Sekejati,Buahbatu,26388,107.65274470000038,-6.946465099999512
<NA>,5447158038,63.28765684328655,,,,Sekejati,Buahbatu,26388,107.65268684486912,-6.946456072220862
<NA>,5447158038,68.27937366529754,,,,Sekejati,Buahbatu,26388,107.65262900514182,-6.946447027774933
<NA>,5447158038,73.50415666559114,,,,Sekejati,Buahbatu,26388,107.65257114486911,-6.94643797222088
<NA>,5447158045,76.9980675116311,,,,Sekejati,Buahbatu,26388,107.65251330514182,-6.946428927774921
<NA>,6431061897,70.58837635179478,,,,Sekejati,Buahbatu,26388,107.65245545000039,-6.946419899999513
<NA>,6431061897,64.13888383942292,,,,Sekejati,Buahbatu,26388,107.65239760000038,-6.94641084999951
<NA>,6431061897,57.695114205604284,,,,Sekejati,Buahbatu,26388,107.65233975000038,-6.946401799999521
<NA>,6431061897,51.25922568709439,,,,Sekejati,Buahbatu,26388,107.65228190000039,-6.946392749999521
<NA>,6431061897,44.83461227524669,,,,Sekejati,Buahbatu,26388,107.6522240500004,-6.946383699999511
<NA>,6431061897,38.426929562253456,,,,Sekejati,Buahbatu,26388,107.6521662000004,-6.946374649999512
<NA>,6431061897,32.04633495772654,,,,Sekejati,Buahbatu,26388,107.6521083500004,-6.946365599999505
<NA>,6431061897,25.713001708407813,,,,Sekejati,Buahbatu,26388,107.65205050000039,-6.946356549999506
<NA>,6431061897,19.473097506472037,,,,Sekejati,Buahbatu,26388,107.65199265000038,-6.946347499999515
<NA>,6431061897,13.455941165816842,,,,Sekejati,Buahbatu,26388,107.65193479485896,-6.946338472224088
<NA>,6431061897,8.174386295808166,,,,Sekejati,Buahbatu,26388,107.65187695513166,-6.946329427778128
<NA>,5447158038,23.312939776401738,,,,Sekejati,Buahbatu,26388,107.65312622383455,-6.946355057115489
<NA>,5447158038,24.499516561929482,,,,Sekejati,Buahbatu,26388,107.65307037616616,-6.946346842882139
<NA>,5447158038,27.102799264756698,,,,Sekejati,Buahbatu,26388,107.65301454593447,-6.946338572082837
<NA>,5447158038,30.769650089696857,,,,Sekejati,Buahbatu,26388,107.65295873197994,-6.946330312929229
<NA>,5447158038,35.1753555630375,,,,Sekejati,Buahbatu,26388,107.6529028680208,-6.946322087068356
<NA>,5447158038,40.067600383086656,,,,Sekejati,Buahbatu,26388,107.65284705000036,-6.946313849998783
<NA>,5447158038,45.29215147966826,,,,Sekejati,Buahbatu,26388,107.65279123197995,-6.946305612929238
<NA>,5447158038,50.75168354848341,,,,Sekejati,Buahbatu,26388,107.65273536802079,-6.946297387068374
<NA>,5447158045,55.347136733877676,,,,Sekejati,Buahbatu,26388,107.65267955406625,-6.946289127914719
<NA>,5447158045,56.851630631843,,,,Sekejati,Buahbatu,26388,107.65262372383457,-6.946280857115449
<NA>,5447158045,58.987846148647435,,,,Sekejati,Buahbatu,26388,107.65256787616616,-6.946272642882114
<NA>,5447158045,61.67814508358694,,,,Sekejati,Buahbatu,26388,107.65251204593447,-6.946264372082836
<NA>,5447158045,64.85906415401358,,,,Sekejati,Buahbatu,26388,107.65245623197994,-6.946256112929244
<NA>,5447158039,62.75133547357322,,,,Sekejati,Buahbatu,26388,107.65240036802078,-6.9462478870683775
<NA>,5447158039,56.58450958342194,,,,Sekejati,Buahbatu,26388,107.65234455000038,-6.946239649998808
<NA>,5447158039,50.435530231915415,,,,Sekejati,Buahbatu,26388,107.65228873197994,-6.946231412929232
<NA>,5447158039,44.30668293901086,,,,Sekejati,Buahbatu,26388,107.65223286802077,-6.94622318706836
<NA>,5447158039,38.22105186645279,,,,Sekejati,Buahbatu,26388,107.65217705406627,-6.946214927914737
<NA>,5447158039,32.192690527440966,,,,Sekejati,Buahbatu,26388,107.65212122383456,-6.946206657115479
<NA>,5447158039,26.26080433740863,,,,Sekejati,Buahbatu,26388,107.65206537616616,-6.946198442882124
<NA>,5447158039,20.517683656478756,,,,Sekejati,Buahbatu,26388,107.65200954593448,-6.946190172082823
<NA>,5447158039,15.174211867070749,,,,Sekejati,Buahbatu,26388,107.65195373197993,-6.946181912929232
<NA>,5447158038,11.04776605080277,,,,Sekejati,Buahbatu,26388,107.65310402209771,-6.946224214860422
<NA>,5447158038,15.171628132975522,,,,Sekejati,Buahbatu,26388,107.65305007379456,-6.946216207227779
<NA>,5447158038,20.274240452325554,,,,Sekejati,Buahbatu,26388,107.65299615410277,-6.946208277892181
<NA>,5447158038,25.779454360392435,,,,Sekejati,Buahbatu,26388,107.65294222209772,-6.9462003148604445
<NA>,5447158038,31.47806979839358,,,,Sekejati,Buahbatu,26388,107.65288827379457,-6.946192307227745
<NA>,5447158038,37.28245491439255,,,,Sekejati,Buahbatu,26388,107.6528343262061,-6.946184392770029
<NA>,5447158045,40.40200432485404,,,,Sekejati,Buahbatu,26388,107.65278037790296,-6.9461763851373854
<NA>,5447158045,41.02940362261243,,,,Sekejati,Buahbatu,26388,107.6527264458979,-6.946168422105609
<NA>,5447158045,42.513787352587,,,,Sekejati,Buahbatu,26388,107.65267252620612,-6.946160492770026
<NA>,5447158045,44.76147847250535,,,,Sekejati,Buahbatu,26388,107.65261857790296,-6.946152485137362
<NA>,5447158045,47.67339804493897,,,,Sekejati,Buahbatu,26388,107.65256464589791,-6.946144522105627
<NA>,5447158045,51.13479720417248,,,,Sekejati,Buahbatu,26388,107.65251072620613,-6.946136592770041
<NA>,5447158045,55.039134966633846,,,,Sekejati,Buahbatu,26388,107.65245677379457,-6.946128607227749
<NA>,5447158045,59.303540177011634,,,,Sekejati,Buahbatu,26388,107.6524028220983,-6.946120664875973
<NA>,5447158043,55.984360009607904,,,,Sekejati,Buahbatu,26388,107.65234888200332,-6.946112663024972
<NA>,5447158043,50.04991391093339,,,,Sekejati,Buahbatu,26388,107.65229494589789,-6.946104722105605
<NA>,5447158043,44.14317220601823,,,,Sekejati,Buahbatu,26388,107.65224102620611,-6.946096792770024
<NA>,5447158043,38.26762263613988,,,,Sekejati,Buahbatu,26388,107.65218707790297,-6.946088785137412
<NA>,5447158043,32.45083374179546,,,,Sekejati,Buahbatu,26388,107.65213311799735,-6.946080836972817
<NA>,5447158043,26.730301459727364,,,,Sekejati,Buahbatu,26388,107.65207918200332,-6.946072863024984
<NA>,5447158043,21.182753057987867,,,,Sekejati,Buahbatu,26388,107.65202525000034,-6.9460648999989045
<NA>,5447158043,15.987415666459828,,,,Sekejati,Buahbatu,26388,107.65197131799735,-6.94605693697283
<NA>,5447158039,10.828481610782019,,,,Sekejati,Buahbatu,26388,107.65189786802078,-6.946173687068375
<NA>,5447158043,11.625175711023916,,,,Sekejati,Buahbatu,26388,107.65191738200332,-6.946048963025006
<NA>,6431061897,10.15418127898785,,,,Sekejati,Buahbatu,26388,107.65174940000092,-6.9463147000020955
<NA>,5447158039,8.377496907638243,,,,Sekejati,Buahbatu,26388,107.65175730000094,-6.946251800002043
<NA>,5447158039,9.861158132020444,,,,Sekejati,Buahbatu,26388,107.65176520000091,-6.946188900002075
<NA>,5447158039,14.924240551007339,,,,Sekejati,Buahbatu,26388,107.65177310000092,-6.9461260000020575
<NA>,5447158043,15.16490759715428,,,,Sekejati,Buahbatu,26388,107.65178100000094,-6.946063100002058
<NA>,5447158043,9.921762523382695,,,,Sekejati,Buahbatu,26388,107.65178890000091,-6.946000200002057
<NA>,5447158043,8.083245281819355,,,,Sekejati,Buahbatu,26388,107.65179680000092,-6.945937300002039
<NA>,5447158050,9.980195295770175,,,,Sekejati,Buahbatu,26388,107.65180470000094,-6.945874400002076
<NA>,9582435365,89.35533450434598,,,,Suka Asih,Bojongloa Kaler,20219,107.5858344500012,-6.932542900014324
<NA>,9582435365,98.3722575439625,,,,Suka Asih,Bojongloa Kaler,20219,107.5858618500012,-6.932446750014319
<NA>,9582435365,107.77240283520278,,,,Suka Asih,Bojongloa Kaler,20219,107.58588926908207,-6.9323506019968475
<NA>,9582435365,117.46383463018813,,,,Suka Asih,Bojongloa Kaler,20219,107.58591670000119,-6.93225445001431
<NA>,9582435365,127.37909668449588,,,,Suka Asih,Bojongloa Kaler,20219,107.58594413092034,-6.93215829803173
<NA>,9582435365,137.4685982166661,,,,Suka Asih,Bojongloa Kaler,20219,107.5859715500012,-6.9320621500143025
<NA>,9582435365,68.44332096828056,,,,Suka Asih,Bojongloa Kaler,20219,107.58560236998011,-6.933483503355488
<NA>,9582435365,62.902860320987756,,,,Suka Asih,Bojongloa Kaler,20219,107.58563190000139,-6.933379000009
<NA>,9582435365,59.68297741442398,,,,Suka Asih,Bojongloa Kaler,20219,107.58565980822546,-6.933284622351747
<NA>,9582435365,58.25140823666343,,,,Suka Asih,Bojongloa Kaler,20219,107.58568525000129,-6.933194850009426
<NA>,9582435365,58.66760018176746,,,,Suka Asih,Bojongloa Kaler,20219,107.58571246333364,-6.933094979879364
<NA>,9582435365,61.43768792817916,,,,Suka Asih,Bojongloa Kaler,20219,107.5857409866639,-6.932990220141701
<NA>,9582435365,153.54251895328275,,,,Suka Asih,Bojongloa Kaler,20219,107.58603039310891,-6.931923520624381
<NA>,9582435365,149.8151150996928,,,,Suka Asih,Bojongloa Kaler,20219,107.58593430000111,-6.93189645000109
<NA>,9582435365,146.82505184314425,,,,Suka Asih,Bojongloa Kaler,20219,107.58583820689331,-6.931869379377782
<NA>,3115483158,123.39432432252795,,,,Suka Asih,Bojongloa Kaler,20219,107.58610831286106,-6.9313241173786215
<NA>,3115483158,129.73348175082265,,,,Suka Asih,Bojongloa Kaler,20219,107.58607061816615,-6.931470970695129
<NA>,3115483158,125.82295865592471,,,,Suka Asih,Bojongloa Kaler,20219,107.58590555598425,-6.9315862040283385
<NA>,3115483158,147.5240045512972,,,,Suka Asih,Bojongloa Kaler,20219,107.58599908471301,-6.931762995593757
<NA>,3115483158,126.20571631734843,,,,Suka Asih,Bojongloa Kaler,20219,107.58627256590414,-6.931020981536645
<NA>,3115483158,117.03521777303132,,,,Suka Asih,Bojongloa Kaler,20219,107.58619173409812,-6.931002118462514
<NA>,3115483158,107.86723708133881,,,,Suka Asih,Bojongloa Kaler,20219,107.58611090000113,-6.93098329999959
<NA>,3115483158,101.24520471845034,,,,Suka Asih,Bojongloa Kaler,20219,107.58598680501434,-6.931135079189421
<NA>,3115483158,110.123935423988,,,,Suka Asih,Bojongloa Kaler,20219,107.58606655000122,-6.931155199999587
<NA>,3115483158,119.03482422961739,,,,Suka Asih,Bojongloa Kaler,20219,107.5861463000012,-6.931175299999604
<NA>,3115483158,127.97388920408294,,,,Suka Asih,Bojongloa Kaler,20219,107.5862260500012,-6.931195449999582
<NA>,3115483158,98.69853921559353,,,,Suka Asih,Bojongloa Kaler,20219,107.58603004479447,-6.93096447110822
<NA>,3115997398,101.32333188144987,,,,Suka Asih,Bojongloa Kaler,20219,107.58659613267167,-6.9310523696309385
<NA>,3115997398,90.13860439028556,,,,Suka Asih,Bojongloa Kaler,20219,107.58662711732872,-6.930933030412352
<NA>,3115997398,79.7254170257901,,,,Suka Asih,Bojongloa Kaler,20219,107.58665806306125,-6.930813667299997
<NA>,3115997398,48.27993539752513,,,,Suka Asih,Bojongloa Kaler,20219,107.58696740000126,-6.9307462500174415
<NA>,3115997398,56.50003652428512,,,,Suka Asih,Bojongloa Kaler,20219,107.58694560000127,-6.930826000017442
<NA>,3115997398,64.9687529792345,,,,Suka Asih,Bojongloa Kaler,20219,107.58692380000126,-6.930905750017439
<NA>,3115997398,73.60493355190481,,,,Suka Asih,Bojongloa Kaler,20219,107.58690200000126,-6.930985550017456
<NA>,3115997398,82.34824915074476,,,,Suka Asih,Bojongloa Kaler,20219,107.58688020000126,-6.931065300017436
<NA>,3115997398,70.42336034172352,,,,Suka Asih,Bojongloa Kaler,20219,107.58668903694411,-6.930694332741466
<NA>,3115997398,91.16922820150008,,,,Suka Asih,Bojongloa Kaler,20219,107.58685843192946,-6.931145049080889
<NA>,3115483163,122.78314750116289,,,,Suka Asih,Bojongloa Kaler,20219,107.58651527994837,-6.931344746721028
<NA>,3115997398,118.64240493500522,,,,Suka Asih,Bojongloa Kaler,20219,107.58654806818674,-6.931224801050179
<NA>,3115997398,111.12263365549488,,,,Suka Asih,Bojongloa Kaler,20219,107.58656835000106,-6.9311506500230085
<NA>,5862651605,91.36341319922188,,,,Suka Asih,Bojongloa Kaler,20219,107.5859475663078,-6.933420166775739
<NA>,9582435365,92.74634765094395,,,,Suka Asih,Bojongloa Kaler,20219,107.58598813369824,-6.933271933262422
<NA>,9582435365,123.82131896040215,,,,Suka Asih,Bojongloa Kaler,20219,107.58619087994606,-6.932530696717265
<NA>,3115483168,125.83827334044946,,,,Suka Asih,Bojongloa Kaler,20219,107.58623142005764,-6.932382453317148
<NA>,3115483168,124.16910059227722,,,,Suka Asih,Bojongloa Kaler,20219,107.58627199358189,-6.932234226659405
<NA>,5862651605,80.67324051793099,,,,Suka Asih,Bojongloa Kaler,20219,107.58617867964546,-6.933637996014758
<NA>,5862651605,96.64873258262962,,,,Suka Asih,Bojongloa Kaler,20219,107.58621905000287,-6.933489750013858
<NA>,3115483210,107.54293956480304,,,,Suka Asih,Bojongloa Kaler,20219,107.58625945000287,-6.933341500013869
<NA>,3115483210,116.19573394609034,,,,Suka Asih,Bojongloa Kaler,20219,107.58629982036028,-6.933193304012959
<NA>,3115483210,126.55563234714224,,,,Suka Asih,Bojongloa Kaler,20219,107.58634020000287,-6.933045050013825
<NA>,3115483168,100.41847586897681,,,,Suka Asih,Bojongloa Kaler,20219,107.58646135000286,-6.932600300013835
<NA>,3115483168,95.43659275282776,,,,Suka Asih,Bojongloa Kaler,20219,107.58650172036029,-6.932452104012959
<NA>,3115483168,93.33085316943176,,,,Suka Asih,Bojongloa Kaler,20219,107.58654207964344,-6.9323038460106625
<NA>,3115483168,94.29202067527733,,,,Suka Asih,Bojongloa Kaler,20219,107.5865824500029,-6.9321556000138385
<NA>,3115483168,98.2258227468348,,,,Suka Asih,Bojongloa Kaler,20219,107.58662285000287,-6.932007400013849
<NA>,3115483163,101.08762283536937,,,,Suka Asih,Bojongloa Kaler,20219,107.58666325000287,-6.9318591500138265
<NA>,3115483163,95.21799876030781,,,,Suka Asih,Bojongloa Kaler,20219,107.58670362036028,-6.931710904012944
<NA>,3115483163,92.15605791827134,,,,Suka Asih,Bojongloa Kaler,20219,107.5867439676758,-6.931562666370385
<NA>,3115483163,92.17418505618603,,,,Suka Asih,Bojongloa Kaler,20219,107.58678436197482,-6.93141442965884
<NA>,9113612656,43.90729338210056,,,,Suka Asih,Bojongloa Kaler,20219,107.58706665000133,-6.933510550007717
<NA>,3115483183,45.58932594572235,,,,Suka Asih,Bojongloa Kaler,20219,107.58716686770158,-6.933146000677039
<NA>,3115483183,47.08253449592916,,,,Suka Asih,Bojongloa Kaler,20219,107.58715145000063,-6.933202100009752
<NA>,3115483183,49.37450309683479,,,,Suka Asih,Bojongloa Kaler,20219,107.58713605000064,-6.933258200009739
<NA>,3115483183,52.36564377918847,,,,Suka Asih,Bojongloa Kaler,20219,107.58712060804669,-6.933314267044413
<NA>,3115483183,55.93740965221599,,,,Suka Asih,Bojongloa Kaler,20219,107.58710519195456,-6.933370332975114
<NA>,9113612656,53.03493513981376,,,,Suka Asih,Bojongloa Kaler,20219,107.58708975000063,-6.9334264000097585
<NA>,9113612656,74.64839910697069,,,,Suka Asih,Bojongloa Kaler,20219,107.58685720400621,-6.93327821955538
<NA>,3115483183,77.68063763611984,,,,Suka Asih,Bojongloa Kaler,20219,107.58687486928685,-6.933210551976794
<NA>,9113612656,52.97285743121116,,,,Suka Asih,Bojongloa Kaler,20219,107.58678666859119,-6.9335483806971485
<NA>,9113612656,57.61146068712652,,,,Suka Asih,Bojongloa Kaler,20219,107.58680428134983,-6.933480819307945
<NA>,3115483210,45.11926564529117,,,,Suka Asih,Bojongloa Kaler,20219,107.58676017911873,-6.93364974415692
<NA>,3115483168,94.87383528663543,,,,Suka Asih,Bojongloa Kaler,20219,107.58671452925954,-6.933057995053362
<NA>,9113612656,81.81330886973554,,,,Suka Asih,Bojongloa Kaler,20219,107.58664386038875,-6.933327875703554
<NA>,3115483210,71.65358819924995,,,,Suka Asih,Bojongloa Kaler,20219,107.58660855000232,-6.93346280000757
<NA>,3115483210,62.82532254114834,,,,Suka Asih,Bojongloa Kaler,20219,107.58657322925954,-6.93359769505336
<NA>,3115483210,56.88312605436674,,,,Suka Asih,Bojongloa Kaler,20219,107.58653791035586,-6.933732629265069
<NA>,3115997398,41.06711400132216,,,,Suka Asih,Bojongloa Kaler,20219,107.58737503441719,-6.930785820046201
<NA>,3115997398,57.96900786352149,,,,Suka Asih,Bojongloa Kaler,20219,107.58733299557531,-6.930950177152726
<NA>,3115483163,72.24684170845806,,,,Suka Asih,Bojongloa Kaler,20219,107.58729092001762,-6.931114502889685
<NA>,3115483163,58.889894845403276,,,,Suka Asih,Bojongloa Kaler,20219,107.58724887999189,-6.931278797171772
<NA>,3115483163,49.201860407906956,,,,Suka Asih,Bojongloa Kaler,20219,107.5872068044342,-6.931443122908708
<NA>,3115483163,45.57974133435414,,,,Suka Asih,Bojongloa Kaler,20219,107.58716479557532,-6.93160747715273
<NA>,3115483163,49.39209529384582,,,,Suka Asih,Bojongloa Kaler,20219,107.58712272001763,-6.931771802889693
<NA>,3115483163,59.20858653965427,,,,Suka Asih,Bojongloa Kaler,20219,107.58708067999189,-6.931936097171758
<NA>,3115483168,48.05882026719558,,,,Suka Asih,Bojongloa Kaler,20219,107.58699656440184,-6.932264717185127
<NA>,3115483168,45.85934145505601,,,,Suka Asih,Bojongloa Kaler,20219,107.58695453560769,-6.932429082876329
<NA>,3115483168,51.00506390712238,,,,Suka Asih,Bojongloa Kaler,20219,107.58691247999188,-6.932593397171779
<NA>,3115483168,61.680033566267745,,,,Suka Asih,Bojongloa Kaler,20219,107.58687042001762,-6.932757702889679
<NA>,3115483168,75.57913451289423,,,,Suka Asih,Bojongloa Kaler,20219,107.58682833441719,-6.9329220200462105
<NA>,11806706754,26.525147157931546,,,,Mekar Jaya,Rancasari,21235,107.67586785000034,-6.963079199999747
<NA>,11806706754,20.724325727407535,,,,Mekar Jaya,Rancasari,21235,107.67581380000033,-6.963070599999745
<NA>,11806706754,15.121772961413903,,,,Mekar Jaya,Rancasari,21235,107.67575975000035,-6.96306199999975
<NA>,11806706754,10.057084195335962,,,,Mekar Jaya,Rancasari,21235,107.67570572224261,-6.963053411124318
<NA>,11806706754,6.838316389382181,,,,Mekar Jaya,Rancasari,21235,107.67565167775807,-6.963044788875178
<NA>,11806706754,8.102705467449526,,,,Mekar Jaya,Rancasari,21235,107.67559765000033,-6.963036199999748
<NA>,11806706754,12.559367071567102,,,,Mekar Jaya,Rancasari,21235,107.67554362224259,-6.963027611124328
<NA>,11806706756,11.664021955760408,,,,Mekar Jaya,Rancasari,21235,107.67548957775807,-6.9630189888751755
<NA>,11806706756,7.505091119118711,,,,Mekar Jaya,Rancasari,21235,107.67543555000033,-6.963010399999743
<NA>,11806706756,7.056625880708569,,,,Mekar Jaya,Rancasari,21235,107.6753815222426,-6.963001811124337
<NA>,11806706756,10.791426728318774,,,,Mekar Jaya,Rancasari,21235,107.67532747775807,-6.962993188875187
<NA>,13188337027,7.203923696848746,,,,Mekar Jaya,Rancasari,21235,107.67527345000033,-6.962984599999749
<NA>,11806706755,8.773137578237751,,,,Mekar Jaya,Rancasari,21235,107.67561887197766,-6.962762404404535
<NA>,11806706755,13.596680228863562,,,,Mekar Jaya,Rancasari,21235,107.67560975000077,-6.962817900002129
<NA>,11806706754,13.228469806346045,,,,Mekar Jaya,Rancasari,21235,107.67560064174204,-6.962873373639306
<NA>,11806706755,9.14235532802847,,,,Mekar Jaya,Rancasari,21235,107.67574627197767,-6.962781004404548
<NA>,11806706755,13.723947343064543,,,,Mekar Jaya,Rancasari,21235,107.67573715000077,-6.962836500002122
<NA>,11806706754,13.408958421828409,,,,Mekar Jaya,Rancasari,21235,107.67572805000077,-6.962892000002139
<NA>,11806706755,19.369517579293678,,,,Mekar Jaya,Rancasari,21235,107.67551380000077,-6.962744600002126
<NA>,11806706756,19.098665746415335,,,,Mekar Jaya,Rancasari,21235,107.67550468567782,-6.962800082429162
<NA>,11806706756,13.572306495535365,,,,Mekar Jaya,Rancasari,21235,107.67549555000078,-6.962855550002124
<NA>,11806706760,15.719238254793947,,,,Mekar Jaya,Rancasari,21235,107.6760161000013,-6.9628868000038215
<NA>,11806706760,20.584383409119127,,,,Mekar Jaya,Rancasari,21235,107.67600850000132,-6.962938500003831
<NA>,11806706760,10.329381161295233,,,,Mekar Jaya,Rancasari,21235,107.67585960000076,-6.962799600002102
<NA>,11806706760,14.624621392333285,,,,Mekar Jaya,Rancasari,21235,107.67585047197767,-6.962855104404523
<NA>,11806706760,19.962788159425052,,,,Mekar Jaya,Rancasari,21235,107.67584135000077,-6.962910600002132
<NA>,11806706760,25.830629458948508,,,,Mekar Jaya,Rancasari,21235,107.6760009000013,-6.962990200003836
<NA>,11806706754,20.449897521499256,,,,Mekar Jaya,Rancasari,21235,107.67583225000077,-6.962966100002126
<NA>,11806706754,8.767390619356087,,,,Mekar Jaya,Rancasari,21235,107.67571892802387,-6.962947495599727
<NA>,11806706754,8.67271625218318,,,,Mekar Jaya,Rancasari,21235,107.67559150000076,-6.9629288500021325
<NA>,11806706756,9.005104331110422,,,,Mekar Jaya,Rancasari,21235,107.67548643628066,-6.962911021974274
<NA>,13188337020,7.279896846280125,,,,Mekar Jaya,Rancasari,21235,107.67615997806199,-6.96209158656956
<NA>,13188337020,10.978669906565012,,,,Mekar Jaya,Rancasari,21235,107.67611185000032,-6.962083699999392
<NA>,13188337020,6.5750067090728725,,,,Mekar Jaya,Rancasari,21235,107.67615015000025,-6.962203249999584
<NA>,13188337020,10.379774813534041,,,,Mekar Jaya,Rancasari,21235,107.67609895000024,-6.962196149999587
<NA>,13188337025,8.555717837726798,,,,Mekar Jaya,Rancasari,21235,107.67613050000021,-6.962299249999388
<NA>,13188337026,9.903697771733011,,,,Mekar Jaya,Rancasari,21235,107.6760731728808,-6.962292612745891
<NA>,13188337021,7.657608670231233,,,,Mekar Jaya,Rancasari,21235,107.67604775000025,-6.962189049999585
<NA>,13188337021,7.685660916450679,,,,Mekar Jaya,Rancasari,21235,107.67606375000031,-6.962075799999382
<NA>,13188337022,6.984024594862393,,,,Mekar Jaya,Rancasari,21235,107.67617635000026,-6.9619937999994175
<NA>,13188337022,9.979129378249677,,,,Mekar Jaya,Rancasari,21235,107.67612760000027,-6.961986549999417
<NA>,13188337024,7.71293388281469,,,,Mekar Jaya,Rancasari,21235,107.67607885000025,-6.961979299999444
<NA>,13188337022,6.8484019226548325,,,,Mekar Jaya,Rancasari,21235,107.67619382720501,-6.961875140518808
<NA>,13188337022,9.658580117574349,,,,Mekar Jaya,Rancasari,21235,107.67614777279545,-6.961868459480294
<NA>,13188337024,8.43155351945579,,,,Mekar Jaya,Rancasari,21235,107.67610170485989,-6.961861827634774
<NA>,13188337024,6.829691483828868,,,,Mekar Jaya,Rancasari,21235,107.67605561750379,-6.961855185227187
<NA>,13188337024,8.67298427041168,,,,Mekar Jaya,Rancasari,21235,107.67600958249665,-6.9618485147719165
<NA>,13188337023,7.342444827637999,,,,Mekar Jaya,Rancasari,21235,107.67596349514056,-6.961841872364335
<NA>,13188337023,7.039237841243778,,,,Mekar Jaya,Rancasari,21235,107.67597390000103,-6.961952150003194
<NA>,13188337023,10.647419374912808,,,,Mekar Jaya,Rancasari,21235,107.6759678287126,-6.961992247441114
<NA>,4116932173,12.041363002646207,,,,Mekar Jaya,Rancasari,21235,107.67596177128945,-6.962032352565255
<NA>,13188337021,9.076105124275905,,,,Mekar Jaya,Rancasari,21235,107.67595570000103,-6.962072450003181
<NA>,13188337021,7.608799450011663,,,,Mekar Jaya,Rancasari,21235,107.67594965000102,-6.962112550003188
<NA>,13188337021,8.584499111979971,,,,Mekar Jaya,Rancasari,21235,107.67594360000102,-6.9621526500031825
<NA>,13188337021,11.393518706783578,,,,Mekar Jaya,Rancasari,21235,107.67593752871257,-6.962192747441121
<NA>,13188337021,15.040105668601566,,,,Mekar Jaya,Rancasari,21235,107.67593147128945,-6.962232852565263
<NA>,13188337026,12.168379512008952,,,,Mekar Jaya,Rancasari,21235,107.675925400001,-6.96227295000318
<NA>,13188337026,10.221782995878467,,,,Mekar Jaya,Rancasari,21235,107.67591935000102,-6.962313050003188
<NA>,13188337025,10.184482626394866,,,,Mekar Jaya,Rancasari,21235,107.67608565000181,-6.962414950004592
<NA>,13188337025,15.64471867189796,,,,Mekar Jaya,Rancasari,21235,107.67607755000179,-6.96247945000458
<NA>,13188337025,22.11696196189409,,,,Mekar Jaya,Rancasari,21235,107.67606946710293,-6.962543927617619
<NA>,13188337026,10.413021153559512,,,,Mekar Jaya,Rancasari,21235,107.67591380000128,-6.962376050003253
<NA>,9352263312,11.934004900137685,,,,Mekar Jaya,Rancasari,21235,107.67590540000128,-6.962438600003257
<NA>,9352263312,15.274122844738036,,,,Mekar Jaya,Rancasari,21235,107.67589705000128,-6.9625011500032805
<NA>,11806706760,21.39578078409871,,,,Mekar Jaya,Rancasari,21235,107.6760613500018,-6.962608400004588
<NA>,9352263312,20.540645572251165,,,,Mekar Jaya,Rancasari,21235,107.67588870000131,-6.962563750003247
<NA>,11806706760,11.543098883725705,,,,Mekar Jaya,Rancasari,21235,107.67590025000038,-6.962669499998201
<NA>,11806706760,15.724333202320887,,,,Mekar Jaya,Rancasari,21235,107.67584660000037,-6.962661499998195
<NA>,11806706755,13.9509787218772,,,,Mekar Jaya,Rancasari,21235,107.67579297820296,-6.96265348261306
<NA>,11806706755,10.288702444945969,,,,Mekar Jaya,Rancasari,21235,107.67573932179776,-6.962645517383336
<NA>,11806706755,9.439747367300074,,,,Mekar Jaya,Rancasari,21235,107.67568569660334,-6.962637521789107
<NA>,11806706755,12.00944783560657,,,,Mekar Jaya,Rancasari,21235,107.67563205000037,-6.962629549998196
<NA>,11806706755,16.470688014117282,,,,Mekar Jaya,Rancasari,21235,107.6755784033974,-6.962621578207273
<NA>,11806706755,21.68693679055567,,,,Mekar Jaya,Rancasari,21235,107.67552475000038,-6.962613599998197
<NA>,11806706755,27.228046156488116,,,,Mekar Jaya,Rancasari,21235,107.67547110000037,-6.962605599998183
<NA>,8763578879,9.043691885993221,,,,Rancabolang,Gedebage,12738,107.70107624999973,-6.965815000006201
<NA>,8763578879,14.276157303234118,,,,Rancabolang,Gedebage,12738,107.70105724999972,-6.9658674500062085
<NA>,8763578879,20.051018840065463,,,,Rancabolang,Gedebage,12738,107.70103824999971,-6.965919900006205
<NA>,8763578879,26.007565463547753,,,,Rancabolang,Gedebage,12738,107.70101923105032,-6.965972317097203
<NA>,8763578879,32.046577368465506,,,,Rancabolang,Gedebage,12738,107.70100026894912,-6.966024782915193
<NA>,8763578879,38.12694921890627,,,,Rancabolang,Gedebage,12738,107.70098124999973,-6.966077200006185
<NA>,8763578879,44.23278902908988,,,,Rancabolang,Gedebage,12738,107.70096228290888,-6.96612964964224
<NA>,8763578879,50.35557815554744,,,,Rancabolang,Gedebage,12738,107.70094329999972,-6.966182100006198
<NA>,8763578879,56.48997830973862,,,,Rancabolang,Gedebage,12738,107.70092429999974,-6.966234550006193
<NA>,8763578879,62.63198375709324,,,,Rancabolang,Gedebage,12738,107.70090529999972,-6.96628700000618
<NA>,4054917234,62.67447332141104,,,,Rancabolang,Gedebage,12738,107.70088628106625,-6.96633941709709
<NA>,4054917234,59.361686922993464,,,,Rancabolang,Gedebage,12738,107.70086733604006,-6.966391883278873
<NA>,4054917234,56.5267628555319,,,,Rancabolang,Gedebage,12738,107.70084834999973,-6.9664443000062075
<NA>,4054917234,54.24663090643051,,,,Rancabolang,Gedebage,12738,107.70082934999972,-6.966496750006198
<NA>,4054917234,52.595944522116994,,,,Rancabolang,Gedebage,12738,107.70081034999973,-6.9665492000061935
<NA>,4054917234,51.63510587987456,,,,Rancabolang,Gedebage,12738,107.70079134999972,-6.9666016500061945
<NA>,6377275619,48.16488715999233,,,,Rancabolang,Gedebage,12738,107.70077234999972,-6.966654100006186
<NA>,6377275619,42.16226011065341,,,,Rancabolang,Gedebage,12738,107.70075333105034,-6.966706517097188
<NA>,6377275619,36.215496477342334,,,,Rancabolang,Gedebage,12738,107.70073436894913,-6.966758982915207
<NA>,6377275619,30.359396930565282,,,,Rancabolang,Gedebage,12738,107.70071534999974,-6.966811400006202
<NA>,6377275619,24.655977704345773,,,,Rancabolang,Gedebage,12738,107.70069634999972,-6.966863850006182
<NA>,6377275619,19.244630861054322,,,,Rancabolang,Gedebage,12738,107.70067734999972,-6.966916300006181
<NA>,6377275619,14.460480550828471,,,,Rancabolang,Gedebage,12738,107.70065838290887,-6.966968749642254
<NA>,6377275619,11.135485496129997,,,,Rancabolang,Gedebage,12738,107.70063939999972,-6.967021200006198
<NA>,6377275619,10.72275122634714,,,,Rancabolang,Gedebage,12738,107.70062038106627,-6.9670736170970775
<NA>,6377275619,13.50241179572825,,,,Rancabolang,Gedebage,12738,107.7006014189332,-6.967126082915268
<NA>,6377275619,18.04632661128295,,,,Rancabolang,Gedebage,12738,107.70058238106625,-6.96717851709711
<NA>,6377275619,23.354954190741662,,,,Rancabolang,Gedebage,12738,107.70056343604007,-6.967230983278865
<NA>,4054917271,20.11241191529087,,,,Rancabolang,Gedebage,12738,107.70054444999973,-6.967283400006192
<NA>,4054917271,15.407884087993102,,,,Rancabolang,Gedebage,12738,107.70052544999972,-6.967335850006183
<NA>,4054917271,12.104171052948008,,,,Rancabolang,Gedebage,12738,107.70050644999972,-6.967388300006215
<NA>,4054917271,11.481868378566691,,,,Rancabolang,Gedebage,12738,107.70048744999973,-6.967440750006199
<NA>,4054917271,13.90575131567419,,,,Rancabolang,Gedebage,12738,107.70046844999972,-6.967493200006207
<NA>,4054917271,18.192605225670004,,,,Rancabolang,Gedebage,12738,107.70044943105033,-6.967545617097186
<NA>,4054917247,22.563676398703752,,,,Rancabolang,Gedebage,12738,107.70043046894912,-6.967598082915208
<NA>,4054917247,17.621260248848106,,,,Rancabolang,Gedebage,12738,107.70041144999972,-6.967650500006212
<NA>,4054917247,13.714400452809574,,,,Rancabolang,Gedebage,12738,107.70039244999973,-6.967702950006189
<NA>,4054917247,11.911129382655703,,,,Rancabolang,Gedebage,12738,107.70037344999972,-6.967755400006205
<NA>,4054917247,13.112836167846465,,,,Rancabolang,Gedebage,12738,107.70035448290886,-6.967807849642243
<NA>,4054917247,16.678665736774754,,,,Rancabolang,Gedebage,12738,107.70033549999971,-6.96786030000617
<NA>,6380025212,18.06283333195783,,,,Rancabolang,Gedebage,12738,107.70031648106625,-6.96791271709709
<NA>,6380025212,14.133397472099494,,,,Rancabolang,Gedebage,12738,107.700302232744,-6.967967189726086
<NA>,6380025212,11.171470731168442,,,,Rancabolang,Gedebage,12738,107.70027849999973,-6.968017600006192
<NA>,4054917232,14.429685171075201,,,,Rancabolang,Gedebage,12738,107.70074814999965,-6.965671350006937
<NA>,4054917232,19.404573860104314,,,,Rancabolang,Gedebage,12738,107.70072719999968,-6.9657283500069616
<NA>,4054917232,25.20296776384518,,,,Rancabolang,Gedebage,12738,107.70070626714129,-6.965785350425115
<NA>,4054917232,31.37091707321127,,,,Rancabolang,Gedebage,12738,107.70068533285803,-6.965842349588783
<NA>,4054917232,37.727823470976055,,,,Rancabolang,Gedebage,12738,107.70066439999965,-6.965899350006951
<NA>,4054917232,44.19213111891003,,,,Rancabolang,Gedebage,12738,107.70064346714129,-6.9659563504251105
<NA>,4054917232,50.722676470041016,,,,Rancabolang,Gedebage,12738,107.70062253285805,-6.9660133495888
<NA>,4054917234,54.430225278958616,,,,Rancabolang,Gedebage,12738,107.70060156714129,-6.966070350425118
<NA>,4054917234,47.88084874623308,,,,Rancabolang,Gedebage,12738,107.70058063285802,-6.966127349588802
<NA>,4054917234,41.385986470248994,,,,Rancabolang,Gedebage,12738,107.70055969999966,-6.966184350006939
<NA>,4054917234,34.97607241955097,,,,Rancabolang,Gedebage,12738,107.70053876714127,-6.966241350425133
<NA>,4054917234,28.70805647791198,,,,Rancabolang,Gedebage,12738,107.70051783285803,-6.966298349588821
<NA>,4054917234,22.69696157905564,,,,Rancabolang,Gedebage,12738,107.70049686714128,-6.9663553504251245
<NA>,4054917234,17.221973277415863,,,,Rancabolang,Gedebage,12738,107.70047593285803,-6.966412349588793
<NA>,4054917234,12.97473227799222,,,,Rancabolang,Gedebage,12738,107.70045499999965,-6.966469350006963
<NA>,4054917234,11.418954353105963,,,,Rancabolang,Gedebage,12738,107.70043406714129,-6.966526350425124
<NA>,4054917234,13.51803643068269,,,,Rancabolang,Gedebage,12738,107.70041313285803,-6.966583349588777
<NA>,4054917234,18.03737555351664,,,,Rancabolang,Gedebage,12738,107.70039216714129,-6.9666403504251155
<NA>,4054917234,23.628564513474785,,,,Rancabolang,Gedebage,12738,107.70037123285802,-6.9666973495888005
<NA>,6377275621,22.161539060019813,,,,Rancabolang,Gedebage,12738,107.70035029999967,-6.966754350006969
<NA>,6377275621,16.688935024901568,,,,Rancabolang,Gedebage,12738,107.70032936714128,-6.966811350425113
<NA>,6377117735,13.089467392998298,,,,Rancabolang,Gedebage,12738,107.70089824999968,-6.965749400006333
<NA>,6377275621,12.498212483189416,,,,Rancabolang,Gedebage,12738,107.70030843285802,-6.9668683495887835
<NA>,4054917234,17.240307030099817,,,,Rancabolang,Gedebage,12738,107.70029148650531,-6.966337894917153
<NA>,4054917220,20.910938846552824,,,,Rancabolang,Gedebage,12738,107.69969864999962,-6.965174200005698
<NA>,4054917220,25.725083151130658,,,,Rancabolang,Gedebage,12738,107.69967856708787,-6.965227000391718
<NA>,4054917220,31.055660679187234,,,,Rancabolang,Gedebage,12738,107.69965849999963,-6.965279800005682
<NA>,4054917220,36.677831411260016,,,,Rancabolang,Gedebage,12738,107.69963843291137,-6.965332599619678
<NA>,4054917220,42.47606641020523,,,,Rancabolang,Gedebage,12738,107.69961834999964,-6.9653854000056805
<NA>,4054917225,47.89375638327475,,,,Rancabolang,Gedebage,12738,107.69959824999964,-6.965438200005692
<NA>,4054917225,53.201441712153624,,,,Rancabolang,Gedebage,12738,107.69957814999964,-6.965491000005671
<NA>,4054917225,58.69397094848067,,,,Rancabolang,Gedebage,12738,107.69955806708789,-6.965543800391722
<NA>,4054917225,64.32383603809483,,,,Rancabolang,Gedebage,12738,107.69953799999965,-6.965596600005703
<NA>,4054917240,61.229305418211915,,,,Rancabolang,Gedebage,12738,107.69951793291136,-6.96564939961968
<NA>,4054917240,55.76421639714301,,,,Rancabolang,Gedebage,12738,107.69949784999963,-6.965702200005698
<NA>,4054917240,50.48236055343326,,,,Rancabolang,Gedebage,12738,107.69947774999963,-6.965755000005707
<NA>,4054917240,45.44731033305242,,,,Rancabolang,Gedebage,12738,107.69945764999964,-6.965807800005701
<NA>,4054917240,40.74986609129332,,,,Rancabolang,Gedebage,12738,107.69943756708791,-6.965860600391733
<NA>,4054917240,36.52039120513673,,,,Rancabolang,Gedebage,12738,107.69941749999963,-6.965913400005709
<NA>,4054917240,32.940270256359575,,,,Rancabolang,Gedebage,12738,107.69939743291137,-6.965966199619684
<NA>,4054917240,30.24227451364377,,,,Rancabolang,Gedebage,12738,107.69937734999964,-6.966019000005699
<NA>,4054917240,28.67711913450203,,,,Rancabolang,Gedebage,12738,107.69935724999964,-6.9660718000057065
<NA>,4054917240,28.431101069698745,,,,Rancabolang,Gedebage,12738,107.69933714999964,-6.9661246000056956
<NA>,4054917240,29.535313291198364,,,,Rancabolang,Gedebage,12738,107.6993170670879,-6.966177400391724
<NA>,4054917240,31.84938160855357,,,,Rancabolang,Gedebage,12738,107.69929699999963,-6.966230200005681
<NA>,4054917205,27.998662743614553,,,,Rancabolang,Gedebage,12738,107.69927693291137,-6.966282999619669
<NA>,4054917205,22.340453169138012,,,,Rancabolang,Gedebage,12738,107.69925686770935,-6.966335832918212
<NA>,4054917205,17.09817728737849,,,,Rancabolang,Gedebage,12738,107.69923674999963,-6.9663886500056975
<NA>,4054917211,13.234996053095966,,,,Rancabolang,Gedebage,12738,107.69936209999977,-6.966491250004849
<NA>,4054917211,17.629825620051307,,,,Rancabolang,Gedebage,12738,107.69938294999979,-6.966436350004838
<NA>,4054917211,23.041611350177273,,,,Rancabolang,Gedebage,12738,107.69940379999977,-6.96638145000484
<NA>,4054917240,22.531260991322952,,,,Rancabolang,Gedebage,12738,107.69942464999977,-6.966326550004852
<NA>,4054917240,17.238579042644986,,,,Rancabolang,Gedebage,12738,107.69944549820089,-6.966271631364544
<NA>,4054917240,13.086800487453807,,,,Rancabolang,Gedebage,12738,107.69946631766004,-6.966216700985792
<NA>,4054917240,11.390262772953623,,,,Rancabolang,Gedebage,12738,107.69948718233955,-6.966161799023915
<NA>,4054917240,13.146817018446562,,,,Rancabolang,Gedebage,12738,107.69950800179869,-6.966106868645183
<NA>,4054917240,17.331159872847802,,,,Rancabolang,Gedebage,12738,107.6995288499998,-6.966051950004853
<NA>,4054917240,22.63434605732931,,,,Rancabolang,Gedebage,12738,107.69954969999978,-6.9659970500048605
<NA>,4054917240,28.437961501559396,,,,Rancabolang,Gedebage,12738,107.69957054999978,-6.965942150004845
<NA>,4054917240,34.49036277298598,,,,Rancabolang,Gedebage,12738,107.69959138235085,-6.9658872490341315
<NA>,4054917240,40.682211564108094,,,,Rancabolang,Gedebage,12738,107.69961223351953,-6.965832333326533
<NA>,4054917240,46.95946772513097,,,,Rancabolang,Gedebage,12738,107.69963308233956,-6.9657773990239376
<NA>,4054917240,53.286443699837164,,,,Rancabolang,Gedebage,12738,107.69965391766003,-6.965722500985782
<NA>,4054917240,59.653623802966884,,,,Rancabolang,Gedebage,12738,107.69967473414002,-6.965667567664823
<NA>,4054917225,54.87614845920195,,,,Rancabolang,Gedebage,12738,107.69969559999979,-6.965612650004861
<NA>,4054917225,48.49545519074291,,,,Rancabolang,Gedebage,12738,107.69971644999977,-6.965557750004871
<NA>,4054917225,42.1517636000538,,,,Rancabolang,Gedebage,12738,107.69973728235085,-6.965502849034131
<NA>,4054917225,35.8633789826662,,,,Rancabolang,Gedebage,12738,107.69975811764873,-6.965447950975593
<NA>,4054917225,29.662914068133762,,,,Rancabolang,Gedebage,12738,107.69977898235086,-6.965393049034139
<NA>,4054917225,23.623595481414377,,,,Rancabolang,Gedebage,12738,107.69979983351955,-6.965338133326538
<NA>,4054917225,17.91180858183957,,,,Rancabolang,Gedebage,12738,107.69982064999981,-6.965283200004865
<NA>,4054917225,19.45947693574679,,,,Rancabolang,Gedebage,12738,107.69999794999984,-6.965357400005417
<NA>,4054917225,24.849974411486734,,,,Rancabolang,Gedebage,12738,107.69997864999984,-6.9654107000054095
<NA>,4054917225,30.584574657929462,,,,Rancabolang,Gedebage,12738,107.69995939999984,-6.965464050005403
<NA>,4054917225,36.49783168029729,,,,Rancabolang,Gedebage,12738,107.69994014999983,-6.965517400005425
<NA>,4054917225,42.51018954698332,,,,Rancabolang,Gedebage,12738,107.69992084999983,-6.965570700005407
<NA>,13188405383,48.21517957334301,,,,Rancabolang,Gedebage,12738,107.69990154999985,-6.965624050005424
<NA>,13188405383,53.30422633624556,,,,Rancabolang,Gedebage,12738,107.69988224999985,-6.965677400005419
<NA>,13188405383,58.61648234036741,,,,Rancabolang,Gedebage,12738,107.69986299999984,-6.965730700005423
<NA>,4054917240,54.18726624497189,,,,Rancabolang,Gedebage,12738,107.69984374999983,-6.965784050005397
<NA>,4054917240,48.07019247943301,,,,Rancabolang,Gedebage,12738,107.69982444999984,-6.965837400005401
<NA>,4054917240,42.005142147725934,,,,Rancabolang,Gedebage,12738,107.69980514999983,-6.965890700005409
<NA>,4054917240,36.00976750431632,,,,Rancabolang,Gedebage,12738,107.69978585000301,-6.965944018308336
<NA>,4054917240,30.13213107610376,,,,Rancabolang,Gedebage,12738,107.69976664999668,-6.965997381702478
<NA>,4054917240,24.448273217037627,,,,Rancabolang,Gedebage,12738,107.69974734999984,-6.9660507000054315
<NA>,4054917240,19.13571104175692,,,,Rancabolang,Gedebage,12738,107.69972803249114,-6.966104017531617
<NA>,11235281553,12.081047514046922,,,,Rancabolang,Gedebage,12738,107.69950435045074,-6.965048118545953
<NA>,4054917205,12.80192447320054,,,,Rancabolang,Gedebage,12738,107.69921664999963,-6.966441450005701
<NA>,4054917225,12.963795036653355,,,,Rancabolang,Gedebage,12738,107.69984148415396,-6.9652282676632655
<NA>,4054917240,14.611814954414912,,,,Rancabolang,Gedebage,12738,107.69970876750854,-6.966157382479213
<NA>,4054917222,15.120236157119706,,,,Rancabolang,Gedebage,12738,107.69985968134193,-6.966204447701246
<NA>,4054917222,21.807879461880752,,,,Rancabolang,Gedebage,12738,107.6998860313463,-6.9661332336514254
<NA>,4054917222,29.391750898066746,,,,Rancabolang,Gedebage,12738,107.69991240000014,-6.966062000004897
<NA>,4054917222,37.32899375466076,,,,Rancabolang,Gedebage,12738,107.69993878733037,-6.96599076866859
<NA>,4054917222,45.43401698518087,,,,Rancabolang,Gedebage,12738,107.69996518134192,-6.965919547701232
<NA>,4054917222,53.62771037323858,,,,Rancabolang,Gedebage,12738,107.69999151865838,-6.965848352308531
<NA>,13188405383,50.954699219052934,,,,Rancabolang,Gedebage,12738,107.70001790000015,-6.965777150004875
<NA>,13188405383,42.80410749076923,,,,Rancabolang,Gedebage,12738,107.70004431266993,-6.9657059313411684
<NA>,13188405383,34.775076710228646,,,,Rancabolang,Gedebage,12738,107.700070668654,-6.965634666358303
<NA>,13188405383,26.98239793764854,,,,Rancabolang,Gedebage,12738,107.70009701865837,-6.96556345230854
<NA>,13188405383,19.695546310623346,,,,Rancabolang,Gedebage,12738,107.70012340000015,-6.965492250004889
<NA>,13188405380,16.17995983632285,,,,Rancabolang,Gedebage,12738,107.7004186953028,-6.965527979808951
<NA>,13188405380,22.449993895254448,,,,Rancabolang,Gedebage,12738,107.70038988635719,-6.965604818355749
<NA>,13188405380,30.18855859602713,,,,Rancabolang,Gedebage,12738,107.70036113200327,-6.965681683504104
<NA>,13188405380,38.51466971967024,,,,Rancabolang,Gedebage,12738,107.70033233634618,-6.9657585183561785
<NA>,13188405380,47.11917687887927,,,,Rancabolang,Gedebage,12738,107.70030358164861,-6.965835348159328
<NA>,13188405380,55.87640371510028,,,,Rancabolang,Gedebage,12738,107.7002748,-6.965912200006766
<NA>,4054917258,49.67707894036623,,,,Rancabolang,Gedebage,12738,107.7002460183514,-6.965989051854192
<NA>,4054917258,41.03818342292865,,,,Rancabolang,Gedebage,12738,107.70021725,-6.966065900006786
<NA>,4054917258,32.63972147029144,,,,Rancabolang,Gedebage,12738,107.70018848164862,-6.966142748159322
<NA>,4054917258,24.727999167621633,,,,Rancabolang,Gedebage,12738,107.70015971835716,-6.966219601861933
<NA>,13188405383,13.745189127776456,,,,Rancabolang,Gedebage,12738,107.70014980000016,-6.96542105000488
<NA>,4054917258,17.958197583401315,,,,Rancabolang,Gedebage,12738,107.70013095,-6.966296450006769
<NA>,11235281553,12.923557307991741,,,,Rancabolang,Gedebage,12738,107.69959035000326,-6.964854299998446
<NA>,4054917220,13.582813720832977,,,,Rancabolang,Gedebage,12738,107.69964295063014,-6.964880716172388
<NA>,4054917220,13.264510709929878,,,,Rancabolang,Gedebage,12738,107.69969555000326,-6.964907149998484
<NA>,4054917220,15.882027842494674,,,,Rancabolang,Gedebage,12738,107.69974815000324,-6.96493354999848
<NA>,4054917220,20.329461478902918,,,,Rancabolang,Gedebage,12738,107.69980076557286,-6.964959997294748
<NA>,4054917225,24.78829665979777,,,,Rancabolang,Gedebage,12738,107.69985340000325,-6.964986399998449
<NA>,4054917225,20.00808711209707,,,,Rancabolang,Gedebage,12738,107.6999060006175,-6.965012816181872
<NA>,4054917225,16.46017002585047,,,,Rancabolang,Gedebage,12738,107.69995863381975,-6.965039236518037
<NA>,4054917225,15.046425372942785,,,,Rancabolang,Gedebage,12738,107.70001125000324,-6.965065649998462
<NA>,4054917225,16.326496543212862,,,,Rancabolang,Gedebage,12738,107.70006384937636,-6.965092083824551
<NA>,4054917225,19.78706431643825,,,,Rancabolang,Gedebage,12738,107.70011645000325,-6.9651184999984475
<NA>,13188405386,23.73320109398774,,,,Rancabolang,Gedebage,12738,107.70016905063014,-6.965144916172372
<NA>,13188405386,18.30147457704321,,,,Rancabolang,Gedebage,12738,107.70022166618675,-6.965171363478878
<NA>,4054917229,11.8703178887699,,,,Rancabolang,Gedebage,12738,107.7004490980626,-6.965298485150179
<NA>,4054917229,17.10191910491546,,,,Rancabolang,Gedebage,12738,107.70050138712462,-6.965324097501639
<NA>,4054917229,22.949905548318593,,,,Rancabolang,Gedebage,12738,107.70055361483904,-6.9653497673287825
<NA>,4054917232,21.98640059885412,,,,Rancabolang,Gedebage,12738,107.70060590000504,-6.965375399997029
<NA>,4054917232,17.66860674120097,,,,Rancabolang,Gedebage,12738,107.70065815000504,-6.965401049997015
<NA>,4054917232,14.961299302139773,,,,Rancabolang,Gedebage,12738,107.70071040000502,-6.965426699997036
<NA>,4054917232,14.777829651796733,,,,Rancabolang,Gedebage,12738,107.70076265000505,-6.965452349997006
<NA>,4054917232,17.199828375589306,,,,Rancabolang,Gedebage,12738,107.70081489806259,-6.965477985150173
<NA>,4054917232,21.363599105656633,,,,Rancabolang,Gedebage,12738,107.70086720194745,-6.965503614843858
<NA>,6377117735,22.40569994148034,,,,Rancabolang,Gedebage,12738,107.70091944805004,-6.96552928516347
<NA>,6377117735,17.720778759175044,,,,Rancabolang,Gedebage,12738,107.70097170194744,-6.9655549148438745
<NA>,6377117735,14.448948176247114,,,,Rancabolang,Gedebage,12738,107.70102394805004,-6.965580585163469
<NA>,6377117735,13.657710707375918,,,,Rancabolang,Gedebage,12738,107.70107620194744,-6.96560621484386
<NA>,6377117735,15.72277301821339,,,,Rancabolang,Gedebage,12738,107.7011284980626,-6.965631885150193
<NA>,8763578879,13.563826881400345,,,,Rancabolang,Gedebage,12738,107.70118075196001,-6.965657514830579
<NA>,4054917266,34.074824825969486,,,,Rancabolang,Gedebage,12738,107.69877736763534,-6.9670690008886735
<NA>,4054917266,28.337692745025205,,,,Rancabolang,Gedebage,12738,107.6987960323644,-6.967017199121128
<NA>,4054917266,22.787381618340756,,,,Rancabolang,Gedebage,12738,107.69881466721135,-6.966965382357155
<NA>,4054917266,17.60241610780787,,,,Rancabolang,Gedebage,12738,107.69883326764771,-6.966913550898997
<NA>,4054917266,13.21206281727204,,,,Rancabolang,Gedebage,12738,107.69885191515696,-6.966861716757622
<NA>,4054917266,10.656925822559579,,,,Rancabolang,Gedebage,12738,107.69887056763535,-6.966809900888656
<NA>,4054917266,11.260991236358628,,,,Rancabolang,Gedebage,12738,107.6988892323644,-6.966758099121122
<NA>,4054917266,14.640049231746914,,,,Rancabolang,Gedebage,12738,107.69890786763534,-6.966706300888653
<NA>,4054917266,19.39426381422058,,,,Rancabolang,Gedebage,12738,107.69892651719519,-6.966654482357368
<NA>,4054917205,23.04942403451516,,,,Rancabolang,Gedebage,12738,107.69894513235204,-6.966602649110784
<NA>,4054917205,18.022098409697193,,,,Rancabolang,Gedebage,12738,107.69896375045072,-6.966550818545923
<NA>,4054917205,13.871392826602158,,,,Rancabolang,Gedebage,12738,107.69898243236439,-6.966498999121142
<NA>,4054917205,11.595348885057104,,,,Rancabolang,Gedebage,12738,107.69900106763535,-6.96644720088865
<NA>,4054917205,12.276372270989757,,,,Rancabolang,Gedebage,12738,107.6990197171952,-6.966395382357364
<NA>,4054917205,15.535284421790092,,,,Rancabolang,Gedebage,12738,107.69903833235206,-6.9663435491107775
<NA>,4054917205,20.15170807447039,,,,Rancabolang,Gedebage,12738,107.69905696764772,-6.96629175089899
<NA>,4054917205,25.401647525463574,,,,Rancabolang,Gedebage,12738,107.69907561515696,-6.966239916757617
<NA>,4054917205,30.96104268760256,,,,Rancabolang,Gedebage,12738,107.69909426763537,-6.966188100888655
<NA>,4054917205,36.68911878100575,,,,Rancabolang,Gedebage,12738,107.69911293236441,-6.966136299121139
<NA>,4054917205,42.52023927301198,,,,Rancabolang,Gedebage,12738,107.69913158484279,-6.966084483252183
<NA>,4054917205,48.417636825488515,,,,Rancabolang,Gedebage,12738,107.69915019999988,-6.96603265000489
<NA>,4054917240,51.791582543022116,,,,Rancabolang,Gedebage,12738,107.69916883235203,-6.965980849110787
<NA>,4054917240,52.9858187789428,,,,Rancabolang,Gedebage,12738,107.69918745045072,-6.965929018545962
<NA>,4054917240,54.82909870285,,,,Rancabolang,Gedebage,12738,107.6992061323644,-6.965877199121102
<NA>,4054917240,57.26682050816646,,,,Rancabolang,Gedebage,12738,107.69922476763534,-6.965825400888677
<NA>,4054917240,60.225029464352204,,,,Rancabolang,Gedebage,12738,107.69924341719519,-6.965773582357378
<NA>,4054917240,63.63442890205617,,,,Rancabolang,Gedebage,12738,107.69926203235202,-6.965721749110781
<NA>,4054917240,67.41890455821719,,,,Rancabolang,Gedebage,12738,107.69928066764774,-6.965669950899009
<NA>,4054917240,71.52563995949703,,,,Rancabolang,Gedebage,12738,107.69929931515699,-6.9656181167576126
<NA>,4054917220,70.94813658605472,,,,Rancabolang,Gedebage,12738,107.69931796763534,-6.965566300888669
<NA>,4054917220,64.9275122779321,,,,Rancabolang,Gedebage,12738,107.69933663236438,-6.96551449912112
<NA>,4054917220,58.92199016383266,,,,Rancabolang,Gedebage,12738,107.69935526721135,-6.965462682357132
<NA>,4054917220,52.937151783274075,,,,Rancabolang,Gedebage,12738,107.69937386764772,-6.965410850899015
<NA>,4054917220,46.97725578801495,,,,Rancabolang,Gedebage,12738,107.69939251515697,-6.965359016757617
<NA>,4054917220,41.05862572936843,,,,Rancabolang,Gedebage,12738,107.69941116763535,-6.965307200888675
<NA>,4054917220,35.20033702695262,,,,Rancabolang,Gedebage,12738,107.69942983236439,-6.9652553991211255
<NA>,4054917220,29.43992194171067,,,,Rancabolang,Gedebage,12738,107.69944846763535,-6.96520360088867
<NA>,4054917220,23.841974689990117,,,,Rancabolang,Gedebage,12738,107.69946711719521,-6.965151782357376
<NA>,11235281553,18.002017367261892,,,,Rancabolang,Gedebage,12738,107.69948573235203,-6.965099949110802
<NA>,4054917247,11.446122380287274,,,,Rancabolang,Gedebage,12738,107.70019570000363,-6.967796099997122
<NA>,4054917247,15.750963526810907,,,,Rancabolang,Gedebage,12738,107.70013635000365,-6.967772799997116
<NA>,4054917247,21.554918812417217,,,,Rancabolang,Gedebage,12738,107.70007700000363,-6.967749499997112
<NA>,4054917247,27.93883918108855,,,,Rancabolang,Gedebage,12738,107.70001765000363,-6.967726199997093
<NA>,4054917247,34.58302299816381,,,,Rancabolang,Gedebage,12738,107.69995830000364,-6.967702899997109
<NA>,4054917247,41.36223830936457,,,,Rancabolang,Gedebage,12738,107.69989895000363,-6.967679599997125
<NA>,4054917261,39.873581730158776,,,,Rancabolang,Gedebage,12738,107.69983960000363,-6.967656299997111
<NA>,4054917261,33.121571848264516,,,,Rancabolang,Gedebage,12738,107.69978025000363,-6.967632999997098
<NA>,4054917261,26.52447560799623,,,,Rancabolang,Gedebage,12738,107.6997208670346,-6.967609716511932
<NA>,4054917261,20.23692326958282,,,,Rancabolang,Gedebage,12738,107.69966153297267,-6.967586383482302
<NA>,4054917261,14.664188407841959,,,,Rancabolang,Gedebage,12738,107.69960215000363,-6.9675630999970934
<NA>,4054917261,10.958867668090372,,,,Rancabolang,Gedebage,12738,107.69954280036346,-6.967539832965628
<NA>,4054917261,11.159334168589103,,,,Rancabolang,Gedebage,12738,107.69948345000363,-6.967516549997138
<NA>,4054917261,15.111782291757642,,,,Rancabolang,Gedebage,12738,107.69942410000363,-6.967493249997099
<NA>,4054917261,20.776037018612357,,,,Rancabolang,Gedebage,12738,107.69936475000364,-6.9674699499971275
<NA>,4054917261,27.099151052234895,,,,Rancabolang,Gedebage,12738,107.69930540000364,-6.9674466499971235
<NA>,4054917261,33.712412893141256,,,,Rancabolang,Gedebage,12738,107.69924605000362,-6.967423349997106
<NA>,4054917261,40.477262411190445,,,,Rancabolang,Gedebage,12738,107.69918666703451,-6.967400066497865
<NA>,4054917261,47.32211060212954,,,,Rancabolang,Gedebage,12738,107.69912733297275,-6.967376733496346
<NA>,4054917261,54.22416612971744,,,,Rancabolang,Gedebage,12738,107.69906795000364,-6.967353449997097
<NA>,4054917266,56.07184599024508,,,,Rancabolang,Gedebage,12738,107.69900860000364,-6.967330149997115
<NA>,4054917266,53.323276431447496,,,,Rancabolang,Gedebage,12738,107.69894925000364,-6.967306849997103
<NA>,4054917266,51.401695650791545,,,,Rancabolang,Gedebage,12738,107.69888990000364,-6.967283549997128
<NA>,4054917247,12.596901125638512,,,,Rancabolang,Gedebage,12738,107.70024805016253,-6.967612766492496
<NA>,4054917247,17.601896918264387,,,,Rancabolang,Gedebage,12738,107.7001870833505,-6.96758881532774
<NA>,4054917247,23.784751770993225,,,,Rancabolang,Gedebage,12738,107.70012611650081,-6.967564918168202
<NA>,4054917247,30.439861177737953,,,,Rancabolang,Gedebage,12738,107.70006515000465,-6.967540999996066
<NA>,4054917247,37.317874826894105,,,,Rancabolang,Gedebage,12738,107.70000418350824,-6.967517031837793
<NA>,4054917261,43.81760955448321,,,,Rancabolang,Gedebage,12738,107.69994321650083,-6.967493118168197
<NA>,4054917261,36.82763492223393,,,,Rancabolang,Gedebage,12738,107.69988225000465,-6.967469199996091
<NA>,4054917261,29.957894102667396,,,,Rancabolang,Gedebage,12738,107.69982128350823,-6.967445231837788
<NA>,4054917261,23.315654442616946,,,,Rancabolang,Gedebage,12738,107.69976031650084,-6.9674213181681885
<NA>,4054917261,12.276488514311035,,,,Rancabolang,Gedebage,12738,107.69963838366624,-6.967373448320302
<NA>,4054917261,17.16627570595383,,,,Rancabolang,Gedebage,12738,107.69969935000465,-6.967397399996062
<NA>,4054917266,29.77377115535163,,,,Rancabolang,Gedebage,12738,107.69890945000449,-6.967088399996304
<NA>,4054917266,31.82965371176925,,,,Rancabolang,Gedebage,12738,107.69897175000449,-6.96711284999632
<NA>,4054917266,35.35369503208094,,,,Rancabolang,Gedebage,12738,107.69903406674894,-6.967137367415266
<NA>,4054917266,39.945622824002676,,,,Rancabolang,Gedebage,12738,107.69909643325988,-6.967161782564042
<NA>,4054917266,45.29209998517065,,,,Rancabolang,Gedebage,12738,107.69915875000447,-6.967186249996322
<NA>,4054917261,44.45825406173506,,,,Rancabolang,Gedebage,12738,107.69922105000447,-6.9672106999963095
<NA>,4054917261,37.303221960876755,,,,Rancabolang,Gedebage,12738,107.69928335000446,-6.967235149996319
<NA>,4054917261,30.263281775254452,,,,Rancabolang,Gedebage,12738,107.69934565000446,-6.967259649996327
<NA>,4054917261,23.44979790553246,,,,Rancabolang,Gedebage,12738,107.69940796674904,-6.967284117428557
<NA>,4054917261,17.135580183439544,,,,Rancabolang,Gedebage,12738,107.69947033326,-6.967308532577333
<NA>,4054917261,12.12318036035039,,,,Rancabolang,Gedebage,12738,107.69953265000447,-6.9673329999963265
<NA>,4054917251,12.782533138203382,,,,Rancabolang,Gedebage,12738,107.69967525000446,-6.9669942499963184
<NA>,4054917251,17.290695239857502,,,,Rancabolang,Gedebage,12738,107.69961294993959,-6.966969766731151
<NA>,4054917251,23.32612959005174,,,,Rancabolang,Gedebage,12738,107.69955060007857,-6.966945333251838
<NA>,4054917251,29.98626319627142,,,,Rancabolang,Gedebage,12738,107.69948825000446,-6.966920849996307
<NA>,4054917211,34.18322351802668,,,,Rancabolang,Gedebage,12738,107.69942595000447,-6.966896399996305
<NA>,4054917211,32.389443307611664,,,,Rancabolang,Gedebage,12738,107.69936365000447,-6.966871949996325
<NA>,4054917211,32.23205542778077,,,,Rancabolang,Gedebage,12738,107.69930135000448,-6.966847449996307
<NA>,4054917266,30.22824731793627,,,,Rancabolang,Gedebage,12738,107.69923905000448,-6.966822999996319
<NA>,4054917266,23.519535491882262,,,,Rancabolang,Gedebage,12738,107.69917670000447,-6.966798549996308
<NA>,4054917266,17.3869734802299,,,,Rancabolang,Gedebage,12738,107.69911435000448,-6.966774099996319
<NA>,4054917271,13.498079556849204,,,,Rancabolang,Gedebage,12738,107.70038890000465,-6.96726809999605
<NA>,4054917271,17.830887015826093,,,,Rancabolang,Gedebage,12738,107.70032795000465,-6.9672441999960775
<NA>,4054917271,23.640264777401153,,,,Rancabolang,Gedebage,12738,107.70026698350823,-6.967220231837807
<NA>,4054917271,30.07491699048468,,,,Rancabolang,Gedebage,12738,107.70020601650083,-6.967196318168204
<NA>,6377275621,32.57942457638838,,,,Rancabolang,Gedebage,12738,107.70014505000465,-6.967172399996075
<NA>,6377275621,31.940983246595955,,,,Rancabolang,Gedebage,12738,107.70008408366624,-6.967148448320307
<NA>,6377275621,32.92897523354253,,,,Rancabolang,Gedebage,12738,107.70002311634303,-6.967124551671814
<NA>,4054917251,30.895304374910243,,,,Rancabolang,Gedebage,12738,107.69996215000465,-6.967100599996071
<NA>,4054917251,24.410176242804795,,,,Rancabolang,Gedebage,12738,107.69990118366624,-6.967076648320294
<NA>,4054917251,18.495033190183555,,,,Rancabolang,Gedebage,12738,107.69984021634303,-6.967052751671836
<NA>,4054917251,12.167497249542528,,,,Rancabolang,Gedebage,12738,107.69959390000379,-6.967174149997027
<NA>,4054917251,17.240679549954557,,,,Rancabolang,Gedebage,12738,107.69953235000376,-6.967149999997045
<NA>,4054917251,23.523579162838097,,,,Rancabolang,Gedebage,12738,107.69947079953758,-6.9671258171302854
<NA>,4054917251,30.278180674381456,,,,Rancabolang,Gedebage,12738,107.69940920046996,-6.9671016828638
<NA>,4054917251,37.24086241987861,,,,Rancabolang,Gedebage,12738,107.69934765000376,-6.967077499997049
<NA>,4054917266,43.49765910045085,,,,Rancabolang,Gedebage,12738,107.69928609953757,-6.967053317130288
<NA>,4054917266,36.44584058751158,,,,Rancabolang,Gedebage,12738,107.69922451758431,-6.96702919909646
<NA>,4054917266,29.51856683243593,,,,Rancabolang,Gedebage,12738,107.69916298288035,-6.967004983787138
<NA>,4054917266,22.833810462825785,,,,Rancabolang,Gedebage,12738,107.6991013995376,-6.966980817130288
<NA>,4054917266,16.692350065980012,,,,Rancabolang,Gedebage,12738,107.6990398175843,-6.966956699096452
<NA>,4054917271,12.242592885396633,,,,Rancabolang,Gedebage,12738,107.70030860000375,-6.967456399997079
<NA>,4054917271,17.14114313187299,,,,Rancabolang,Gedebage,12738,107.70024796741845,-6.967432399221991
<NA>,4054917271,23.27562601242094,,,,Rancabolang,Gedebage,12738,107.70018733296318,-6.96740833373206
<NA>,4054917271,29.89609672932614,,,,Rancabolang,Gedebage,12738,107.70012669962944,-6.967384317037741
<NA>,4054917271,36.73989544343616,,,,Rancabolang,Gedebage,12738,107.70006606704443,-6.967360316275876
<NA>,4054917251,43.61287038328036,,,,Rancabolang,Gedebage,12738,107.70000545036845,-6.967336282966351
<NA>,4054917251,36.63787777428372,,,,Rancabolang,Gedebage,12738,107.69994483296318,-6.967312233732056
<NA>,4054917251,29.777170155783974,,,,Rancabolang,Gedebage,12738,107.69988419962942,-6.967288217037746
<NA>,4054917251,23.13282608857817,,,,Rancabolang,Gedebage,12738,107.69982356704442,-6.967264216275894
<NA>,4054917251,16.953908832133468,,,,Rancabolang,Gedebage,12738,107.69976293333774,-6.96724016669147
<NA>,4054917203,13.75525873041276,,,,Rancabolang,Gedebage,12738,107.69973130000402,-6.96681704999729
<NA>,4054917203,19.94812576616903,,,,Rancabolang,Gedebage,12738,107.69965520000399,-6.966787699997269
<NA>,4054917211,24.85865149088438,,,,Rancabolang,Gedebage,12738,107.69957909853562,-6.966758317981112
<NA>,4054917211,17.458841937497677,,,,Rancabolang,Gedebage,12738,107.6995030194413,-6.966728995795863
<NA>,4054917211,12.413159897148237,,,,Rancabolang,Gedebage,12738,107.69942698056673,-6.966699604198684
<NA>,4054917211,12.889785454263768,,,,Rancabolang,Gedebage,12738,107.69935090147239,-6.966670282013408
<NA>,4054917211,18.462322679698087,,,,Rancabolang,Gedebage,12738,107.69927479853564,-6.966640917981122
<NA>,4054917205,19.064217207703077,,,,Rancabolang,Gedebage,12738,107.69919870147235,-6.966611582013426
<NA>,6377275619,12.63493330673168,,,,Rancabolang,Gedebage,12738,107.70044899845125,-6.967092118035634
<NA>,6377275619,18.730728281921547,,,,Rancabolang,Gedebage,12738,107.70037460000371,-6.96706334999756
<NA>,6377275621,20.374619144678164,,,,Rancabolang,Gedebage,12738,107.70030016804012,-6.96703456350033
<NA>,6377275621,14.021322925402739,,,,Rancabolang,Gedebage,12738,107.70022573196731,-6.96700573649476
<NA>,6377275621,11.576656919500037,,,,Rancabolang,Gedebage,12738,107.7001513000037,-6.966976949997535
<NA>,6377275621,15.070275428112172,,,,Rancabolang,Gedebage,12738,107.7000769000037,-6.966948149997562
<NA>,6377275621,21.815084436491823,,,,Rancabolang,Gedebage,12738,107.7000025000037,-6.966919349997555
<NA>,4054917203,19.877498149599838,,,,Rancabolang,Gedebage,12738,107.6999281000037,-6.966890549997526
<NA>,4054917266,50.40178002058138,,,,Rancabolang,Gedebage,12738,107.69883055000363,-6.967260249997104
<NA>,4054917266,11.9431595804358,,,,Rancabolang,Gedebage,12738,107.69897828288035,-6.966932483787135
<NA>,4054917251,11.996139833072872,,,,Rancabolang,Gedebage,12738,107.69970230000375,-6.967216149997073
<NA>,4054917251,13.902456373298731,,,,Rancabolang,Gedebage,12738,107.69977925000467,-6.967028799996065
<NA>,4054917266,12.699109559761144,,,,Rancabolang,Gedebage,12738,107.69905205000447,-6.966749649996317
<NA>,4054917205,12.84288254727606,,,,Rancabolang,Gedebage,12738,107.69912261652028,-6.966582231749442
<NA>,4054917203,13.686014445111844,,,,Rancabolang,Gedebage,12738,107.6998536500037,-6.966861749997556
<NA>,6377275619,14.871603153823607,,,,Rancabolang,Gedebage,12738,107.70047519189703,-6.966902947073429
<NA>,6377275619,22.336156217051894,,,,Rancabolang,Gedebage,12738,107.70050469999968,-6.966822450006347
<NA>,6377275619,27.99980741904433,,,,Rancabolang,Gedebage,12738,107.70052434999968,-6.966768800006354
<NA>,6377275619,33.89732235328929,,,,Rancabolang,Gedebage,12738,107.70054404999968,-6.966715150006341
<NA>,4054917234,31.530272211386702,,,,Rancabolang,Gedebage,12738,107.70056374999967,-6.966661500006352
<NA>,4054917234,30.198459793005924,,,,Rancabolang,Gedebage,12738,107.7005833999997,-6.966607850006346
<NA>,4054917234,30.16248309835227,,,,Rancabolang,Gedebage,12738,107.70060306865044,-6.966554182927806
<NA>,4054917234,31.425676822411198,,,,Rancabolang,Gedebage,12738,107.70062273134891,-6.966500517084844
<NA>,4054917234,33.85107700487271,,,,Rancabolang,Gedebage,12738,107.70064246865044,-6.966446882927827
<NA>,4054917234,37.19798367625884,,,,Rancabolang,Gedebage,12738,107.70066213134892,-6.966393217084847
<NA>,4054917234,41.25019308989664,,,,Rancabolang,Gedebage,12738,107.70068181866544,-6.9663395829272465
<NA>,4054917234,45.813778724417475,,,,Rancabolang,Gedebage,12738,107.70070143134892,-6.966285917084864
<NA>,4054917234,50.765610033041185,,,,Rancabolang,Gedebage,12738,107.70072116865045,-6.966232282927807
<NA>,4054917234,55.99006452762257,,,,Rancabolang,Gedebage,12738,107.70074083134892,-6.966178617084856
<NA>,6377117735,53.533808416037346,,,,Rancabolang,Gedebage,12738,107.70076056865044,-6.966124982927815
<NA>,6377117735,47.33880442165642,,,,Rancabolang,Gedebage,12738,107.70078019999968,-6.966071300006348
<NA>,6377117735,41.18524160176625,,,,Rancabolang,Gedebage,12738,107.70079984999968,-6.9660176500063535
<NA>,6377117735,35.08846485886708,,,,Rancabolang,Gedebage,12738,107.7008195499997,-6.965964000006326
<NA>,6377117735,29.089038578511282,,,,Rancabolang,Gedebage,12738,107.70083924999967,-6.965910350006354
<NA>,6377117735,23.26637629839136,,,,Rancabolang,Gedebage,12738,107.70085889999969,-6.9658567000063485
<NA>,6377117735,17.788305734875486,,,,Rancabolang,Gedebage,12738,107.70087854999969,-6.965803050006332
<NA>,4054917232,12.448224526992314,,,,Rancabolang,Gedebage,12738,107.7005754499996,-6.965594900006095
<NA>,4054917232,17.347638318000595,,,,Rancabolang,Gedebage,12738,107.70055439999959,-6.9656499500061155
<NA>,4054917232,23.064938683329384,,,,Rancabolang,Gedebage,12738,107.70053334999959,-6.965705000006115
<NA>,4054917232,29.11607790088656,,,,Rancabolang,Gedebage,12738,107.7005123675854,-6.965760032914065
<NA>,4054917232,35.34035840249556,,,,Rancabolang,Gedebage,12738,107.70049128242837,-6.965815067097507
<NA>,4054917232,41.65231166666069,,,,Rancabolang,Gedebage,12738,107.7004702499996,-6.965870100006112
<NA>,4054917232,48.01675490003362,,,,Rancabolang,Gedebage,12738,107.70044926758541,-6.965925132914073
<NA>,4054917232,54.42339998129197,,,,Rancabolang,Gedebage,12738,107.70042818242837,-6.965980167097526
<NA>,4054917234,50.48639564457532,,,,Rancabolang,Gedebage,12738,107.70040716758541,-6.96603523291406
<NA>,4054917234,44.140493971147755,,,,Rancabolang,Gedebage,12738,107.70038614999959,-6.966090250006114
<NA>,4054917234,37.85240717255125,,,,Rancabolang,Gedebage,12738,107.70036508242838,-6.966145267097529
<NA>,4054917234,31.652637660382737,,,,Rancabolang,Gedebage,12738,107.7003440675854,-6.966200332914076
<NA>,4054917234,25.618858793059463,,,,Rancabolang,Gedebage,12738,107.7003230499996,-6.966255350006108
<NA>,6425732155,22.114805229405583,,,,Sukawarna,Sukajadi,14842,107.57524193612672,-6.887162525751897
<NA>,1396407883,20.675963737995822,,,,Sukawarna,Sukajadi,14842,107.57521365000434,-6.886774800006382
<NA>,5456153761,12.434726493580706,,,,Pasanggrahan,Ujungberung,21969,107.7146729494216,-6.911816082942303
<NA>,5458105772,13.668875645233081,,,,Pasanggrahan,Ujungberung,21969,107.7147231829402,-6.911790911042717
<NA>,5458105772,10.154184013527395,,,,Pasanggrahan,Ujungberung,21969,107.71477341705544,-6.911765688959068
<NA>,5458105772,9.837176347913505,,,,Pasanggrahan,Ujungberung,21969,107.71482365057403,-6.91174051705949
<NA>,5458105772,12.949710494893953,,,,Pasanggrahan,Ujungberung,21969,107.71487388293994,-6.911715361059413
<NA>,5458105770,15.003993147124062,,,,Pasanggrahan,Ujungberung,21969,107.71492411705569,-6.911690138942339
<NA>,5458105770,10.902253067310431,,,,Pasanggrahan,Ujungberung,21969,107.7149743499978,-6.911664950000876
<NA>,5458105770,9.482932588641704,,,,Pasanggrahan,Ujungberung,21969,107.71502458236337,-6.911639794001014
<NA>,5458105770,11.754477947247777,,,,Pasanggrahan,Ujungberung,21969,107.71507481705544,-6.911614588959067
<NA>,5458105770,16.239015858202357,,,,Pasanggrahan,Ujungberung,21969,107.71512504999781,-6.9115894000008895
<NA>,5456153770,12.779592626100815,,,,Pasanggrahan,Ujungberung,21969,107.71517528351585,-6.911564228117405
<NA>,5456153762,11.825864381628792,,,,Pasanggrahan,Ujungberung,21969,107.71475574999803,-6.911922050001478
<NA>,5456153762,18.80174001631196,,,,Pasanggrahan,Ujungberung,21969,107.71483154999802,-6.911884050001496
<NA>,5458105772,24.726044373807007,,,,Pasanggrahan,Ujungberung,21969,107.71490735237253,-6.9118460179058285
<NA>,5458105770,26.717854592501872,,,,Pasanggrahan,Ujungberung,21969,107.71498314999802,-6.911808000001462
<NA>,5458105770,24.144257966972933,,,,Pasanggrahan,Ujungberung,21969,107.71505894999802,-6.91177000000147
<NA>,5458105770,25.060038717019786,,,,Pasanggrahan,Ujungberung,21969,107.71513476790926,-6.911731991951029
<NA>,5456153771,21.22140522428444,,,,Pasanggrahan,Ujungberung,21969,107.71521062970403,-6.911693990131406
<NA>,5456153770,7.101903440634443,,,,Pasanggrahan,Ujungberung,21969,107.71522551705569,-6.911539038942348
<NA>,5456153771,13.589187248075032,,,,Pasanggrahan,Ujungberung,21969,107.71528644999802,-6.911655950001477
<NA>,5458105771,22.379354434264766,,,,Pasanggrahan,Ujungberung,21969,107.714275467019,-6.911303141925256
<NA>,5458105771,17.334104924166965,,,,Pasanggrahan,Ujungberung,21969,107.7143230499988,-6.91127535000087
<NA>,5458105771,13.206561517329689,,,,Pasanggrahan,Ujungberung,21969,107.71437063297856,-6.9112475580764885
<NA>,5458105771,11.080651885038959,,,,Pasanggrahan,Ujungberung,21969,107.714418167019,-6.911219741925265
<NA>,5458105771,12.05384886990157,,,,Pasanggrahan,Ujungberung,21969,107.71446574999878,-6.911191950000887
<NA>,5458105771,15.560081590875363,,,,Pasanggrahan,Ujungberung,21969,107.71451333297856,-6.911164158076477
<NA>,5458105769,19.367572372959398,,,,Pasanggrahan,Ujungberung,21969,107.71456086701902,-6.911136341925275
<NA>,5458105769,16.596114184275567,,,,Pasanggrahan,Ujungberung,21969,107.71460844999878,-6.911108550000887
<NA>,5458105769,15.81346303395633,,,,Pasanggrahan,Ujungberung,21969,107.71465603297855,-6.9110807580764995
<NA>,5458105769,17.295060891081807,,,,Pasanggrahan,Ujungberung,21969,107.71470356701903,-6.911052941925284
<NA>,5456153758,12.832993600437698,,,,Pasanggrahan,Ujungberung,21969,107.71510923687427,-6.911419867582344
<NA>,5456153758,19.7703291566705,,,,Pasanggrahan,Ujungberung,21969,107.71506254630766,-6.911359333167235
<NA>,5456153758,27.569435150587264,,,,Pasanggrahan,Ujungberung,21969,107.71501590000113,-6.911298750001065
<NA>,5458105769,27.708744622573906,,,,Pasanggrahan,Ujungberung,21969,107.71496925369463,-6.911238166834908
<NA>,5458105769,22.607027500427108,,,,Pasanggrahan,Ujungberung,21969,107.71492259629358,-6.911177633166413
<NA>,5458105769,19.938542145574456,,,,Pasanggrahan,Ujungberung,21969,107.71487595000114,-6.911117050001074
<NA>,5456153772,19.434493600701618,,,,Pasanggrahan,Ujungberung,21969,107.71482927054325,-6.911056466088769
<NA>,5458105769,7.893156131596718,,,,Pasanggrahan,Ujungberung,21969,107.71478550863198,-6.911178865585047
<NA>,5458105769,10.943930446754536,,,,Pasanggrahan,Ujungberung,21969,107.7148182000028,-6.911224000000734
<NA>,5458105769,15.914802514310288,,,,Pasanggrahan,Ujungberung,21969,107.71485089137362,-6.911269134416416
<NA>,5458105769,21.512505903357077,,,,Pasanggrahan,Ujungberung,21969,107.71488358442865,-6.911314247757948
<NA>,5458105770,23.996273152526147,,,,Pasanggrahan,Ujungberung,21969,107.71491621557693,-6.911359352243528
<NA>,5458105770,18.269811593943558,,,,Pasanggrahan,Ujungberung,21969,107.71494890863195,-6.911404465585048
<NA>,5458105770,12.949523815251075,,,,Pasanggrahan,Ujungberung,21969,107.71498160000277,-6.911449600000757
<NA>,5456153772,12.572426339461996,,,,Pasanggrahan,Ujungberung,21969,107.71478262945905,-6.910995933913391
<NA>,5458105770,8.814569272026707,,,,Pasanggrahan,Ujungberung,21969,107.71501428442184,-6.911494697774058
<NA>,5458105769,7.682281006071382,,,,Pasanggrahan,Ujungberung,21969,107.71465815000232,-6.9112389000006385
<NA>,5458105769,8.872645192638283,,,,Pasanggrahan,Ujungberung,21969,107.71469215000234,-6.911283300000641
<NA>,5458105769,13.230466344235078,,,,Pasanggrahan,Ujungberung,21969,107.71472615735998,-6.9113277157716695
<NA>,5458105769,18.659344233911867,,,,Pasanggrahan,Ujungberung,21969,107.71476014264466,-6.911372184229633
<NA>,5458105769,24.44913762826758,,,,Pasanggrahan,Ujungberung,21969,107.71479415000233,-6.911416600000669
<NA>,5458105770,20.45999064432467,,,,Pasanggrahan,Ujungberung,21969,107.71482815000232,-6.911461000000652
<NA>,5458105770,14.686830365078615,,,,Pasanggrahan,Ujungberung,21969,107.71486215735999,-6.91150541577164
<NA>,5458105771,8.07694199851807,,,,Pasanggrahan,Ujungberung,21969,107.71454743410094,-6.911278198100146
<NA>,5458105771,11.876220667935117,,,,Pasanggrahan,Ujungberung,21969,107.71458250701917,-6.9113240159092575
<NA>,5458105771,17.27705943351133,,,,Pasanggrahan,Ujungberung,21969,107.71461759298536,-6.9113698840920925
<NA>,5458105771,23.183508885853463,,,,Pasanggrahan,Ujungberung,21969,107.71465267292733,-6.91141571779282
<NA>,5458105772,25.024099710761988,,,,Pasanggrahan,Ujungberung,21969,107.71468774300263,-6.911461584090864
<NA>,5458105772,19.039153361120228,,,,Pasanggrahan,Ujungberung,21969,107.71472285000227,-6.91150740000068
<NA>,5458105772,13.425395980169741,,,,Pasanggrahan,Ujungberung,21969,107.71475795000225,-6.91155325000068
<NA>,5458105770,9.4568935765016,,,,Pasanggrahan,Ujungberung,21969,107.71489614264468,-6.911549884229654
<NA>,5458105772,8.922901809157057,,,,Pasanggrahan,Ujungberung,21969,107.71479303410094,-6.9115990981001465
<NA>,5458105771,6.562202767418549,,,,Pasanggrahan,Ujungberung,21969,107.71442725000138,-6.911331250000675
<NA>,5458105771,8.822128516493601,,,,Pasanggrahan,Ujungberung,21969,107.71446274457278,-6.911378483456066
<NA>,5458105771,14.073840785586874,,,,Pasanggrahan,Ujungberung,21969,107.71449825542996,-6.911425716545282
<NA>,5458105771,20.095659148247695,,,,Pasanggrahan,Ujungberung,21969,107.71453378345676,-6.911472949623576
<NA>,5458105771,26.361372551208046,,,,Pasanggrahan,Ujungberung,21969,107.71456930000139,-6.911520150000667
<NA>,5458105772,21.236735394595183,,,,Pasanggrahan,Ujungberung,21969,107.71460480000137,-6.9115674000006555
<NA>,5458105772,15.21309417283536,,,,Pasanggrahan,Ujungberung,21969,107.714640316546,-6.9116146503777856
<NA>,5458105771,16.852694449642886,,,,Pasanggrahan,Ujungberung,21969,107.71434310000146,-6.9113714000007285
<NA>,5458105771,17.146710314444157,,,,Pasanggrahan,Ujungberung,21969,107.71437985000144,-6.9114203000007235
<NA>,5458105771,19.887327721298558,,,,Pasanggrahan,Ujungberung,21969,107.71441662806349,-6.911469183107232
<NA>,5458105771,24.260307687493732,,,,Pasanggrahan,Ujungberung,21969,107.71445336656116,-6.911518050334593
<NA>,5456153761,26.649576757426267,,,,Pasanggrahan,Ujungberung,21969,107.71449013882018,-6.911566916226445
<NA>,5456153761,20.39784908161982,,,,Pasanggrahan,Ujungberung,21969,107.71452686656617,-6.911615800318614
<NA>,5456153761,14.609245573524467,,,,Pasanggrahan,Ujungberung,21969,107.7145636334367,-6.911664699682854
<NA>,5458105772,9.869268730998998,,,,Pasanggrahan,Ujungberung,21969,107.71467585000137,-6.911661850000685
<NA>,5456153761,10.119002591440646,,,,Pasanggrahan,Ujungberung,21969,107.71460036656617,-6.911713600318646
<NA>,5456153762,11.409999124183198,,,,Pasanggrahan,Ujungberung,21969,107.71463927364192,-6.912011317977874
<NA>,5456153762,16.642097297370558,,,,Pasanggrahan,Ujungberung,21969,107.71460442636382,-6.911964982023596
<NA>,5456153761,13.515425015452283,,,,Pasanggrahan,Ujungberung,21969,107.71456956558688,-6.911918602385193
<NA>,5456153761,8.895487606971678,,,,Pasanggrahan,Ujungberung,21969,107.71453473442713,-6.911872247600245
<NA>,5456153761,7.613794730880484,,,,Pasanggrahan,Ujungberung,21969,107.71449986558689,-6.911825902385186
<NA>,5456153761,10.915861544535057,,,,Pasanggrahan,Ujungberung,21969,107.71446500806468,-6.9117795155784965
<NA>,5456153761,16.210120499838855,,,,Pasanggrahan,Ujungberung,21969,107.71443012636381,-6.911733182023585
<NA>,5456153761,22.106437673587138,,,,Pasanggrahan,Ujungberung,21969,107.71439527364191,-6.911686817977888
<NA>,7283768667,23.789770449183877,,,,Pasanggrahan,Ujungberung,21969,107.71436042636383,-6.9116404820235955
<NA>,7283768667,23.116385172040403,,,,Pasanggrahan,Ujungberung,21969,107.71432556558688,-6.911594102385174
<NA>,7283768667,24.190620229230365,,,,Pasanggrahan,Ujungberung,21969,107.71429073442714,-6.911547747600254
<NA>,7283768667,26.798869696966545,,,,Pasanggrahan,Ujungberung,21969,107.71425586558689,-6.911501402385193
<NA>,7283768656,28.36251488168667,,,,Pasanggrahan,Ujungberung,21969,107.7142210424883,-6.911455013177206
<NA>,7283768656,25.82156041733961,,,,Pasanggrahan,Ujungberung,21969,107.71418615751743,-6.911408686824259
<NA>,7283768656,24.736122103117758,,,,Pasanggrahan,Ujungberung,21969,107.71415134248831,-6.911362313177192
<NA>,7283768656,25.27588937988416,,,,Pasanggrahan,Ujungberung,21969,107.71411645751743,-6.91131598682427
<NA>,5456153939,17.31824072644314,,,,Pasanggrahan,Ujungberung,21969,107.7159927038649,-6.9108449664479314
<NA>,12009927659,10.940571888662042,,,,Pasanggrahan,Ujungberung,21969,107.71590222002689,-6.910921517422427
<NA>,5456153939,10.998127007702847,,,,Pasanggrahan,Ujungberung,21969,107.71604600000221,-6.91090755000118
<NA>,12009927660,12.751099112752849,,,,Pasanggrahan,Ujungberung,21969,107.715956196455,-6.910983783535622
<NA>,12009927659,6.743565465282311,,,,Pasanggrahan,Ujungberung,21969,107.71577585000061,-6.910988100000918
<NA>,12009927659,12.192767316547794,,,,Pasanggrahan,Ujungberung,21969,107.7158214500006,-6.911042900000915
<NA>,6454315702,9.417007737066047,,,,Pasanggrahan,Ujungberung,21969,107.71565957069153,-6.9110098796217905
<NA>,6454315702,7.926464113464357,,,,Pasanggrahan,Ujungberung,21969,107.71569703436569,-6.911050197273067
<NA>,6454315702,10.324762987269628,,,,Pasanggrahan,Ujungberung,21969,107.71573255000233,-6.911093600000566
<NA>,6454315702,15.080159785978465,,,,Pasanggrahan,Ujungberung,21969,107.71576807232611,-6.9111370183541005
<NA>,12009927660,7.49321419325221,,,,Pasanggrahan,Ujungberung,21969,107.71586705000061,-6.911097700000904
<NA>,5456153935,12.500778780836795,,,,Pasanggrahan,Ujungberung,21969,107.71580363436031,-6.911180447289929
<NA>,8775607535,10.553151903697254,,,,Pasanggrahan,Ujungberung,21969,107.71546720389105,-6.911024577987828
<NA>,8775607535,10.089081822058217,,,,Pasanggrahan,Ujungberung,21969,107.71550575000165,-6.9110679500006755
<NA>,5458105767,12.40769811186702,,,,Pasanggrahan,Ujungberung,21969,107.71536355000126,-6.911046100000743
<NA>,5458105767,18.492740738156865,,,,Pasanggrahan,Ujungberung,21969,107.715403266627,-6.911096500158531
<NA>,5458105768,19.20627621764339,,,,Pasanggrahan,Ujungberung,21969,107.71544300433297,-6.911146916630575
<NA>,6454315702,10.905935807568842,,,,Pasanggrahan,Ujungberung,21969,107.71554330000166,-6.911115450000687
<NA>,5458105768,13.138806974969262,,,,Pasanggrahan,Ujungberung,21969,107.71548272903962,-6.911197383228937
<NA>,5456153749,13.589624862787975,,,,Pasanggrahan,Ujungberung,21969,107.71593684592486,-6.910734515000668
<NA>,5456153749,18.099268171000265,,,,Pasanggrahan,Ujungberung,21969,107.7158929149961,-6.910771142498731
<NA>,12009927659,14.838630675346707,,,,Pasanggrahan,Ujungberung,21969,107.71584899999758,-6.91080775000222
<NA>,5458105767,15.388037319063505,,,,Pasanggrahan,Ujungberung,21969,107.71514340360493,-6.910936623451362
<NA>,5458105767,11.682303063696324,,,,Pasanggrahan,Ujungberung,21969,107.71519524639943,-6.910933076548363
<NA>,5458105767,10.110758567772786,,,,Pasanggrahan,Ujungberung,21969,107.71524710360492,-6.910929523451358
<NA>,5458105767,11.577636255447192,,,,Pasanggrahan,Ujungberung,21969,107.71529894639943,-6.910925976548376
<NA>,5458105767,15.230241618071444,,,,Pasanggrahan,Ujungberung,21969,107.71535080360493,-6.9109224234513675
<NA>,8775607535,18.92884260668534,,,,Pasanggrahan,Ujungberung,21969,107.715402669854,-6.910918857928791
<NA>,8775607535,14.205067351420363,,,,Pasanggrahan,Ujungberung,21969,107.71545453014303,-6.910915342068442
<NA>,8775607535,10.557091331031032,,,,Pasanggrahan,Ujungberung,21969,107.7155063963921,-6.910911776545891
<NA>,8775607535,9.33877446641593,,,,Pasanggrahan,Ujungberung,21969,107.71555825359759,-6.910908223448872
<NA>,8775607535,11.35932842337354,,,,Pasanggrahan,Ujungberung,21969,107.71561009639208,-6.9109046765459
<NA>,8775607535,15.393580486480227,,,,Pasanggrahan,Ujungberung,21969,107.71566195359759,-6.910901123448894
<NA>,12009927659,9.933196783504503,,,,Pasanggrahan,Ujungberung,21969,107.71580509999758,-6.910844350002215
<NA>,12009927659,10.774081902428522,,,,Pasanggrahan,Ujungberung,21969,107.7157137963921,-6.910897576545886
<NA>,6454315702,12.884365581008538,,,,Pasanggrahan,Ujungberung,21969,107.71563220549785,-6.911208712080577
<NA>,5458105768,14.19353165644988,,,,Pasanggrahan,Ujungberung,21969,107.71560108647239,-6.911269041311743
<NA>,5458105768,9.755252514773321,,,,Pasanggrahan,Ujungberung,21969,107.71556900216453,-6.911328693615709
<NA>,5458105768,9.360785534527734,,,,Pasanggrahan,Ujungberung,21969,107.71553106634818,-6.911384806475742
<NA>,5458105768,13.054259468414246,,,,Pasanggrahan,Ujungberung,21969,107.7154848730393,-6.911434014632113
<NA>,5458105768,18.516426729943035,,,,Pasanggrahan,Ujungberung,21969,107.71543134946869,-6.911475667749836
<NA>,5456153771,11.334962067238465,,,,Pasanggrahan,Ujungberung,21969,107.71543810456669,-6.911600257027224
<NA>,5456153771,19.14438092317167,,,,Pasanggrahan,Ujungberung,21969,107.71550659356295,-6.911558084000498
<NA>,5458105768,23.38334358182224,,,,Pasanggrahan,Ujungberung,21969,107.71556910776823,-6.911508489301893
<NA>,5458105768,21.56851975531913,,,,Pasanggrahan,Ujungberung,21969,107.71562353113649,-6.9114498671959
<NA>,5456153935,17.99149336696932,,,,Pasanggrahan,Ujungberung,21969,107.71566946428872,-6.911384057525015
<NA>,5456153770,12.897376564882384,,,,Pasanggrahan,Ujungberung,21969,107.71537139999852,-6.911511809042993
<NA>,5456153935,10.732371225647631,,,,Pasanggrahan,Ujungberung,21969,107.71570957592677,-6.911313550606368
<NA>,5458105768,9.282971215188086,,,,Pasanggrahan,Ujungberung,21969,107.71539835000193,-6.911306200000463
<NA>,5458105768,13.919926556803684,,,,Pasanggrahan,Ujungberung,21969,107.71536610000192,-6.911266350000474
<NA>,5458105768,19.12607495477687,,,,Pasanggrahan,Ujungberung,21969,107.71533385000191,-6.911226450000495
<NA>,5458105767,19.094546663362024,,,,Pasanggrahan,Ujungberung,21969,107.71530155000191,-6.911186550000466
<NA>,5458105767,14.053012393849334,,,,Pasanggrahan,Ujungberung,21969,107.71526925000191,-6.91114670000049
<NA>,5458105767,9.736188897644027,,,,Pasanggrahan,Ujungberung,21969,107.71523695000191,-6.911106850000489
<NA>,5456153772,17.63719113734955,,,,Pasanggrahan,Ujungberung,21969,107.7149513472854,-6.91093029012089
<NA>,5456153772,24.330566556788686,,,,Pasanggrahan,Ujungberung,21969,107.71499644250852,-6.910980262846539
<NA>,5458105767,23.866866761670355,,,,Pasanggrahan,Ujungberung,21969,107.71503904200056,-6.911035934518059
<NA>,5458105767,20.645656421790083,,,,Pasanggrahan,Ujungberung,21969,107.71508165000431,-6.911091550001037
<NA>,5458105767,20.075184173005134,,,,Pasanggrahan,Ujungberung,21969,107.71512425000431,-6.9111471500010415
<NA>,5458105767,22.35798285802303,,,,Pasanggrahan,Ujungberung,21969,107.7151668654835,-6.911202752653867
<NA>,5456153758,19.68162031514672,,,,Pasanggrahan,Ujungberung,21969,107.71520950799402,-6.911258365485276
<NA>,5456153758,13.803826277690876,,,,Pasanggrahan,Ujungberung,21969,107.71525212652985,-6.911314031876304
<NA>,5458105767,7.514224209893191,,,,Pasanggrahan,Ujungberung,21969,107.71520465000191,-6.911066950000481
<NA>,5456153758,10.68404352469536,,,,Pasanggrahan,Ujungberung,21969,107.71529475000429,-6.911369650001029
<NA>,8411678649,15.787486847660592,,,,Pasanggrahan,Ujungberung,21969,107.71631244154884,-6.910923881026938
<NA>,8411678649,16.807519864376925,,,,Pasanggrahan,Ujungberung,21969,107.71638142110987,-6.910924526573434
<NA>,8411678649,22.874273421766166,,,,Pasanggrahan,Ujungberung,21969,107.71644685167726,-6.910898236358641
<NA>,11052060891,24.273658289747043,,,,Pasanggrahan,Ujungberung,21969,107.71650945624484,-6.910860583611615
<NA>,11052060891,16.9377501974297,,,,Pasanggrahan,Ujungberung,21969,107.71657206043916,-6.91082296407132
<NA>,11052060891,10.42982158435365,,,,Pasanggrahan,Ujungberung,21969,107.71663761624464,-6.9107829425746825
<NA>,5456153939,10.988528693732707,,,,Pasanggrahan,Ujungberung,21969,107.71622331191718,-6.910946503821002
<NA>,5456153939,11.652444827794692,,,,Pasanggrahan,Ujungberung,21969,107.71616263274048,-6.910991021454622
<NA>,5456153939,17.556703855592087,,,,Pasanggrahan,Ujungberung,21969,107.71610785577396,-6.911042113207931
<NA>,12009927660,13.638321466527811,,,,Pasanggrahan,Ujungberung,21969,107.71605810729056,-6.911098597522953
<NA>,12009927660,10.428155665394744,,,,Pasanggrahan,Ujungberung,21969,107.71600874098408,-6.9111554721121555
<NA>,12009927660,13.525355927086583,,,,Pasanggrahan,Ujungberung,21969,107.7159641033688,-6.911215653823473
<NA>,5456153935,13.392199257001323,,,,Pasanggrahan,Ujungberung,21969,107.71592478094729,-6.911279415364362
<NA>,5456153935,10.61478433371026,,,,Pasanggrahan,Ujungberung,21969,107.71588611466186,-6.911343873403322
<NA>,5456153935,13.575211548949751,,,,Pasanggrahan,Ujungberung,21969,107.7158474293248,-6.911408317942545
<NA>,5456153935,19.858037925609644,,,,Pasanggrahan,Ujungberung,21969,107.7158087755579,-6.911472784740518
<NA>,5456153935,27.061187055170546,,,,Pasanggrahan,Ujungberung,21969,107.71576786689862,-6.91153516676458
<NA>,5456153935,34.31184455050105,,,,Pasanggrahan,Ujungberung,21969,107.71571838420122,-6.91159125610865
<NA>,5456153771,29.491879737317035,,,,Pasanggrahan,Ujungberung,21969,107.71566381787227,-6.911643197602167
<NA>,5456153771,22.536650603830303,,,,Pasanggrahan,Ujungberung,21969,107.71560621011798,-6.91169109669431
<NA>,5456153771,15.835660976160323,,,,Pasanggrahan,Ujungberung,21969,107.71554170540949,-6.9117298057910865
<NA>,5456153771,32.706636843848834,,,,Pasanggrahan,Ujungberung,21969,107.71519280191312,-6.911904690666249
<NA>,5456153771,10.187276148269811,,,,Pasanggrahan,Ujungberung,21969,107.71544698190857,-6.9117769070101005
<NA>,5456153771,14.342736900152854,,,,Pasanggrahan,Ujungberung,21969,107.71536224999855,-6.911819500001663
<NA>,5456153762,31.49398027933685,,,,Pasanggrahan,Ujungberung,21969,107.7150233180885,-6.9119898929932235
<NA>,5456153762,21.84640749083584,,,,Pasanggrahan,Ujungberung,21969,107.71493858190857,-6.912032507010122
<NA>,5456153762,13.519456413967653,,,,Pasanggrahan,Ujungberung,21969,107.71485384999853,-6.912075100001681
<NA>,5456153762,10.409236194920542,,,,Pasanggrahan,Ujungberung,21969,107.71476911808853,-6.912117692993239
<NA>,5456153762,15.939542904647416,,,,Pasanggrahan,Ujungberung,21969,107.7146843819086,-6.912160307010128
<NA>,5456153928,11.016115655307665,,,,Pasanggrahan,Ujungberung,21969,107.71459964999855,-6.91220290000167
<NA>,5355818905,10.323443301434127,,,,Pasanggrahan,Ujungberung,21969,107.71061315000472,-6.915469599999491
<NA>,5355818905,15.08449199076134,,,,Pasanggrahan,Ujungberung,21969,107.71065655000473,-6.915506399999507
<NA>,5355818905,20.687022990905973,,,,Pasanggrahan,Ujungberung,21969,107.71070000597825,-6.915543163781762
<NA>,5355818905,26.601718961680586,,,,Pasanggrahan,Ujungberung,21969,107.71074345000471,-6.915579949999509
<NA>,5355818904,27.757094692139546,,,,Pasanggrahan,Ujungberung,21969,107.71078684401346,-6.915616736228081
<NA>,5355818904,21.870610426840067,,,,Pasanggrahan,Ujungberung,21969,107.71083025000472,-6.915653499999506
<NA>,5355818904,16.287049955513968,,,,Cisurupan,Cibiru,15462,107.71087365000471,-6.915690299999515
<NA>,5355818904,12.148663401253732,,,,Cisurupan,Cibiru,15462,107.71081260000406,-6.915862299999746
<NA>,5355818904,16.495930538550912,,,,Pasanggrahan,Ujungberung,21969,107.7107687802649,-6.915824277474278
<NA>,5355818904,21.891545512947413,,,,Pasanggrahan,Ujungberung,21969,107.71072491434157,-6.915786258186564
<NA>,5355818904,27.722921304902286,,,,Pasanggrahan,Ujungberung,21969,107.71068110542038,-6.915748214332118
<NA>,5355818905,27.791843405290052,,,,Pasanggrahan,Ujungberung,21969,107.71063725000407,-6.915710199999763
<NA>,5355818905,21.951685208131853,,,,Pasanggrahan,Ujungberung,21969,107.71059339458776,-6.915672185667411
<NA>,5355818905,16.541246019180132,,,,Pasanggrahan,Ujungberung,21969,107.71054959106414,-6.9156341061533775
<NA>,5355818904,11.468556195440494,,,,Cisurupan,Cibiru,15462,107.71091706975868,-6.915727073228293
<NA>,5355818905,12.167585034446635,,,,Pasanggrahan,Ujungberung,21969,107.71050571433867,-6.915596108203059
<NA>,5355818905,26.352387530087515,,,,Pasanggrahan,Ujungberung,21969,107.71037185000539,-6.915672599999412
<NA>,5355818905,27.308726346748724,,,,Pasanggrahan,Ujungberung,21969,107.7104150633474,-6.915709959868178
<NA>,5355818905,29.608663870045998,,,,Pasanggrahan,Ujungberung,21969,107.71045833665451,-6.9157472901499455
<NA>,5355818905,32.98129895615588,,,,Pasanggrahan,Ujungberung,21969,107.71050155000539,-6.915784649999413
<NA>,5355818906,33.567143073055405,,,,Pasanggrahan,Ujungberung,21969,107.71054475000538,-6.915821999999413
<NA>,5355818906,27.581386118054848,,,,Pasanggrahan,Ujungberung,21969,107.71058795000539,-6.915859349999425
<NA>,5355818906,21.78383930731359,,,,Pasanggrahan,Ujungberung,21969,107.71063115000538,-6.915896699999429
<NA>,5355818906,16.37403239944547,,,,Pasanggrahan,Ujungberung,21969,107.7106743567552,-6.915934063339066
<NA>,5355818906,11.533390442768484,,,,Pasanggrahan,Ujungberung,21969,107.71060595000455,-6.916104549999531
<NA>,5355818906,16.065970704178238,,,,Pasanggrahan,Ujungberung,21969,107.71056204428848,-6.916067436031778
<NA>,5355818906,21.53755648678184,,,,Pasanggrahan,Ujungberung,21969,107.71051820573808,-6.9160302639569675
<NA>,5355818906,27.394367847290827,,,,Pasanggrahan,Ujungberung,21969,107.71047435000455,-6.9159931499995535
<NA>,5355818906,33.438949542806284,,,,Pasanggrahan,Ujungberung,21969,107.71043044428846,-6.915956036031794
<NA>,5355818906,39.5836346686501,,,,Pasanggrahan,Ujungberung,21969,107.71038655572065,-6.915918863967344
<NA>,5355818906,45.78649284341355,,,,Pasanggrahan,Ujungberung,21969,107.71034265000455,-6.915881749999547
<NA>,5355818911,41.360412520088055,,,,Pasanggrahan,Ujungberung,21969,107.71029874428845,-6.915844636031772
<NA>,5355818906,11.894964842271884,,,,Pasanggrahan,Ujungberung,21969,107.71071755662064,-6.915971446502241
<NA>,5355818911,36.97396347292345,,,,Pasanggrahan,Ujungberung,21969,107.71025490573807,-6.915807463956977
<NA>,5355818911,27.527025847206986,,,,Pasanggrahan,Ujungberung,21969,107.71016844443035,-6.915915535635914
<NA>,5355818911,33.877343519306656,,,,Pasanggrahan,Ujungberung,21969,107.71021631436224,-6.915958057858106
<NA>,5355818911,40.47141284679125,,,,Pasanggrahan,Ujungberung,21969,107.710264191218,-6.916000556519165
<NA>,5355818906,43.84604748398326,,,,Pasanggrahan,Ujungberung,21969,107.710312014365,-6.91604310784315
<NA>,5355818906,38.38574663294964,,,,Pasanggrahan,Ujungberung,21969,107.71035988564476,-6.916085592156434
<NA>,5355818906,33.53936044880417,,,,Pasanggrahan,Ujungberung,21969,107.71040774443036,-6.916128135635924
<NA>,5355818906,29.60674390795185,,,,Pasanggrahan,Ujungberung,21969,107.71045561436223,-6.9161706578581
<NA>,6454185414,42.59659588832506,,,,Pasanggrahan,Ujungberung,21969,107.71036090506132,-6.916343614732197
<NA>,6454185414,42.688335487404316,,,,Pasanggrahan,Ujungberung,21969,107.71031523021543,-6.91630277814837
<NA>,6454185414,43.84440596782883,,,,Pasanggrahan,Ujungberung,21969,107.71026955000387,-6.9162618999999355
<NA>,6454185414,45.97814866135844,,,,Pasanggrahan,Ujungberung,21969,107.71022386473274,-6.916221057121628
<NA>,5355818911,44.9081879771513,,,,Pasanggrahan,Ujungberung,21969,107.71017820000387,-6.916180199999967
<NA>,5355818911,38.237214155433705,,,,Pasanggrahan,Ujungberung,21969,107.71013250506131,-6.916139314732189
<NA>,5355818911,31.618176941062362,,,,Pasanggrahan,Ujungberung,21969,107.71008679494643,-6.916098485267733
<NA>,5355818906,26.990061779544583,,,,Pasanggrahan,Ujungberung,21969,107.710503491218,-6.916213156519162
<NA>,5355818911,25.08398880860519,,,,Pasanggrahan,Ujungberung,21969,107.71004114033126,-6.916057607609447
<NA>,5355818900,12.157645741435633,,,,Pasanggrahan,Ujungberung,21969,107.71056700000314,-6.915041899999724
<NA>,5355818900,16.70375679605263,,,,Pasanggrahan,Ujungberung,21969,107.71060420557123,-6.915073514100916
<NA>,5355818900,21.646035788688902,,,,Pasanggrahan,Ujungberung,21969,107.71064140000313,-6.915105149999716
<NA>,5355818900,26.766453421631212,,,,Pasanggrahan,Ujungberung,21969,107.71067859443504,-6.915136785898547
<NA>,5355818902,30.286679095134847,,,,Pasanggrahan,Ujungberung,21969,107.71071583590519,-6.915168391127381
<NA>,5355818902,34.12216590183433,,,,Pasanggrahan,Ujungberung,21969,107.71075306410108,-6.915200008872072
<NA>,5355818902,38.336336433753765,,,,Pasanggrahan,Ujungberung,21969,107.71079030557124,-6.915231614100899
<NA>,5355818905,41.95315457995876,,,,Pasanggrahan,Ujungberung,21969,107.71082750000313,-6.915263249999733
<NA>,5355818905,43.5205166699105,,,,Pasanggrahan,Ujungberung,21969,107.71086469443503,-6.915294885898549
<NA>,5355818901,38.248123228834736,,,,Pasanggrahan,Ujungberung,21969,107.71090190000314,-6.915326499999727
<NA>,5355818901,32.99127476924191,,,,Pasanggrahan,Ujungberung,21969,107.71093910000315,-6.915358099999725
<NA>,5355818901,27.784591218018544,,,,Pasanggrahan,Ujungberung,21969,107.71097635555074,-6.915389714112719
<NA>,5355818901,22.669537758907538,,,,Pasanggrahan,Ujungberung,21969,107.71101360000313,-6.91542134999972
<NA>,5355818901,17.730056905988192,,,,Pasanggrahan,Ujungberung,21969,107.71105079443502,-6.915452985898535
<NA>,5355818901,13.161092698638699,,,,Pasanggrahan,Ujungberung,21969,107.71108800000313,-6.915484599999727
<NA>,5355818902,8.875211866583149,,,,Pasanggrahan,Ujungberung,21969,107.71078435000358,-6.9148663999996085
<NA>,5355818902,12.29961441704786,,,,Pasanggrahan,Ujungberung,21969,107.71082048651475,-6.914897290221701
<NA>,5355818902,16.706236317331886,,,,Pasanggrahan,Ujungberung,21969,107.71085661349242,-6.91492820977754
<NA>,5355818902,21.500170329820676,,,,Pasanggrahan,Ujungberung,21969,107.71089275000358,-6.914959099999612
<NA>,7300984397,22.93723693739422,,,,Pasanggrahan,Ujungberung,21969,107.71092885646078,-6.914989963481742
<NA>,7300984397,24.3088745981828,,,,Pasanggrahan,Ujungberung,21969,107.71096494354639,-6.915020836517476
<NA>,7300984397,26.66020858282953,,,,Pasanggrahan,Ujungberung,21969,107.71100108651473,-6.915051690221677
<NA>,7300984397,29.771117411575002,,,,Pasanggrahan,Ujungberung,21969,107.71103721349243,-6.915082609777522
<NA>,7300984397,33.421693207317915,,,,Pasanggrahan,Ujungberung,21969,107.71107335000357,-6.915113499999585
<NA>,5355818903,34.25745679650645,,,,Pasanggrahan,Ujungberung,21969,107.71110945000358,-6.915144399999603
<NA>,5355818903,29.17908807935918,,,,Pasanggrahan,Ujungberung,21969,107.71114555000358,-6.915175299999601
<NA>,5355818903,24.176044697154047,,,,Pasanggrahan,Ujungberung,21969,107.71118168651476,-6.915206190221687
<NA>,5355818903,19.310450895583628,,,,Pasanggrahan,Ujungberung,21969,107.71121781994525,-6.915237073264712
<NA>,5355818903,14.71996407180657,,,,Pasanggrahan,Ujungberung,21969,107.71125394354638,-6.915267936517476
<NA>,5355818901,10.922985866279104,,,,Cisurupan,Cibiru,15462,107.71101625000414,-6.915625699999695
<NA>,5355818901,15.69689698447895,,,,Cisurupan,Cibiru,15462,107.71097065000413,-6.9155871999996785
<NA>,5355818901,21.46118645256743,,,,Pasanggrahan,Ujungberung,21969,107.71092505000414,-6.915548749999692
<NA>,5355818901,27.601655226030466,,,,Pasanggrahan,Ujungberung,21969,107.71087945000413,-6.915510299999696
<NA>,5355818901,33.91691982581365,,,,Pasanggrahan,Ujungberung,21969,107.71083385000414,-6.9154717999996995
<NA>,5355818905,30.100049080161487,,,,Pasanggrahan,Ujungberung,21969,107.71078825000413,-6.9154332999996715
<NA>,5355818905,26.511557029312193,,,,Pasanggrahan,Ujungberung,21969,107.71074265000414,-6.915394849999701
<NA>,5355818905,24.223773164816382,,,,Pasanggrahan,Ujungberung,21969,107.71069705000413,-6.915356399999697
<NA>,5355818905,23.622150449793295,,,,Pasanggrahan,Ujungberung,21969,107.71065145000412,-6.915317899999693
<NA>,5355818901,9.510236139808661,,,,Pasanggrahan,Ujungberung,21969,107.71112520000314,-6.91551619999973
<NA>,5355818905,24.82728088964487,,,,Pasanggrahan,Ujungberung,21969,107.71060585000413,-6.9152793999997035
<NA>,5355818902,9.407216976443474,,,,Pasanggrahan,Ujungberung,21969,107.7106496000026,-6.9149553499998095
<NA>,5355818902,10.43148324418462,,,,Pasanggrahan,Ujungberung,21969,107.71068605000262,-6.914986149999827
<NA>,5355818902,13.592965602425743,,,,Pasanggrahan,Ujungberung,21969,107.71072250492234,-6.915016914509834
<NA>,5355818902,17.79025255683383,,,,Pasanggrahan,Ujungberung,21969,107.71075898549587,-6.915047691765509
<NA>,5355818902,22.450898230950752,,,,Pasanggrahan,Ujungberung,21969,107.71079541450932,-6.91507850823412
<NA>,5355818902,27.33782916640474,,,,Pasanggrahan,Ujungberung,21969,107.7108319000026,-6.9151092999997985
<NA>,5355818902,32.349021897520835,,,,Pasanggrahan,Ujungberung,21969,107.71086838549587,-6.91514009176552
<NA>,5355818902,37.43160554096653,,,,Pasanggrahan,Ujungberung,21969,107.7109048095639,-6.915170893754085
<NA>,5355818902,42.56192952420065,,,,Pasanggrahan,Ujungberung,21969,107.7109413000026,-6.91520164999982
<NA>,5355818903,38.978990029059965,,,,Pasanggrahan,Ujungberung,21969,107.7109777500026,-6.915232449999832
<NA>,5355818903,33.84667372802906,,,,Pasanggrahan,Ujungberung,21969,107.71101420492235,-6.915263214509823
<NA>,5355818903,28.763581119629446,,,,Pasanggrahan,Ujungberung,21969,107.71105068549588,-6.9152939917655445
<NA>,5355818903,23.770460283640677,,,,Pasanggrahan,Ujungberung,21969,107.71108711450933,-6.915324808234128
<NA>,5355818903,18.92737127063218,,,,Pasanggrahan,Ujungberung,21969,107.7111236000026,-6.915355599999825
<NA>,5355818903,14.399826697036895,,,,Pasanggrahan,Ujungberung,21969,107.7111600500026,-6.91538639999981
<NA>,5355818903,10.757043350607102,,,,Pasanggrahan,Ujungberung,21969,107.71129005000358,-6.915298799999622
<NA>,5355818903,10.592718104557424,,,,Pasanggrahan,Ujungberung,21969,107.71119649508286,-6.915417185489823
<NA>,5355818903,23.163091390860917,,,,Pasanggrahan,Ujungberung,21969,107.7113695867077,-6.915202440193521
<NA>,5355818903,25.154378724544163,,,,Pasanggrahan,Ujungberung,21969,107.71133641331045,-6.915173509780748
<NA>,5355818903,27.86686879784034,,,,Pasanggrahan,Ujungberung,21969,107.71130325000323,-6.91514454999968
<NA>,5355818903,31.103242649538753,,,,Pasanggrahan,Ujungberung,21969,107.71127010000323,-6.9151156499996755
<NA>,5355818903,34.72177212429687,,,,Pasanggrahan,Ujungberung,21969,107.71123695000323,-6.91508674999967
<NA>,7300984397,32.66948012902991,,,,Pasanggrahan,Ujungberung,21969,107.71120378669599,-6.915057790218592
<NA>,7300984397,27.986827070056403,,,,Pasanggrahan,Ujungberung,21969,107.71117061329873,-6.91502885980582
<NA>,7300984397,23.383118566026273,,,,Pasanggrahan,Ujungberung,21969,107.71113745000324,-6.914999949999663
<NA>,7300984397,18.908293649755606,,,,Pasanggrahan,Ujungberung,21969,107.71110429358492,-6.914971003494601
<NA>,7300984397,14.68989356671243,,,,Pasanggrahan,Ujungberung,21969,107.71107110642153,-6.914942096504735
<NA>,7300984397,11.016034360971002,,,,Pasanggrahan,Ujungberung,21969,107.7110379867077,-6.914913140193528
<NA>,6608982092,126.04810213923001,,,,Cisaranten Kidul,Gedebage,22102,107.69382561674328,-6.958088316491403
<NA>,6608982092,118.53569180465752,,,,Cisaranten Kidul,Gedebage,22102,107.69390838325374,-6.958073483508352
<NA>,6608982092,111.29340947847176,,,,Cisaranten Kidul,Gedebage,22102,107.6939911499985,-6.958058649999892
<NA>,6608982092,104.37749856169422,,,,Cisaranten Kidul,Gedebage,22102,107.69407391674329,-6.958043816491396
<NA>,6608982092,97.8571667054201,,,,Cisaranten Kidul,Gedebage,22102,107.69415668325372,-6.958028983508362
<NA>,6608982092,91.81675596910222,,,,Cisaranten Kidul,Gedebage,22102,107.69423944999852,-6.958014149999883
<NA>,6608982092,86.35701986704854,,,,Cisaranten Kidul,Gedebage,22102,107.69432221674329,-6.95799931649142
<NA>,7216077733,102.55774001386492,,,,Cisaranten Kidul,Gedebage,22102,107.69393833362315,-6.958658482771528
<NA>,6608982092,91.90201508464189,,,,Cisaranten Kidul,Gedebage,22102,107.69403406637453,-6.958642517228795
<NA>,6608982092,81.19632093954363,,,,Cisaranten Kidul,Gedebage,22102,107.69412982784137,-6.958626560604382
<NA>,6608982092,70.50112408546852,,,,Cisaranten Kidul,Gedebage,22102,107.69422557215631,-6.958610539395938
<NA>,6608965052,104.89403435385172,,,,Cisaranten Kidul,Gedebage,22102,107.69380549999933,-6.9586840500005325
<NA>,6608965052,93.89470860364892,,,,Cisaranten Kidul,Gedebage,22102,107.6937071779342,-6.958701409632114
<NA>,6608965052,82.9029796551176,,,,Cisaranten Kidul,Gedebage,22102,107.69360882207069,-6.958718740364867
<NA>,6608982092,61.623702665297095,,,,Cisaranten Kidul,Gedebage,22102,107.69431714999787,-6.95844414999947
<NA>,6608982092,70.3547553445016,,,,Cisaranten Kidul,Gedebage,22102,107.69423404536592,-6.958458028057853
<NA>,6608982092,79.2130779115332,,,,Cisaranten Kidul,Gedebage,22102,107.69415099999786,-6.958471899999456
<NA>,6608982092,88.16468665319451,,,,Cisaranten Kidul,Gedebage,22102,107.69406795462983,-6.958485771941055
<NA>,6608982092,97.18477917262771,,,,Cisaranten Kidul,Gedebage,22102,107.69398489999786,-6.958499649999455
<NA>,6608965052,106.17366283335848,,,,Cisaranten Kidul,Gedebage,22102,107.69379004999793,-6.958529549999607
<NA>,6608965052,97.3119706727387,,,,Cisaranten Kidul,Gedebage,22102,107.69371104999793,-6.95854424999962
<NA>,6608965052,88.45518775862544,,,,Cisaranten Kidul,Gedebage,22102,107.69363204999794,-6.958558949999621
<NA>,6608965052,79.60232618702419,,,,Cisaranten Kidul,Gedebage,22102,107.69355302161252,-6.95857363715669
<NA>,6608965052,58.55672770707137,,,,Cisaranten Kidul,Gedebage,22102,107.69336519999806,-6.958609999999693
<NA>,6608965052,49.165164282923016,,,,Cisaranten Kidul,Gedebage,22102,107.69328069999806,-6.958625099999681
<NA>,6608965052,48.16263128096448,,,,Cisaranten Kidul,Gedebage,22102,107.69329652186445,-6.958775490304168
<NA>,6608965046,47.13711302600753,,,,Cisaranten Kidul,Gedebage,22102,107.69307304999813,-6.9583709499996695
<NA>,6608965046,55.270789820954,,,,Cisaranten Kidul,Gedebage,22102,107.69315354526691,-6.958356628203305
<NA>,6608965052,62.924802840908825,,,,Cisaranten Kidul,Gedebage,22102,107.69323399999813,-6.95834229999966
<NA>,6608965052,113.00890804190442,,,,Cisaranten Kidul,Gedebage,22102,107.69374115483366,-6.958252771561091
<NA>,6608965052,104.36457348529927,,,,Cisaranten Kidul,Gedebage,22102,107.69365934999824,-6.958268749999862
<NA>,6608965052,95.8243927369993,,,,Cisaranten Kidul,Gedebage,22102,107.69357752358961,-6.958284740342578
<NA>,6608965052,87.4246922484107,,,,Cisaranten Kidul,Gedebage,22102,107.69349569999824,-6.958300699999849
<NA>,6608982092,73.68733913705404,,,,Cisaranten Kidul,Gedebage,22102,107.6943453499981,-6.9581425499997325
<NA>,6608982092,79.98918195492274,,,,Cisaranten Kidul,Gedebage,22102,107.69426297829135,-6.9581577622941095
<NA>,6608982092,86.82410802004772,,,,Cisaranten Kidul,Gedebage,22102,107.69418062170486,-6.958172937705341
<NA>,6608982092,94.0746857372077,,,,Cisaranten Kidul,Gedebage,22102,107.69409824999812,-6.958188149999721
<NA>,6608982092,101.65471185913057,,,,Cisaranten Kidul,Gedebage,22102,107.69401585476706,-6.958203371700039
<NA>,6608982092,109.49514404587954,,,,Cisaranten Kidul,Gedebage,22102,107.6939334499981,-6.958218599999741
<NA>,6608965046,88.47581116046729,,,,Cisaranten Kidul,Gedebage,22102,107.69339054999817,-6.958171599999744
<NA>,6608965052,95.86923867522346,,,,Cisaranten Kidul,Gedebage,22102,107.69347129523923,-6.9581564283466975
<NA>,6608965052,103.47611300701557,,,,Cisaranten Kidul,Gedebage,22102,107.69355205474989,-6.958141271650047
<NA>,6608965052,111.30076809576401,,,,Cisaranten Kidul,Gedebage,22102,107.69363274999819,-6.958126099999752
<NA>,6608965046,50.66812476096903,,,,Cisaranten Kidul,Gedebage,22102,107.69298109999909,-6.9582465000004285
<NA>,6608965046,58.70522755188438,,,,Cisaranten Kidul,Gedebage,22102,107.69307932189488,-6.9582281900866825
<NA>,6608965046,67.5997772616169,,,,Cisaranten Kidul,Gedebage,22102,107.69317757207197,-6.958209888015339
<NA>,6608965046,96.3782902034515,,,,Cisaranten Kidul,Gedebage,22102,107.69322239416613,-6.9579105778548405
<NA>,6608965046,89.00355982827244,,,,Cisaranten Kidul,Gedebage,22102,107.69312149999877,-6.957927550000241
<NA>,6608965046,82.52262250306914,,,,Cisaranten Kidul,Gedebage,22102,107.69302057213875,-6.9579445394945685
<NA>,6608965046,136.121693492398,,,,Cisaranten Kidul,Gedebage,22102,107.69366777390513,-6.957828241307188
<NA>,6608965046,128.30117903768357,,,,Cisaranten Kidul,Gedebage,22102,107.69358622609037,-6.957843358691934
<NA>,6608965046,120.66423380691218,,,,Cisaranten Kidul,Gedebage,22102,107.69350467839385,-6.95785856290631
<NA>,6608965046,113.25839992208279,,,,Cisaranten Kidul,Gedebage,22102,107.69342314999776,-6.9578737499995595
<NA>,6608982092,118.02256207976335,,,,Cisaranten Kidul,Gedebage,22102,107.69418589537976,-6.957738128243344
<NA>,6608982092,122.77299290474834,,,,Cisaranten Kidul,Gedebage,22102,107.69410387823258,-6.957752762759359
<NA>,6608982092,128.01506029067278,,,,Cisaranten Kidul,Gedebage,22102,107.69402182175779,-6.957767387244711
<NA>,6608982092,133.68208882362094,,,,Cisaranten Kidul,Gedebage,22102,107.6939397999979,-6.95778204999959
<NA>,6608982092,139.72784165946703,,,,Cisaranten Kidul,Gedebage,22102,107.69385780461606,-6.957796671755822
<NA>,6608982092,106.11808887310038,,,,Cisaranten Kidul,Gedebage,22102,107.69446007399016,-6.957692791825156
<NA>,6608982092,108.8200122363995,,,,Cisaranten Kidul,Gedebage,22102,107.69437780432868,-6.95770742168685
<NA>,6608982089,102.77032565404767,,,,Cisaranten Kidul,Gedebage,22102,107.69448027775618,-6.9575358105206835
<NA>,6608982089,112.38961038490329,,,,Cisaranten Kidul,Gedebage,22102,107.6943811558781,-6.957551872248481
<NA>,6608965046,156.5307259826813,,,,Cisaranten Kidul,Gedebage,22102,107.693764399999,-6.95766035000036
<NA>,6608982092,150.3212443081736,,,,Cisaranten Kidul,Gedebage,22102,107.69386202201986,-6.95764303982666
<NA>,6608982092,143.94306976180673,,,,Cisaranten Kidul,Gedebage,22102,107.69395967797811,-6.957625760174034
<NA>,6608982092,138.14727646302669,,,,Cisaranten Kidul,Gedebage,22102,107.69405729999897,-6.957608450000345
<NA>,6608965046,143.88681484766613,,,,Cisaranten Kidul,Gedebage,22102,107.69362709404052,-6.957685127848976
<NA>,6608965046,135.41636038309355,,,,Cisaranten Kidul,Gedebage,22102,107.6935303059575,-6.957701472151575
<NA>,6608965046,127.30576498687985,,,,Cisaranten Kidul,Gedebage,22102,107.69343349404052,-6.9577178278489855
<NA>,6608965046,109.45828963628652,,,,Cisaranten Kidul,Gedebage,22102,107.69319630668362,-6.9577579721371166
<NA>,6608965046,102.82572630340027,,,,Cisaranten Kidul,Gedebage,22102,107.69309302212791,-6.957775940840353
<NA>,6608965046,97.12666537309713,,,,Cisaranten Kidul,Gedebage,22102,107.69298977118913,-6.957793937035259
<NA>,6608965073,101.0278792387614,,,,Cisaranten Kidul,Gedebage,22102,107.69315269999869,-6.957417500000368
<NA>,6608965073,92.42276293822113,,,,Cisaranten Kidul,Gedebage,22102,107.69305409999868,-6.957436800000351
<NA>,6608965073,84.40815730018412,,,,Cisaranten Kidul,Gedebage,22102,107.69295552828824,-6.957456110323488
<NA>,6608965073,141.93019401276268,,,,Cisaranten Kidul,Gedebage,22102,107.69357374999863,-6.957341500000279
<NA>,6608965073,131.80941150352646,,,,Cisaranten Kidul,Gedebage,22102,107.69347349999865,-6.957359800000267
<NA>,6608965073,121.89035386618175,,,,Cisaranten Kidul,Gedebage,22102,107.69337324999864,-6.957378100000277
<NA>,6608982087,115.3957929869169,,,,Cisaranten Kidul,Gedebage,22102,107.69410079999855,-6.957254400000193
<NA>,6608982087,125.43902216547316,,,,Cisaranten Kidul,Gedebage,22102,107.69400049999857,-6.957272500000211
<NA>,6608982087,135.6798250475183,,,,Cisaranten Kidul,Gedebage,22102,107.69390014999856,-6.957290600000221
<NA>,6608982087,146.07323452036474,,,,Cisaranten Kidul,Gedebage,22102,107.69379979999856,-6.957308700000213
<NA>,6608982087,75.7204083085709,,,,Cisaranten Kidul,Gedebage,22102,107.69454257175265,-6.957178036991353
<NA>,6608982087,82.35903290956702,,,,Cisaranten Kidul,Gedebage,22102,107.6944599545225,-6.957192671745399
<NA>,6608982087,89.46972805787394,,,,Cisaranten Kidul,Gedebage,22102,107.69437734547299,-6.957207328253599
<NA>,6608982087,96.94777735014634,,,,Cisaranten Kidul,Gedebage,22102,107.69429473277593,-6.957221984752038
<NA>,6608982087,96.33731702166064,,,,Cisaranten Kidul,Gedebage,22102,107.694186799998,-6.9570792499994765
<NA>,6608982087,88.12073876168088,,,,Cisaranten Kidul,Gedebage,22102,107.69426750463069,-6.957065921971626
<NA>,6608982087,80.07992369080026,,,,Cisaranten Kidul,Gedebage,22102,107.69434824999799,-6.957052599999462
<NA>,6608982087,72.27934310237855,,,,Cisaranten Kidul,Gedebage,22102,107.694428999998,-6.957039299999459
<NA>,6608982087,108.10330239532416,,,,Cisaranten Kidul,Gedebage,22102,107.69407499999801,-6.957100649999705
<NA>,6608982087,116.80221126105981,,,,Cisaranten Kidul,Gedebage,22102,107.6939932046698,-6.95711597163729
<NA>,6608982087,125.57421711471723,,,,Cisaranten Kidul,Gedebage,22102,107.69391139999802,-6.957131299999703
<NA>,6608982087,134.40212811597846,,,,Cisaranten Kidul,Gedebage,22102,107.69382959999801,-6.95714659999971
<NA>,6608982087,143.27721651047148,,,,Cisaranten Kidul,Gedebage,22102,107.69374779999801,-6.957161899999706
<NA>,6608965073,136.80196747058548,,,,Cisaranten Kidul,Gedebage,22102,107.69355665436572,-6.957193321478154
<NA>,6608965073,128.44639369281973,,,,Cisaranten Kidul,Gedebage,22102,107.69347779563678,-6.957208478524141
<NA>,6608965073,120.16782540217852,,,,Cisaranten Kidul,Gedebage,22102,107.69339894999774,-6.95722364999959
<NA>,6608965073,111.97614480381849,,,,Cisaranten Kidul,Gedebage,22102,107.69332004999774,-6.957238849999567
<NA>,6608965073,92.39152734764427,,,,Cisaranten Kidul,Gedebage,22102,107.69312714999869,-6.957273150000286
<NA>,6608965073,82.9199618626808,,,,Cisaranten Kidul,Gedebage,22102,107.69302957816808,-6.957291460476949
<NA>,6608965073,73.86673668768483,,,,Cisaranten Kidul,Gedebage,22102,107.69293202182931,-6.9573097395235814
<NA>,6608982087,70.16321681654688,,,,Cisaranten Kidul,Gedebage,22102,107.69430497765009,-6.956769961644466
<NA>,6608982087,80.15157489002931,,,,Cisaranten Kidul,Gedebage,22102,107.69421602234804,-6.9567868383561695
<NA>,6608982087,101.6808267808459,,,,Cisaranten Kidul,Gedebage,22102,107.69402355555086,-6.956819571766284
<NA>,6608982087,110.9827139331207,,,,Cisaranten Kidul,Gedebage,22102,107.69394084444707,-6.956835328234053
<NA>,6608982087,120.28331408346956,,,,Cisaranten Kidul,Gedebage,22102,107.69385815555086,-6.956851071766274
<NA>,6608982087,129.58775285709265,,,,Cisaranten Kidul,Gedebage,22102,107.69377544444706,-6.95686682823406
<NA>,6608982087,138.89037552686924,,,,Cisaranten Kidul,Gedebage,22102,107.69369275555086,-6.956882571766285
<NA>,6608965073,130.48883740653577,,,,Cisaranten Kidul,Gedebage,22102,107.69350829999871,-6.9569171999999915
<NA>,6608965073,121.42569415550697,,,,Cisaranten Kidul,Gedebage,22102,107.6934272947784,-6.956932378239757
<NA>,6608965073,112.37274382799535,,,,Cisaranten Kidul,Gedebage,22102,107.69334630521897,-6.956947521760241
<NA>,6608965073,103.32566083050484,,,,Cisaranten Kidul,Gedebage,22102,107.69326527823598,-6.956962711278532
<NA>,6608965073,74.67652687847541,,,,Cisaranten Kidul,Gedebage,22102,107.69300768348762,-6.9570104329836395
<NA>,6608965073,65.75591327771713,,,,Cisaranten Kidul,Gedebage,22102,107.6929269448193,-6.9570258783047025
<NA>,6608965073,56.890607082013894,,,,Cisaranten Kidul,Gedebage,22102,107.69284622169407,-6.957041288700403
<NA>,6608982087,90.14274291516736,,,,Cisaranten Kidul,Gedebage,22102,107.69412707765011,-6.956803661644482
<NA>,6608965073,141.87961705778721,,,,Cisaranten Kidul,Gedebage,22102,107.69361004444706,-6.956898328234087
<NA>,6608965073,94.29181075416851,,,,Cisaranten Kidul,Gedebage,22102,107.6931842499987,-6.956977900000024
<NA>,6608965073,47.867286624870225,,,,Cisaranten Kidul,Gedebage,22102,107.69276322169408,-6.957057588700412
<NA>,6608965073,65.40539633694917,,,,Cisaranten Kidul,Gedebage,22102,107.69283444999868,-6.957328050000279
<NA>,6608965073,103.90359929370516,,,,Cisaranten Kidul,Gedebage,22102,107.6932412043587,-6.957254021475008
<NA>,6608965073,148.55065690396515,,,,Cisaranten Kidul,Gedebage,22102,107.69366597835192,-6.957177212435276
<NA>,6608982087,64.80692459181493,,,,Cisaranten Kidul,Gedebage,22102,107.6945096953653,-6.957025978027311
<NA>,6608982087,104.71538173465699,,,,Cisaranten Kidul,Gedebage,22102,107.69421209546888,-6.957236628244223
<NA>,6608965073,155.05132782019678,,,,Cisaranten Kidul,Gedebage,22102,107.69369950563413,-6.957326821928244
<NA>,6608965073,112.22652135664654,,,,Cisaranten Kidul,Gedebage,22102,107.69327299999865,-6.957396400000259
<NA>,6608965073,77.16293274268402,,,,Cisaranten Kidul,Gedebage,22102,107.69285697170913,-6.957475389677219
<NA>,6608982089,122.26139441476657,,,,Cisaranten Kidul,Gedebage,22102,107.6942820163632,-6.957567917236884
<NA>,6608982092,133.00431096876306,,,,Cisaranten Kidul,Gedebage,22102,107.69415492201988,-6.95759113982664
<NA>,6608965046,119.63632897897925,,,,Cisaranten Kidul,Gedebage,22102,107.6933367280986,-6.957734161849431
<NA>,6608965046,92.53955980579605,,,,Cisaranten Kidul,Gedebage,22102,107.69288652212886,-6.95781189083211
<NA>,6608982092,112.2168019510211,,,,Cisaranten Kidul,Gedebage,22102,107.69429554567273,-6.9577220783147355
<NA>,6608982092,146.10804055547825,,,,Cisaranten Kidul,Gedebage,22102,107.69377574537292,-6.957811328240629
<NA>,6608965046,106.13016877480833,,,,Cisaranten Kidul,Gedebage,22102,107.69334161711889,-6.957888915478189
<NA>,6608965046,77.1649062211128,,,,Cisaranten Kidul,Gedebage,22102,107.69291963369055,-6.9579615326459825
<NA>,6608982092,117.54338574964966,,,,Cisaranten Kidul,Gedebage,22102,107.69385104522915,-6.958233828299425
<NA>,6608965052,79.20744178267566,,,,Cisaranten Kidul,Gedebage,22102,107.69341387640688,-6.958316659657166
<NA>,6608965052,119.3101430706518,,,,Cisaranten Kidul,Gedebage,22102,107.69371349999818,-6.958110899999753
<NA>,6608965046,77.05544849703041,,,,Cisaranten Kidul,Gedebage,22102,107.69327579999907,-6.95819155000045
<NA>,6608965052,70.181766658853,,,,Cisaranten Kidul,Gedebage,22102,107.69331444999814,-6.958327999999676
<NA>,6608982092,106.25522326413851,,,,Cisaranten Kidul,Gedebage,22102,107.69390184536589,-6.95851352805787
<NA>,6608965052,70.75842415429838,,,,Cisaranten Kidul,Gedebage,22102,107.69347399999793,-6.958588349999603
<NA>,6608965052,39.821457495431034,,,,Cisaranten Kidul,Gedebage,22102,107.69319619999806,-6.9586401999996825
<NA>,6608982092,59.81870919473092,,,,Cisaranten Kidul,Gedebage,22102,107.69432133362315,-6.958594582771531
<NA>,6608965052,71.93088211831227,,,,Cisaranten Kidul,Gedebage,22102,107.69351049999933,-6.958736100000521
<NA>,6608965052,58.712196227731646,,,,Cisaranten Kidul,Gedebage,22102,107.69339174999925,-6.958757550000494
<NA>,7216077733,65.98149939090062,,,,Cisaranten Kidul,Gedebage,22102,107.69433525,-6.959044400001035
<NA>,7216077733,77.5251548460107,,,,Cisaranten Kidul,Gedebage,22102,107.69422809284879,-6.959063977979315
<NA>,7216077733,89.19810106030934,,,,Cisaranten Kidul,Gedebage,22102,107.69412095715866,-6.95908352202418
<NA>,7216077733,99.80958719466393,,,,Cisaranten Kidul,Gedebage,22102,107.69397767643494,-6.958950358684539
<NA>,7216077733,90.19542403581444,,,,Cisaranten Kidul,Gedebage,22102,107.69406352809138,-6.958936013225299
<NA>,7216077733,80.58551021131878,,,,Cisaranten Kidul,Gedebage,22102,107.69414934999755,-6.95892159999932
<NA>,7216077733,70.98046330758656,,,,Cisaranten Kidul,Gedebage,22102,107.69423516737714,-6.958907214867577
<NA>,6608965054,81.11426235860137,,,,Cisaranten Kidul,Gedebage,22102,107.69355276655894,-6.959028016891204
<NA>,6608965054,91.53366886193619,,,,Cisaranten Kidul,Gedebage,22102,107.69365403343738,-6.959010083108796
<NA>,6608965052,101.85353843776466,,,,Cisaranten Kidul,Gedebage,22102,107.69375527193189,-6.958992088824944
<NA>,7216077733,115.50985201586668,,,,Cisaranten Kidul,Gedebage,22102,107.6938815999998,-6.959126100000768
<NA>,6608965054,108.84549595971272,,,,Cisaranten Kidul,Gedebage,22102,107.69377999999982,-6.959143050000762
<NA>,6608965054,98.89534496228731,,,,Cisaranten Kidul,Gedebage,22102,107.69367839999981,-6.959160000000754
<NA>,6608965054,78.18166729914424,,,,Cisaranten Kidul,Gedebage,22102,107.6934494779423,-6.959202508826981
<NA>,6608965054,68.07840843781568,,,,Cisaranten Kidul,Gedebage,22102,107.69342307803774,-6.959047362051033
<NA>,7216077733,100.96424992206859,,,,Cisaranten Kidul,Gedebage,22102,107.6940137779778,-6.959103108462404
<NA>,7216077733,61.37718740832018,,,,Cisaranten Kidul,Gedebage,22102,107.69432103261796,-6.958892885131128
<NA>,6608965052,112.34323108835731,,,,Cisaranten Kidul,Gedebage,22102,107.69385652268703,-6.958974139236914
<NA>,6608965054,89.29247800489243,,,,Cisaranten Kidul,Gedebage,22102,107.69357679999982,-6.959177000000799
<NA>,6608965054,69.84698652298557,,,,Cisaranten Kidul,Gedebage,22102,107.6933455499998,-6.959221150000851
<NA>,6608965054,58.38575147083823,,,,Cisaranten Kidul,Gedebage,22102,107.69332072195724,-6.959064837948208
<NA>,7216077733,92.97462953662091,,,,Cisaranten Kidul,Gedebage,22102,107.69442499473212,-6.959479678071732
<NA>,7216077733,99.47962216269521,,,,Cisaranten Kidul,Gedebage,22102,107.69434049999859,-6.959494599999935
<NA>,7216077733,106.43290039457105,,,,Cisaranten Kidul,Gedebage,22102,107.69425603333194,-6.959509533333289
<NA>,7216077733,113.75258067983589,,,,Cisaranten Kidul,Gedebage,22102,107.69417154999863,-6.959524449999948
<NA>,7216077733,81.19770611187037,,,,Cisaranten Kidul,Gedebage,22102,107.69439909510817,-6.9593318781940505
<NA>,7216077733,88.589347442027,,,,Cisaranten Kidul,Gedebage,22102,107.69431459999817,-6.959347049999756
<NA>,7216077733,96.34999915232187,,,,Cisaranten Kidul,Gedebage,22102,107.69423010488818,-6.95936222180547
<NA>,7216077733,104.39867997205084,,,,Cisaranten Kidul,Gedebage,22102,107.69414559999817,-6.959377399999737
<NA>,7216077733,121.37013684301874,,,,Cisaranten Kidul,Gedebage,22102,107.69408707193284,-6.959539338600857
<NA>,7216077733,124.99810161561238,,,,Cisaranten Kidul,Gedebage,22102,107.6939378438858,-6.959413878069182
<NA>,6608965054,128.0498158199963,,,,Cisaranten Kidul,Gedebage,22102,107.69383734999911,-6.95943240000051
<NA>,6608965054,119.8107402154414,,,,Cisaranten Kidul,Gedebage,22102,107.69373684999911,-6.959450900000494
<NA>,6608965054,102.52465307009003,,,,Cisaranten Kidul,Gedebage,22102,107.6934996219171,-6.959492341009517
<NA>,6608965054,96.38842262073493,,,,Cisaranten Kidul,Gedebage,22102,107.6933949999996,-6.959512050000807
<NA>,6608965054,91.3643728752577,,,,Cisaranten Kidul,Gedebage,22102,107.69329039999961,-6.959531750000819
<NA>,6608965054,87.6427954735981,,,,Cisaranten Kidul,Gedebage,22102,107.69318579999963,-6.959551450000829
<NA>,7216077733,132.6888225338157,,,,Cisaranten Kidul,Gedebage,22102,107.69396529356655,-6.959559628047961
<NA>,6608965054,139.46394136731126,,,,Cisaranten Kidul,Gedebage,22102,107.69386434999944,-6.959578250000657
<NA>,6608965054,131.90936510164323,,,,Cisaranten Kidul,Gedebage,22102,107.69376340643234,-6.959596871953347
<NA>,6608965054,116.73766837596077,,,,Cisaranten Kidul,Gedebage,22102,107.69353147807182,-6.959637708810117
<NA>,6608965054,111.31833112941024,,,,Cisaranten Kidul,Gedebage,22102,107.69342659999974,-6.9596574000008795
<NA>,6608965054,106.931241982228,,,,Cisaranten Kidul,Gedebage,22102,107.69332169999974,-6.959677100000883
<NA>,6608965054,103.70849294690343,,,,Cisaranten Kidul,Gedebage,22102,107.69321682192765,-6.959696791191678
<NA>,7216077733,112.67108320726372,,,,Cisaranten Kidul,Gedebage,22102,107.69406112330053,-6.959392590313177
<NA>,6608965054,112.10652828888718,,,,Cisaranten Kidul,Gedebage,22102,107.69363634999911,-6.959469400000494
<NA>,6608965054,85.39414976064349,,,,Cisaranten Kidul,Gedebage,22102,107.6930811999996,-6.959571150000822
<NA>,6608965054,124.93571901406818,,,,Cisaranten Kidul,Gedebage,22102,107.69366249356653,-6.959615528047974
<NA>,6608965054,101.76400160737414,,,,Cisaranten Kidul,Gedebage,22102,107.69311197807183,-6.959716508810131
<NA>,6608982106,105.21846208219581,,,,Cisaranten Kidul,Gedebage,22102,107.69446212169193,-6.959766936864576
<NA>,6608982106,110.80174639719418,,,,Cisaranten Kidul,Gedebage,22102,107.69438014999768,-6.959781699999479
<NA>,5848060881,115.9328880984132,,,,Cisaranten Kidul,Gedebage,22102,107.69429817830341,-6.959796463134392
<NA>,5848060881,120.9412798974562,,,,Cisaranten Kidul,Gedebage,22102,107.69421619999768,-6.95981119999947
<NA>,5848060881,134.54619248625713,,,,Cisaranten Kidul,Gedebage,22102,107.69402470464354,-6.959843221743424
<NA>,6617181572,132.12604538413348,,,,Cisaranten Kidul,Gedebage,22102,107.69394384535946,-6.959857778258588
<NA>,6617181572,129.4281724729989,,,,Cisaranten Kidul,Gedebage,22102,107.69386300464352,-6.959872321743437
<NA>,6617181572,127.32090829026723,,,,Cisaranten Kidul,Gedebage,22102,107.69378209535247,-6.95988687825582
<NA>,6617181572,125.41249440716459,,,,Cisaranten Kidul,Gedebage,22102,107.69358829466177,-6.95991657810733
<NA>,6617181572,125.52497580017662,,,,Cisaranten Kidul,Gedebage,22102,107.69350022721694,-6.959932410678659
<NA>,6617181572,126.40897299463822,,,,Cisaranten Kidul,Gedebage,22102,107.69341217278019,-6.9599482893213445
<NA>,6617181572,128.05892239493826,,,,Cisaranten Kidul,Gedebage,22102,107.69332410533539,-6.959964121892691
<NA>,6617181572,130.4404374878996,,,,Cisaranten Kidul,Gedebage,22102,107.69323599466178,-6.959979978107325
<NA>,6608982106,92.10309459834484,,,,Cisaranten Kidul,Gedebage,22102,107.69448910462965,-6.959915221737684
<NA>,5848060881,96.90607155845312,,,,Cisaranten Kidul,Gedebage,22102,107.69440669536615,-6.95993007826152
<NA>,5848060881,102.04539691719513,,,,Cisaranten Kidul,Gedebage,22102,107.69432429999793,-6.959944899999599
<NA>,5848060881,107.73420549405199,,,,Cisaranten Kidul,Gedebage,22102,107.69424194999792,-6.959959699999585
<NA>,6617181572,120.05432407946985,,,,Cisaranten Kidul,Gedebage,22102,107.69405199999838,-6.959992899999817
<NA>,6617181572,116.35689702218933,,,,Cisaranten Kidul,Gedebage,22102,107.69397089999838,-6.960007499999803
<NA>,6617181572,113.27352469400437,,,,Cisaranten Kidul,Gedebage,22102,107.69388979999839,-6.960022099999809
<NA>,6617181572,110.85545732649437,,,,Cisaranten Kidul,Gedebage,22102,107.69380869999839,-6.960036699999796
<NA>,6617181572,108.54771459027111,,,,Cisaranten Kidul,Gedebage,22102,107.69361669460488,-6.9600664281057405
<NA>,6617181572,108.66029370182166,,,,Cisaranten Kidul,Gedebage,22102,107.69352879999865,-6.96008225000003
<NA>,6617181572,109.6682614003534,,,,Cisaranten Kidul,Gedebage,22102,107.69344089999863,-6.960098050000036
<NA>,6617181572,111.54493048798393,,,,Cisaranten Kidul,Gedebage,22102,107.69335299999864,-6.960113850000016
<NA>,6617181572,114.24508570936888,,,,Cisaranten Kidul,Gedebage,22102,107.69326510539238,-6.960129671894344
<NA>,5848060881,63.74661919039867,,,,Cisaranten Kidul,Gedebage,22102,107.69458825469727,-6.960170421758238
<NA>,5848060881,69.29409679004388,,,,Cisaranten Kidul,Gedebage,22102,107.6945064170527,-6.960185165710625
<NA>,5848060881,75.55553496613244,,,,Cisaranten Kidul,Gedebage,22102,107.69442459999802,-6.960199899999637
<NA>,5848060881,82.36915179786219,,,,Cisaranten Kidul,Gedebage,22102,107.69434279999803,-6.960214599999647
<NA>,5848060881,89.60833174181734,,,,Cisaranten Kidul,Gedebage,22102,107.69426099999802,-6.9602292999996465
<NA>,5848060881,97.17660446550562,,,,Cisaranten Kidul,Gedebage,22102,107.694179204693,-6.960244021748834
<NA>,6617181572,93.9674435477289,,,,Cisaranten Kidul,Gedebage,22102,107.69409737354222,-6.960258790778181
<NA>,6617181572,89.18659675135989,,,,Cisaranten Kidul,Gedebage,22102,107.69401554999803,-6.960273499999643
<NA>,6617181572,85.13475577435064,,,,Cisaranten Kidul,Gedebage,22102,107.69393374999804,-6.960288199999649
<NA>,6617181572,81.91557453357916,,,,Cisaranten Kidul,Gedebage,22102,107.69385195469725,-6.9603029217582195
<NA>,6617181572,79.62860196478549,,,,Cisaranten Kidul,Gedebage,22102,107.69377014529883,-6.960317678241046
<NA>,6617181572,78.3636296388366,,,,Cisaranten Kidul,Gedebage,22102,107.69368834999803,-6.960332399999655
<NA>,6617181572,78.16854913175085,,,,Cisaranten Kidul,Gedebage,22102,107.69360654999804,-6.9603470999996375
<NA>,6617181572,79.04886512283217,,,,Cisaranten Kidul,Gedebage,22102,107.69352474999803,-6.960361799999647
<NA>,6617181572,80.96970694274516,,,,Cisaranten Kidul,Gedebage,22102,107.69344292645386,-6.9603765092211125
<NA>,6617181572,83.85481246202961,,,,Cisaranten Kidul,Gedebage,22102,107.69336109530306,-6.960391278250506
<NA>,5848060881,126.42321914224998,,,,Cisaranten Kidul,Gedebage,22102,107.69413422169193,-6.95982593686457
<NA>,6617181572,125.83772743676066,,,,Cisaranten Kidul,Gedebage,22102,107.69370125463654,-6.959901421740676
<NA>,6608965054,132.59739696723622,,,,Cisaranten Kidul,Gedebage,22102,107.69314790533537,-6.95999582189267
<NA>,5848060881,113.889658888177,,,,Cisaranten Kidul,Gedebage,22102,107.69415960462966,-6.959974521737666
<NA>,6617181572,109.14692163927407,,,,Cisaranten Kidul,Gedebage,22102,107.69372759999838,-6.9600512999998
<NA>,6617181572,117.71218051912008,,,,Cisaranten Kidul,Gedebage,22102,107.6931771946049,-6.960145528105728
<NA>,6617181572,87.61614504834148,,,,Cisaranten Kidul,Gedebage,22102,107.69327929999803,-6.960405999999649
<NA>,10968637163,81.40613294026424,,,,Cisaranten Kidul,Gedebage,22102,107.69156509999812,-6.95747339999971
<NA>,10968637163,74.6573376367839,,,,Cisaranten Kidul,Gedebage,22102,107.69163244589247,-6.957459278859481
<NA>,10968637163,68.09301609666058,,,,Cisaranten Kidul,Gedebage,22102,107.69169974999811,-6.9574451499997005
<NA>,10968637163,61.77057102707262,,,,Cisaranten Kidul,Gedebage,22102,107.6917670499981,-6.957431049999705
<NA>,10968637163,48.92560295578849,,,,Cisaranten Kidul,Gedebage,22102,107.69192917878782,-6.957405763891783
<NA>,10968637163,44.50833936041128,,,,Cisaranten Kidul,Gedebage,22102,107.69199422120828,-6.957392636107404
<NA>,10968637163,40.944042844778444,,,,Cisaranten Kidul,Gedebage,22102,107.69205927878781,-6.957379563891799
<NA>,10968637163,38.46036268591961,,,,Cisaranten Kidul,Gedebage,22102,107.69212429999804,-6.957366449999572
<NA>,7561564769,34.36758334898613,,,,Cisaranten Kidul,Gedebage,22102,107.69218932120829,-6.957353336107397
<NA>,7561564769,45.26099465169008,,,,Cisaranten Kidul,Gedebage,22102,107.69231882634395,-6.957467459183725
<NA>,7561564769,46.866622184470486,,,,Cisaranten Kidul,Gedebage,22102,107.69224684999845,-6.9574807999997565
<NA>,7561564769,49.75086329317708,,,,Cisaranten Kidul,Gedebage,22102,107.69217487832411,-6.957494112484377
<NA>,7561564769,53.70845612414668,,,,Cisaranten Kidul,Gedebage,22102,107.69210289999846,-6.957507399999758
<NA>,10968637163,56.866974355336666,,,,Cisaranten Kidul,Gedebage,22102,107.69203092167281,-6.9575206875151165
<NA>,10968637163,67.05382956205224,,,,Cisaranten Kidul,Gedebage,22102,107.69185769999862,-6.957553399999878
<NA>,10968637163,72.41838405543295,,,,Cisaranten Kidul,Gedebage,22102,107.69178609999864,-6.95756724999988
<NA>,10968637163,78.25022908690521,,,,Cisaranten Kidul,Gedebage,22102,107.69171447840982,-6.957581111996985
<NA>,10968637163,84.4465610983339,,,,Cisaranten Kidul,Gedebage,22102,107.6916428548171,-6.957594921588768
<NA>,10968637163,105.67476220644578,,,,Cisaranten Kidul,Gedebage,22102,107.69191897168696,-6.957947436853111
<NA>,10968637163,108.86277974748879,,,,Cisaranten Kidul,Gedebage,22102,107.69185344999849,-6.957959249999671
<NA>,10968637163,112.44110004034906,,,,Cisaranten Kidul,Gedebage,22102,107.69178792385962,-6.957971041463651
<NA>,10968637163,116.37229764595905,,,,Cisaranten Kidul,Gedebage,22102,107.6917223999985,-6.957982799999676
<NA>,10968637163,120.62810657373265,,,,Cisaranten Kidul,Gedebage,22102,107.69165687168768,-6.957994586840257
<NA>,10968637163,125.17481542914322,,,,Cisaranten Kidul,Gedebage,22102,107.6915913499985,-6.9580063999996735
<NA>,10968637163,91.6629881216044,,,,Cisaranten Kidul,Gedebage,22102,107.69190374999793,-6.957812099999241
<NA>,10968637163,94.92237350577014,,,,Cisaranten Kidul,Gedebage,22102,107.69184235374846,-6.957822371645119
<NA>,10968637163,98.55674314752132,,,,Cisaranten Kidul,Gedebage,22102,107.69178089623968,-6.957832628349186
<NA>,10968637163,102.52678278837544,,,,Cisaranten Kidul,Gedebage,22102,107.69171944999792,-6.957842899999253
<NA>,10968637163,106.79421268118391,,,,Cisaranten Kidul,Gedebage,22102,107.69165804999795,-6.957853199999234
<NA>,10968637163,111.32429881739435,,,,Cisaranten Kidul,Gedebage,22102,107.69159660375621,-6.957863471649271
<NA>,10968637163,86.91200297038384,,,,Cisaranten Kidul,Gedebage,22102,107.69200559999818,-6.957792499999527
<NA>,7561564769,83.27111110318714,,,,Cisaranten Kidul,Gedebage,22102,107.6920737716488,-6.957780286341345
<NA>,7561564769,80.10718698649141,,,,Cisaranten Kidul,Gedebage,22102,107.69214192408657,-6.957768092001236
<NA>,7561564769,77.56690133940066,,,,Cisaranten Kidul,Gedebage,22102,107.69221009999818,-6.957755849999557
<NA>,7561564769,75.72403117383914,,,,Cisaranten Kidul,Gedebage,22102,107.69227829999818,-6.957743649999545
<NA>,7561564769,90.36148631209632,,,,Cisaranten Kidul,Gedebage,22102,107.69236817620988,-6.957872258449426
<NA>,7561564769,91.28044475928655,,,,Cisaranten Kidul,Gedebage,22102,107.69229932822198,-6.9578842633205715
<NA>,7561564769,92.8324497333725,,,,Cisaranten Kidul,Gedebage,22102,107.69223047177469,-6.957896236678594
<NA>,7561564769,94.99366388894867,,,,Cisaranten Kidul,Gedebage,22102,107.69216164999834,-6.957908249999557
<NA>,7561564769,97.71726560886248,,,,Cisaranten Kidul,Gedebage,22102,107.6920928237868,-6.957920241549733
<NA>,6608965044,91.40165663940267,,,,Cisaranten Kidul,Gedebage,22102,107.6919732499982,-6.958202299999551
<NA>,6608965040,96.17428603056051,,,,Cisaranten Kidul,Gedebage,22102,107.69190994596669,-6.958214278577924
<NA>,6608965040,100.90399327555382,,,,Cisaranten Kidul,Gedebage,22102,107.6918466540297,-6.958226221421195
<NA>,6608965040,105.89967181648802,,,,Cisaranten Kidul,Gedebage,22102,107.69178337140832,-6.9582381859507265
<NA>,6608965040,111.12518643684696,,,,Cisaranten Kidul,Gedebage,22102,107.69172009597222,-6.958250178590027
<NA>,6608965040,116.55600553244872,,,,Cisaranten Kidul,Gedebage,22102,107.69165680402416,-6.958262121409064
<NA>,6608965040,122.16024054144229,,,,Cisaranten Kidul,Gedebage,22102,107.69159349999819,-6.958274099999556
<NA>,6608965040,127.91586447865859,,,,Cisaranten Kidul,Gedebage,22102,107.69153019597222,-6.958286078590027
<NA>,6608965044,82.69462777866893,,,,Cisaranten Kidul,Gedebage,22102,107.692080205561,-6.958186571788215
<NA>,6608965044,76.99490277420102,,,,Cisaranten Kidul,Gedebage,22102,107.69216039999905,-6.9581714000001496
<NA>,6608965044,71.97882555001628,,,,Cisaranten Kidul,Gedebage,22102,107.69224059443708,-6.9581562282120775
<NA>,6608965044,67.79818350245668,,,,Cisaranten Kidul,Gedebage,22102,107.69232079999904,-6.9581410500001555
<NA>,6608965044,50.63786480609885,,,,Cisaranten Kidul,Gedebage,22102,107.69241859505331,-6.9582620781480795
<NA>,6608965044,54.81407396134191,,,,Cisaranten Kidul,Gedebage,22102,107.69233919999844,-6.958276199999787
<NA>,6608965044,60.03549014339303,,,,Cisaranten Kidul,Gedebage,22102,107.69225979999844,-6.958290299999782
<NA>,6608965044,66.05293982551731,,,,Cisaranten Kidul,Gedebage,22102,107.69218039999843,-6.958304399999788
<NA>,6608965040,80.16754768184084,,,,Cisaranten Kidul,Gedebage,22102,107.69199904564927,-6.958335428497535
<NA>,6608965040,85.59570137295462,,,,Cisaranten Kidul,Gedebage,22102,107.69193064999828,-6.958348449999663
<NA>,6608965040,91.35240515995947,,,,Cisaranten Kidul,Gedebage,22102,107.69186224999828,-6.958361449999681
<NA>,6608965040,97.37644411874322,,,,Cisaranten Kidul,Gedebage,22102,107.6917938543473,-6.95837447150178
<NA>,6608965040,103.62316463266411,,,,Cisaranten Kidul,Gedebage,22102,107.69172544999829,-6.958387499999648
<NA>,6608965040,110.0532979977858,,,,Cisaranten Kidul,Gedebage,22102,107.69165707149573,-6.9584004868399525
<NA>,6608965040,116.63524772103816,,,,Cisaranten Kidul,Gedebage,22102,107.69158869999828,-6.9584134999996605
<NA>,6608965040,123.34579399367723,,,,Cisaranten Kidul,Gedebage,22102,107.69152032416116,-6.958426541667656
<NA>,6608965040,58.05789684876164,,,,Cisaranten Kidul,Gedebage,22102,107.69205962160731,-6.958726787351098
<NA>,6608965040,66.14077719321406,,,,Cisaranten Kidul,Gedebage,22102,107.69198564999826,-6.958740699999717
<NA>,6608965040,74.27446672013753,,,,Cisaranten Kidul,Gedebage,22102,107.69191169999826,-6.958754599999727
<NA>,6608965040,82.44602964582883,,,,Cisaranten Kidul,Gedebage,22102,107.69183774541696,-6.95876847839095
<NA>,6608965040,90.6437558647635,,,,Cisaranten Kidul,Gedebage,22102,107.69176379999826,-6.958782349999692
<NA>,6608965040,98.86188990047157,,,,Cisaranten Kidul,Gedebage,22102,107.69168985457955,-6.958796221608482
<NA>,6608965040,109.88044516140037,,,,Cisaranten Kidul,Gedebage,22102,107.691594145344,-6.9586698782098
<NA>,6608965040,101.87980261183527,,,,Cisaranten Kidul,Gedebage,22102,107.69166830466028,-6.958656721792502
<NA>,6608965040,93.93722696550552,,,,Cisaranten Kidul,Gedebage,22102,107.69174244999833,-6.958643599999648
<NA>,6608965040,86.06637353826927,,,,Cisaranten Kidul,Gedebage,22102,107.69181659999835,-6.958630499999647
<NA>,6608965040,78.28991062258595,,,,Cisaranten Kidul,Gedebage,22102,107.69189074999834,-6.958617399999665
<NA>,6608965040,70.64238571271162,,,,Cisaranten Kidul,Gedebage,22102,107.6919648782149,-6.958604262699723
<NA>,6608965040,38.07061691888714,,,,Cisaranten Kidul,Gedebage,22102,107.69224679999893,-6.958691599999969
<NA>,6608965040,45.77864177421851,,,,Cisaranten Kidul,Gedebage,22102,107.69222501720643,-6.958557065341808
<NA>,6608965040,122.00438426114687,,,,Cisaranten Kidul,Gedebage,22102,107.69148254999847,-6.958689449999404
<NA>,6608965040,120.01899583129446,,,,Cisaranten Kidul,Gedebage,22102,107.69149972798817,-6.958826211039804
<NA>,6608965038,121.70463052370265,,,,Cisaranten Kidul,Gedebage,22102,107.6915737999994,-6.95923760000022
<NA>,6608965038,130.47800274754016,,,,Cisaranten Kidul,Gedebage,22102,107.6914937999994,-6.959250900000232
<NA>,6608965038,118.44102836323577,,,,Cisaranten Kidul,Gedebage,22102,107.6915618499986,-6.959109299999889
<NA>,6608965038,126.96229898026264,,,,Cisaranten Kidul,Gedebage,22102,107.69148587828118,-6.95912351180661
<NA>,6608965038,57.164255043181534,,,,Cisaranten Kidul,Gedebage,22102,107.69211194999862,-6.959011399999853
<NA>,6608965038,65.43637948905383,,,,Cisaranten Kidul,Gedebage,22102,107.69203724999863,-6.959024899999848
<NA>,6608965038,73.74140996885377,,,,Cisaranten Kidul,Gedebage,22102,107.69196249999864,-6.95903839999983
<NA>,6608965038,82.06575546949405,,,,Cisaranten Kidul,Gedebage,22102,107.69188774999863,-6.959051899999817
<NA>,6608965038,90.39878893331804,,,,Cisaranten Kidul,Gedebage,22102,107.69181304999864,-6.959065399999837
<NA>,6608965038,98.74222970036845,,,,Cisaranten Kidul,Gedebage,22102,107.69173834999863,-6.959078899999826
<NA>,6608965038,61.79206197431769,,,,Cisaranten Kidul,Gedebage,22102,107.69212957199179,-6.959136889310536
<NA>,6608965038,69.52726596207408,,,,Cisaranten Kidul,Gedebage,22102,107.69205522800665,-6.959150010689667
<NA>,6608965038,77.38878123435391,,,,Cisaranten Kidul,Gedebage,22102,107.69198089435422,-6.9591631280068045
<NA>,6608965038,85.34116241799498,,,,Cisaranten Kidul,Gedebage,22102,107.69190657199273,-6.95917623929917
<NA>,6608965038,93.36536145875799,,,,Cisaranten Kidul,Gedebage,22102,107.6918322336568,-6.959189382682036
<NA>,6608965038,101.44020836875019,,,,Cisaranten Kidul,Gedebage,22102,107.69175789999922,-6.959202500000102
<NA>,6608965038,37.80828400068187,,,,Cisaranten Kidul,Gedebage,22102,107.69228929999854,-6.958980699999889
<NA>,6608965038,131.61148192690604,,,,Cisaranten Kidul,Gedebage,22102,107.6916149056891,-6.9595026223628444
<NA>,6608965038,139.1199967127361,,,,Cisaranten Kidul,Gedebage,22102,107.69154079999926,-6.959513950000006
<NA>,7561816440,140.3136458183738,,,,Cisaranten Kidul,Gedebage,22102,107.69146669999927,-6.959525249999991
<NA>,6608965038,88.88757468523698,,,,Cisaranten Kidul,Gedebage,22102,107.69205209999885,-6.959420450000058
<NA>,6608965038,96.21026868973051,,,,Cisaranten Kidul,Gedebage,22102,107.69197244999884,-6.959435400000047
<NA>,6608965038,103.7883196677641,,,,Cisaranten Kidul,Gedebage,22102,107.69189277177856,-6.95945028891592
<NA>,6608965038,111.5713476390961,,,,Cisaranten Kidul,Gedebage,22102,107.6918131282191,-6.959465211084176
<NA>,6608965038,70.28419557339276,,,,Cisaranten Kidul,Gedebage,22102,107.69269260468086,-6.959456121899278
<NA>,6608965038,70.85922997085775,,,,Cisaranten Kidul,Gedebage,22102,107.69262131721497,-6.959468265321084
<NA>,6608965038,72.32376764479918,,,,Cisaranten Kidul,Gedebage,22102,107.69255004999849,-6.959480449999656
<NA>,6608965038,74.62088467884894,,,,Cisaranten Kidul,Gedebage,22102,107.69247878278198,-6.959492634678214
<NA>,6608965038,77.6729504927373,,,,Cisaranten Kidul,Gedebage,22102,107.6924074953161,-6.959504778100047
<NA>,6608965038,81.40007208652663,,,,Cisaranten Kidul,Gedebage,22102,107.69233622188828,-6.95951693721056
<NA>,6608965038,92.41070138921648,,,,Cisaranten Kidul,Gedebage,22102,107.69217168289526,-6.959548234316329
<NA>,6608965038,97.63152503138281,,,,Cisaranten Kidul,Gedebage,22102,107.69210134999882,-6.959559649999748
<NA>,6608965038,103.18684095204755,,,,Cisaranten Kidul,Gedebage,22102,107.69203104999883,-6.959571049999759
<NA>,6608965038,109.02836099825136,,,,Cisaranten Kidul,Gedebage,22102,107.69196074999883,-6.9595824499997665
<NA>,6608965038,115.11626257009026,,,,Cisaranten Kidul,Gedebage,22102,107.69189041710237,-6.9595938656832175
<NA>,6608965038,121.41067141417275,,,,Cisaranten Kidul,Gedebage,22102,107.69182009999881,-6.959605299999757
<NA>,7561816440,137.29195171090086,,,,Cisaranten Kidul,Gedebage,22102,107.69164874999882,-6.959634399999758
<NA>,7561816440,132.7925821786396,,,,Cisaranten Kidul,Gedebage,22102,107.691581427984,-6.959645612371454
<NA>,7561816440,128.58337935656027,,,,Cisaranten Kidul,Gedebage,22102,107.69151409510948,-6.959656777976687
<NA>,7561816440,124.69034085784908,,,,Cisaranten Kidul,Gedebage,22102,107.69144677201443,-6.959667937615577
<NA>,7561816440,92.02510240281022,,,,Cisaranten Kidul,Gedebage,22102,107.69135275447627,-6.959947921737751
<NA>,7561816440,96.12455972932833,,,,Cisaranten Kidul,Gedebage,22102,107.69142024552063,-6.959935978261518
<NA>,7561816440,100.63280255872759,,,,Cisaranten Kidul,Gedebage,22102,107.69148774999844,-6.959923999999644
<NA>,7561816440,105.49563380666405,,,,Cisaranten Kidul,Gedebage,22102,107.69155524999846,-6.959911999999631
<NA>,7561816440,110.66459972839742,,,,Cisaranten Kidul,Gedebage,22102,107.69162274999846,-6.9598999999996405
<NA>,7561816440,107.98588193780382,,,,Cisaranten Kidul,Gedebage,22102,107.69172764999823,-6.960015299999577
<NA>,7561816440,102.49683457433387,,,,Cisaranten Kidul,Gedebage,22102,107.69166671737584,-6.960027064491977
<NA>,7561816440,97.17905997983156,,,,Cisaranten Kidul,Gedebage,22102,107.6916057786917,-6.9600388642011
<NA>,7561816440,92.06800410713,,,,Cisaranten Kidul,Gedebage,22102,107.69154484999824,-6.960050649999569
<NA>,7561816440,87.19819689627629,,,,Cisaranten Kidul,Gedebage,22102,107.69148394999823,-6.9600624499995725
<NA>,7561816440,82.61125363121333,,,,Cisaranten Kidul,Gedebage,22102,107.69142302130477,-6.960074235798045
<NA>,6608965038,126.91768357746248,,,,Cisaranten Kidul,Gedebage,22102,107.69224529597847,-6.959920678644738
<NA>,6608965038,130.3166264962185,,,,Cisaranten Kidul,Gedebage,22102,107.69218495400956,-6.959932321350135
<NA>,6608965038,133.9764972776091,,,,Cisaranten Kidul,Gedebage,22102,107.69212459597847,-6.959943978644726
<NA>,6608965038,137.87238726610758,,,,Cisaranten Kidul,Gedebage,22102,107.69206425400954,-6.959955621350122
<NA>,7561816440,134.0968228012395,,,,Cisaranten Kidul,Gedebage,22102,107.69200389999835,-6.95996724999961
<NA>,7561816440,128.12416207315283,,,,Cisaranten Kidul,Gedebage,22102,107.69194354999837,-6.959978899999636
<NA>,7561816440,122.23764564630963,,,,Cisaranten Kidul,Gedebage,22102,107.69188319999834,-6.9599905499996195
<NA>,6608965038,114.40920911337429,,,,Cisaranten Kidul,Gedebage,22102,107.69222424999847,-6.959793499999665
<NA>,6608965038,118.19895558743347,,,,Cisaranten Kidul,Gedebage,22102,107.69216274999847,-6.959805149999673
<NA>,6608965038,122.26582291450916,,,,Cisaranten Kidul,Gedebage,22102,107.69210122852722,-6.959816813531423
<NA>,6608965038,126.57883096762356,,,,Cisaranten Kidul,Gedebage,22102,107.69203969999847,-6.959828449999651
<NA>,6608965038,131.11587559680282,,,,Cisaranten Kidul,Gedebage,22102,107.69197817146974,-6.959840086467889
<NA>,7561816440,135.52018638167817,,,,Cisaranten Kidul,Gedebage,22102,107.69191664999848,-6.959851749999658
<NA>,7561816440,129.89320002397724,,,,Cisaranten Kidul,Gedebage,22102,107.69185512852725,-6.959863413531439
<NA>,6608965038,109.54254820911729,,,,Cisaranten Kidul,Gedebage,22102,107.69231549999849,-6.959777999999718
<NA>,6608965038,106.2231092486055,,,,Cisaranten Kidul,Gedebage,22102,107.69238602826297,-6.959765262641486
<NA>,6608965038,103.40858983252761,,,,Cisaranten Kidul,Gedebage,22102,107.69245654999848,-6.959752549999724
<NA>,6608965038,101.13414511476076,,,,Cisaranten Kidul,Gedebage,22102,107.69252704999849,-6.959739799999707
<NA>,6608965038,99.44059269396739,,,,Cisaranten Kidul,Gedebage,22102,107.69259754999848,-6.959727049999704
<NA>,6608965038,98.35794316832575,,,,Cisaranten Kidul,Gedebage,22102,107.69266804999849,-6.959714299999707
<NA>,6608965054,109.81669038065134,,,,Cisaranten Kidul,Gedebage,22102,107.69276412331304,-6.959825639813739
<NA>,6608965054,112.27408715726469,,,,Cisaranten Kidul,Gedebage,22102,107.69269214999888,-6.959839599999989
<NA>,6608965038,113.46847102347249,,,,Cisaranten Kidul,Gedebage,22102,107.6926210716084,-6.959853488570871
<NA>,6608965038,115.0820530733863,,,,Cisaranten Kidul,Gedebage,22102,107.69254999999887,-6.959867399999994
<NA>,6608965038,117.21856624438543,,,,Cisaranten Kidul,Gedebage,22102,107.69247893345974,-6.959881283038703
<NA>,7561816440,51.83304626299418,,,,Cisaranten Kidul,Gedebage,22102,107.69134694629021,-6.960356728690089
<NA>,7561816440,57.109411030608015,,,,Cisaranten Kidul,Gedebage,22102,107.69140729999799,-6.960345399999408
<NA>,7561816440,62.67800980602047,,,,Cisaranten Kidul,Gedebage,22102,107.69146765370581,-6.960334071308736
<NA>,7561816440,68.4664217076063,,,,Cisaranten Kidul,Gedebage,22102,107.691527999998,-6.9603227499994
<NA>,7561816440,74.42313344984541,,,,Cisaranten Kidul,Gedebage,22102,107.69158834999799,-6.960311449999391
<NA>,7561816440,80.51183662547075,,,,Cisaranten Kidul,Gedebage,22102,107.69164869999798,-6.960300149999405
<NA>,7561816440,86.70472913688616,,,,Cisaranten Kidul,Gedebage,22102,107.69170904999798,-6.960288849999407
<NA>,7561816440,102.92135425998741,,,,Cisaranten Kidul,Gedebage,22102,107.6918640714729,-6.960260485216256
<NA>,7561816440,109.38060579507209,,,,Cisaranten Kidul,Gedebage,22102,107.69192492852333,-6.960249514782603
<NA>,7561816440,115.88317810350495,,,,Cisaranten Kidul,Gedebage,22102,107.69198576761654,-6.960238513742134
<NA>,7561816440,122.42105962168604,,,,Cisaranten Kidul,Gedebage,22102,107.6920466323797,-6.960227586256703
<NA>,7561816440,128.9910982710245,,,,Cisaranten Kidul,Gedebage,22102,107.69210747147291,-6.960216585216267
<NA>,7561816440,135.59073627866752,,,,Cisaranten Kidul,Gedebage,22102,107.69216834999813,-6.960205599999432
<NA>,7561816440,142.21098365256407,,,,Cisaranten Kidul,Gedebage,22102,107.69222919999812,-6.960194599999415
<NA>,6608965038,148.8637508431994,,,,Cisaranten Kidul,Gedebage,22102,107.69238554999767,-6.96015719999944
<NA>,6608965038,146.35065431190526,,,,Cisaranten Kidul,Gedebage,22102,107.69245545392671,-6.960143521275591
<NA>,6608965038,144.22367009896476,,,,Cisaranten Kidul,Gedebage,22102,107.69252537127879,-6.960129835860054
<NA>,6608965038,142.50261002827756,,,,Cisaranten Kidul,Gedebage,22102,107.69259532871656,-6.960116164138876
<NA>,6608965038,141.1963357957552,,,,Cisaranten Kidul,Gedebage,22102,107.69266524999766,-6.960102449999458
<NA>,6608965054,139.10088399199347,,,,Cisaranten Kidul,Gedebage,22102,107.69273514999767,-6.960088749999467
<NA>,7561816440,40.73680635825071,,,,Cisaranten Kidul,Gedebage,22102,107.69134234999873,-6.960491449999759
<NA>,7561816440,47.154605134798146,,,,Cisaranten Kidul,Gedebage,22102,107.69140654538347,-6.960479978250188
<NA>,7561816440,53.775179510565195,,,,Cisaranten Kidul,Gedebage,22102,107.69147074999871,-6.960468499999754
<NA>,7561816440,60.533982607102,,,,Cisaranten Kidul,Gedebage,22102,107.69153497637835,-6.960457009008124
<NA>,7561816440,67.38559285800153,,,,Cisaranten Kidul,Gedebage,22102,107.69159919999872,-6.960445549999755
<NA>,7561816440,74.305501144771,,,,Cisaranten Kidul,Gedebage,22102,107.69166339999872,-6.960434049999732
<NA>,7561816440,81.27454557379077,,,,Cisaranten Kidul,Gedebage,22102,107.69172759537815,-6.960422578238144
<NA>,7561816440,146.51579906979669,,,,Cisaranten Kidul,Gedebage,22102,107.69231629999825,-6.960310649999583
<NA>,7561816440,139.70222990144578,,,,Cisaranten Kidul,Gedebage,22102,107.69225529605015,-6.9603224786900375
<NA>,7561816440,132.8930042753578,,,,Cisaranten Kidul,Gedebage,22102,107.69219427867681,-6.960334314139795
<NA>,7561816440,126.09101179604701,,,,Cisaranten Kidul,Gedebage,22102,107.6921332539522,-6.960346121321617
<NA>,7561816440,119.29612161743104,,,,Cisaranten Kidul,Gedebage,22102,107.69207222131904,-6.960357935873168
<NA>,7561816440,112.51209925266923,,,,Cisaranten Kidul,Gedebage,22102,107.69201119999825,-6.960369749999579
<NA>,7561816440,105.74237360055065,,,,Cisaranten Kidul,Gedebage,22102,107.69195019999825,-6.960381549999591
<NA>,7561816440,156.0672914662535,,,,Cisaranten Kidul,Gedebage,22102,107.6924026713427,-6.960296987334167
<NA>,6608965038,161.68161818086102,,,,Cisaranten Kidul,Gedebage,22102,107.69246985391041,-6.960284071247941
<NA>,6617181572,159.3933913355676,,,,Cisaranten Kidul,Gedebage,22102,107.69253699557304,-6.960271178648371
<NA>,6617181572,153.50665446172633,,,,Cisaranten Kidul,Gedebage,22102,107.6926108499986,-6.9602555499999985
<NA>,6617181572,147.85556941517584,,,,Cisaranten Kidul,Gedebage,22102,107.69268469999828,-6.960239949999782
<NA>,6617181572,142.66299861064502,,,,Cisaranten Kidul,Gedebage,22102,107.69275519999829,-6.96022569999977
<NA>,7561816440,36.8468980161788,,,,Cisaranten Kidul,Gedebage,22102,107.69138972838878,-6.960758014452134
<NA>,7561816440,30.60919495796679,,,,Cisaranten Kidul,Gedebage,22102,107.69133159999843,-6.960768199999525
<NA>,7561816440,87.36143479228473,,,,Cisaranten Kidul,Gedebage,22102,107.691846549998,-6.960675849999461
<NA>,7561816440,80.38866851054122,,,,Cisaranten Kidul,Gedebage,22102,107.69178407133275,-6.960687635359749
<NA>,7561816440,73.43079548335089,,,,Cisaranten Kidul,Gedebage,22102,107.69172162866326,-6.960699464639185
<NA>,7561816440,66.48381089033923,,,,Cisaranten Kidul,Gedebage,22102,107.69165914999802,-6.960711249999465
<NA>,7561816440,59.55929885353946,,,,Cisaranten Kidul,Gedebage,22102,107.6915966961744,-6.960723028657477
<NA>,7561816440,52.663085851826274,,,,Cisaranten Kidul,Gedebage,22102,107.691534249998,-6.960734799999458
<NA>,7561816440,145.1397598746265,,,,Cisaranten Kidul,Gedebage,22102,107.69236235398412,-6.9605786714134075
<NA>,7561816440,138.08737042764452,,,,Cisaranten Kidul,Gedebage,22102,107.69229949999817,-6.960590499999509
<NA>,7561816440,131.03793601829364,,,,Cisaranten Kidul,Gedebage,22102,107.69223664999818,-6.960602299999517
<NA>,7561816440,123.98553142210548,,,,Cisaranten Kidul,Gedebage,22102,107.69217374999816,-6.960614099999534
<NA>,7561816440,116.94161460203105,,,,Cisaranten Kidul,Gedebage,22102,107.69211089999818,-6.960625899999544
<NA>,7561816440,109.90054211450783,,,,Cisaranten Kidul,Gedebage,22102,107.6920480460122,-6.960637728585639
<NA>,7561816440,102.8592391412806,,,,Cisaranten Kidul,Gedebage,22102,107.69198514999816,-6.960649549999533
<NA>,6617181572,114.62658371781467,,,,Cisaranten Kidul,Gedebage,22102,107.69288492170462,-6.960478287440956
<NA>,6617181572,119.96282857972598,,,,Cisaranten Kidul,Gedebage,22102,107.69282119999878,-6.960489949999792
<NA>,6617181572,125.47978509320909,,,,Cisaranten Kidul,Gedebage,22102,107.69275749999879,-6.960501599999787
<NA>,6617181572,131.1557614683405,,,,Cisaranten Kidul,Gedebage,22102,107.69269379999878,-6.960513249999776
<NA>,6617181572,136.97099004823858,,,,Cisaranten Kidul,Gedebage,22102,107.6926300999988,-6.960524899999796
<NA>,6617181572,142.90847242284403,,,,Cisaranten Kidul,Gedebage,22102,107.69256639999878,-6.960536549999775
<NA>,6617181572,148.9535896451554,,,,Cisaranten Kidul,Gedebage,22102,107.69250269999878,-6.960548199999802
<NA>,10968637163,55.76567505567468,,,,Cisaranten Kidul,Gedebage,22102,107.69183439999811,-6.957416949999719
<NA>,7561564769,31.318738530540376,,,,Cisaranten Kidul,Gedebage,22102,107.69225437878782,-6.957340263891813
<NA>,10968637163,60.51914856211123,,,,Cisaranten Kidul,Gedebage,22102,107.69195897832412,-6.95753401248437
<NA>,10968637163,90.93934224699775,,,,Cisaranten Kidul,Gedebage,22102,107.69157124518016,-6.95760877841098
<NA>,10968637163,116.08606501023887,,,,Cisaranten Kidul,Gedebage,22102,107.69153514624742,-6.957873728353347
<NA>,7561564769,74.62549557848959,,,,Cisaranten Kidul,Gedebage,22102,107.6923464499982,-6.957731449999531
<NA>,7561564769,100.95271224345993,,,,Cisaranten Kidul,Gedebage,22102,107.69202397620988,-6.957932158449421
<NA>,10968637163,129.9772745909678,,,,Cisaranten Kidul,Gedebage,22102,107.6915258499985,-6.958018199999666
<NA>,6608965044,64.61584354132296,,,,Cisaranten Kidul,Gedebage,22102,107.69240100556098,-6.9581258717882415
<NA>,6608965040,133.80363680868754,,,,Cisaranten Kidul,Gedebage,22102,107.69146690402415,-6.958298021409097
<NA>,6608965040,72.65309916182471,,,,Cisaranten Kidul,Gedebage,22102,107.69210099999843,-6.9583184999998
<NA>,6608965040,130.1664880883482,,,,Cisaranten Kidul,Gedebage,22102,107.69145194999828,-6.958439549999652
<NA>,6608965040,46.206762949693484,,,,Cisaranten Kidul,Gedebage,22102,107.69216969464577,-6.958704927991293
<NA>,6608965040,52.40633042148069,,,,Cisaranten Kidul,Gedebage,22102,107.69215124999836,-6.958569699999623
<NA>,6608965040,63.16610570151994,,,,Cisaranten Kidul,Gedebage,22102,107.69203902178788,-6.9585910872942005
<NA>,6608965040,107.0967812228782,,,,Cisaranten Kidul,Gedebage,22102,107.69161589999825,-6.958810099999715
<NA>,6608965040,128.9939142148135,,,,Cisaranten Kidul,Gedebage,22102,107.69141927200971,-6.958840188960228
<NA>,6608965040,129.85621767968766,,,,Cisaranten Kidul,Gedebage,22102,107.691410795335,-6.958699427595542
<NA>,6608965038,46.08639639411449,,,,Cisaranten Kidul,Gedebage,22102,107.69221354999854,-6.958995349999892
<NA>,6608965038,107.09364519220784,,,,Cisaranten Kidul,Gedebage,22102,107.69166364999863,-6.959092399999849
<NA>,6608965038,135.48685638075654,,,,Cisaranten Kidul,Gedebage,22102,107.69140989999862,-6.959137699999904
<NA>,6608965038,109.55409027329671,,,,Cisaranten Kidul,Gedebage,22102,107.69168357199177,-6.959215589310544
<NA>,6608965038,139.27887752832405,,,,Cisaranten Kidul,Gedebage,22102,107.69141377779621,-6.959264210122679
<NA>,7561816440,136.6890885437139,,,,Cisaranten Kidul,Gedebage,22102,107.69139259999925,-6.959536549999997
<NA>,6608965038,119.520292735812,,,,Cisaranten Kidul,Gedebage,22102,107.69173344999884,-6.9594801000000395
<NA>,6608965038,85.71823499581157,,,,Cisaranten Kidul,Gedebage,22102,107.69226497810867,-6.959529162788744
<NA>,6608965038,127.87673716422395,,,,Cisaranten Kidul,Gedebage,22102,107.6917497999988,-6.959616699999773
<NA>,7561816440,121.1372374350092,,,,Cisaranten Kidul,Gedebage,22102,107.69137944999882,-6.959679149999763
<NA>,7561816440,116.09719575451332,,,,Cisaranten Kidul,Gedebage,22102,107.69169025447628,-6.959888021737743
<NA>,7561816440,78.3556826901148,,,,Cisaranten Kidul,Gedebage,22102,107.6913620826206,-6.960086035507148
<NA>,7561816440,116.45033783723241,,,,Cisaranten Kidul,Gedebage,22102,107.69182284999835,-6.960002199999628
<NA>,7561816440,124.39895589408306,,,,Cisaranten Kidul,Gedebage,22102,107.69179359999848,-6.95987504999966
<NA>,6608965054,96.43893169206493,,,,Cisaranten Kidul,Gedebage,22102,107.69273854999848,-6.959701549999737
<NA>,6608965038,119.84932001125311,,,,Cisaranten Kidul,Gedebage,22102,107.69240784491848,-6.959895128380643
<NA>,6608965054,137.12616669089795,,,,Cisaranten Kidul,Gedebage,22102,107.69280509999767,-6.960075049999473
<NA>,6617181572,137.73791323192376,,,,Cisaranten Kidul,Gedebage,22102,107.6928256999983,-6.960211399999773
<NA>,7561816440,148.85093058553363,,,,Cisaranten Kidul,Gedebage,22102,107.69229004999814,-6.96018359999944
<NA>,7561816440,98.98379452331353,,,,Cisaranten Kidul,Gedebage,22102,107.69188917867749,-6.960393364126014
<NA>,7561816440,92.98190645905048,,,,Cisaranten Kidul,Gedebage,22102,107.69176939629835,-6.960277528694672
<NA>,7561816440,88.28375558029977,,,,Cisaranten Kidul,Gedebage,22102,107.69179179999873,-6.960411099999735
<NA>,7561816440,24.52543987906759,,,,Cisaranten Kidul,Gedebage,22102,107.69127349999845,-6.96077839999953
<NA>,7561816440,45.806437835686395,,,,Cisaranten Kidul,Gedebage,22102,107.69147179999801,-6.960746599999454
<NA>,7561816440,95.82872307667888,,,,Cisaranten Kidul,Gedebage,22102,107.6919223039759,-6.960661371409233
<NA>,7561816440,153.79945650326178,,,,Cisaranten Kidul,Gedebage,22102,107.69243899999877,-6.960559849999788
<NA>,6608965038,122.90536377802864,,,,Cisaranten Kidul,Gedebage,22102,107.69234219597847,-6.95990987864474
<NA>,6608982099,48.30113264031387,,,,Cisaranten Kidul,Gedebage,22102,107.69499344999852,-6.9612506999996056
<NA>,6617181572,82.2335246525921,,,,Cisaranten Kidul,Gedebage,22102,107.69442629999864,-6.961362399999705
<NA>,6608982094,84.74166212215745,,,,Rancabolang,Gedebage,12738,107.69506254999875,-6.961610449999727
<NA>,6608982099,110.19067761120183,,,,Rancabolang,Gedebage,12738,107.69458619999887,-6.961701849999843
<NA>,6608982099,100.41676088445045,,,,Rancabolang,Gedebage,12738,107.69456249999888,-6.961586849999839
<NA>,6608982094,73.6100878379567,,,,Rancabolang,Gedebage,12738,107.695039599999,-6.96149579999981
<NA>,6408734420,153.52134454661876,,,,Rancabolang,Gedebage,12738,107.69522444999976,-6.962351550000524
<NA>,6608982094,151.03825076369756,,,,Rancabolang,Gedebage,12738,107.695187999999,-6.962239499999824
<NA>,6408734420,159.63828460653176,,,,Rancabolang,Gedebage,12738,107.69471084999887,-6.962330549999821
<NA>,6408734420,146.60225007412444,,,,Rancabolang,Gedebage,12738,107.69474424372909,-6.962443628257301
<NA>,6608982094,118.47449266336234,,,,Rancabolang,Gedebage,12738,107.69565019999908,-6.961885449999997
<NA>,6608982099,145.76245416674763,,,,Rancabolang,Gedebage,12738,107.69466379999886,-6.962078449999814
<NA>,6608982099,134.47086460310987,,,,Rancabolang,Gedebage,12738,107.69464009999886,-6.961963449999836
<NA>,6608982094,105.74516083348252,,,,Rancabolang,Gedebage,12738,107.69563229999873,-6.961769349999705
<NA>,6377275634,123.37746890793062,,,,Rancabolang,Gedebage,12738,107.69581189999937,-6.962705600000218
<NA>,6408734420,95.5590317147745,,,,Rancabolang,Gedebage,12738,107.69483354999915,-6.962897000000002
<NA>,6408734420,108.48885495869114,,,,Rancabolang,Gedebage,12738,107.69481539999958,-6.962780900000399
<NA>,6377275634,134.16542600478238,,,,Rancabolang,Gedebage,12738,107.69578309999979,-6.9625916500005385
<NA>,6406042419,66.86525878175814,,,,Rancabolang,Gedebage,12738,107.69487534999915,-6.963153600000059
<NA>,6377275634,102.7869645862537,,,,Rancabolang,Gedebage,12738,107.69585969999937,-6.962959650000193
<NA>,6406042419,53.87447587963578,,,,Rancabolang,Gedebage,12738,107.69489904999915,-6.963268600000027
<NA>,6377275634,94.27622207997103,,,,Rancabolang,Gedebage,12738,107.6958873499991,-6.963073800000019
<NA>,7562048168,103.75675100923024,,,,Rancabolang,Gedebage,12738,107.69645177841234,-6.961611311448939
<NA>,7562048168,94.42853539284823,,,,Rancabolang,Gedebage,12738,107.69647679999915,-6.961723350000076
<NA>,7562048168,77.46210715251381,,,,Rancabolang,Gedebage,12738,107.69652679999888,-6.961983749999946
<NA>,7562048168,71.73796726699481,,,,Rancabolang,Gedebage,12738,107.69655699999969,-6.962091650000485
<NA>,7562048168,69.29836090645718,,,,Rancabolang,Gedebage,12738,107.69662579999981,-6.962427500000591
<NA>,7562048168,73.5385538613074,,,,Rancabolang,Gedebage,12738,107.69664284999959,-6.96253955000033
<NA>,6608982094,113.85172213587464,,,,Rancabolang,Gedebage,12738,107.69586779999884,-6.9617277499999
<NA>,6608982094,125.26708107163236,,,,Rancabolang,Gedebage,12738,107.69588844999926,-6.961837500000096
<NA>,7562048168,139.14166707405536,,,,Rancabolang,Gedebage,12738,107.69594419999913,-6.962099700000128
<NA>,7562048168,136.07644202254426,,,,Rancabolang,Gedebage,12738,107.69596995000002,-6.962208450000624
<NA>,6377275634,119.55671536327684,,,,Rancabolang,Gedebage,12738,107.6960378437132,-6.962544628292299
<NA>,6377275634,108.92488434826139,,,,Rancabolang,Gedebage,12738,107.69604934999926,-6.962656200000088
<NA>,6377275634,73.86841537778481,,,,Rancabolang,Gedebage,12738,107.69612534999925,-6.9630305000001025
<NA>,6377275634,83.31567191598681,,,,Rancabolang,Gedebage,12738,107.69610479999884,-6.962920749999913
<NA>,6377275634,69.35646669787725,,,,Rancabolang,Gedebage,12738,107.6966976499991,-6.962799600000087
<NA>,6377275634,56.68041174289204,,,,Rancabolang,Gedebage,12738,107.69671464999888,-6.962915749999924
<NA>,9778614765,94.75138519417602,,,,Cisaranten Kidul,Gedebage,22102,107.70210899999866,-6.957905199999585
<NA>,9778614765,80.77275300514768,,,,Cisaranten Kidul,Gedebage,22102,107.70204979999886,-6.957788199999632
<NA>,9778614765,58.83586904040393,,,,Cisaranten Kidul,Gedebage,22102,107.70197820446538,-6.957569471863837
<NA>,9778614765,49.27865573039652,,,,Cisaranten Kidul,Gedebage,22102,107.701952649999,-6.957440949999873
<NA>,12084548103,41.32966280984889,,,,Cisaranten Kidul,Gedebage,22102,107.70309569999883,-6.95736654999985
<NA>,13142184800,41.284314921009624,,,,Cisaranten Kidul,Gedebage,22102,107.70317917190485,-6.957352787922847
<NA>,13142184800,28.323961850838874,,,,Cisaranten Kidul,Gedebage,22102,107.70315964999877,-6.957236399999823
<NA>,12084548103,28.384454587046374,,,,Cisaranten Kidul,Gedebage,22102,107.70307619999883,-6.957250099999842
<NA>,12084548103,81.30176190926889,,,,Cisaranten Kidul,Gedebage,22102,107.70316134999855,-6.957722599999634
<NA>,13142184800,81.267758782867,,,,Cisaranten Kidul,Gedebage,22102,107.70323694999851,-6.957710299999593
<NA>,13142184800,68.22633089494822,,,,Cisaranten Kidul,Gedebage,22102,107.70321740431613,-6.957593871743962
<NA>,12084548103,67.40894424800662,,,,Cisaranten Kidul,Gedebage,22102,107.70307614999855,-6.957610899999614
<NA>,4054886233,170.84700016661685,,,,Cisaranten Kidul,Gedebage,22102,107.70465797172979,-6.957445186303189
<NA>,13142184800,143.41921196501602,,,,Cisaranten Kidul,Gedebage,22102,107.70434342162447,-6.9575003353652205
<NA>,13142184800,167.93360544128157,,,,Cisaranten Kidul,Gedebage,22102,107.70463519999869,-6.957321399999635
<NA>,13142184800,136.10391990653125,,,,Cisaranten Kidul,Gedebage,22102,107.70432062162446,-6.957376535365214
<NA>,13142184800,107.61322482853215,,,,Cisaranten Kidul,Gedebage,22102,107.7041264046621,-6.9570449218326225
<NA>,13142184800,157.59193382100483,,,,Cisaranten Kidul,Gedebage,22102,107.70458039999848,-6.956963799999544
<NA>,13142184800,160.046345359299,,,,Cisaranten Kidul,Gedebage,22102,107.70459899999868,-6.957083749999631
<NA>,13142184800,125.66780755541069,,,,Cisaranten Kidul,Gedebage,22102,107.70428059999884,-6.957139599999747
<NA>,4054903366,93.12839314981608,,,,Cisaranten Kidul,Gedebage,22102,107.70222725000043,-6.965103050000286
<NA>,4054903366,57.65696406936384,,,,Cisaranten Kidul,Gedebage,22102,107.70260090000036,-6.965184150000165
<NA>,4054903366,87.77218659633189,,,,Cisaranten Kidul,Gedebage,22102,107.7022232060347,-6.9651941286326675
<NA>,4054903366,51.39877997956706,,,,Cisaranten Kidul,Gedebage,22102,107.70258495000034,-6.9652688500002675
<NA>,5461004257,81.33091763787618,,,,Cisaranten Kidul,Gedebage,22102,107.70374480000022,-6.9654285000000975
<NA>,5461004257,76.81814977109515,,,,Cisaranten Kidul,Gedebage,22102,107.70373475000008,-6.965525349999318
<NA>,5461004257,45.79046625963562,,,,Cisaranten Kidul,Gedebage,22102,107.70322240000046,-6.96532530000018
<NA>,5461004257,35.859965904639395,,,,Cisaranten Kidul,Gedebage,22102,107.70320245000063,-6.965414549999757
<NA>,6608982099,76.71093748027371,,,,Rancabolang,Gedebage,12738,107.69496874999886,-6.961506249999826
<NA>,6608982099,78.9117984865263,,,,Rancabolang,Gedebage,12738,107.69491072142155,-6.9615177373292525
<NA>,6608982099,81.58364154303993,,,,Rancabolang,Gedebage,12738,107.6948526785762,-6.961529262670422
<NA>,6608982099,84.67869793488832,,,,Rancabolang,Gedebage,12738,107.69479464999887,-6.961540799999834
<NA>,6608982099,88.1514968579054,,,,Rancabolang,Gedebage,12738,107.69473662142154,-6.961552337329277
<NA>,6608982099,91.95645286619164,,,,Rancabolang,Gedebage,12738,107.69467859999887,-6.961563849999849
<NA>,6608982099,96.0569159293246,,,,Rancabolang,Gedebage,12738,107.69462054999886,-6.961575349999841
<NA>,6608982094,41.26999256751954,,,,Cisaranten Kidul,Gedebage,22102,107.69514029999851,-6.961221199999617
<NA>,6608982094,44.63243910574855,,,,Cisaranten Kidul,Gedebage,22102,107.69509134999852,-6.961231049999626
<NA>,6608982099,46.90110102661184,,,,Cisaranten Kidul,Gedebage,22102,107.69504239999854,-6.961240899999632
<NA>,6608982099,51.01519711694318,,,,Cisaranten Kidul,Gedebage,22102,107.69492839999863,-6.961263549999702
<NA>,6608982099,54.02961995469125,,,,Cisaranten Kidul,Gedebage,22102,107.69487259999863,-6.961274549999717
<NA>,6608982099,57.572652094470186,,,,Cisaranten Kidul,Gedebage,22102,107.69481680405183,-6.961285521307059
<NA>,6608982099,61.55688015207113,,,,Cisaranten Kidul,Gedebage,22102,107.69476099999862,-6.961296499999728
<NA>,6608982099,65.89999937699247,,,,Cisaranten Kidul,Gedebage,22102,107.69470524999863,-6.96130749999974
<NA>,6608982099,70.53455789990291,,,,Cisaranten Kidul,Gedebage,22102,107.69464949594544,-6.96131847869237
<NA>,6608982099,75.41075168151349,,,,Cisaranten Kidul,Gedebage,22102,107.69459369999862,-6.96132944999972
<NA>,6608982099,80.48307346293788,,,,Cisaranten Kidul,Gedebage,22102,107.69453790405186,-6.961340421307061
<NA>,6608982099,85.71792514297202,,,,Cisaranten Kidul,Gedebage,22102,107.69448209999862,-6.961351399999709
<NA>,6608982094,62.74252383064004,,,,Cisaranten Kidul,Gedebage,22102,107.69531069999901,-6.961444749999816
<NA>,6608982094,63.90563749484989,,,,Rancabolang,Gedebage,12738,107.695256499999,-6.961454949999814
<NA>,6608982094,65.62048114904287,,,,Rancabolang,Gedebage,12738,107.69520229551875,-6.961465178430123
<NA>,6608982094,67.84263146478592,,,,Rancabolang,Gedebage,12738,107.695148049999,-6.961475399999813
<NA>,6608982094,70.52249568042488,,,,Rancabolang,Gedebage,12738,107.69509379999901,-6.961485599999804
<NA>,6608982094,88.4372634573483,,,,Rancabolang,Gedebage,12738,107.69499244999886,-6.961621249999824
<NA>,6608982099,91.06418370379946,,,,Rancabolang,Gedebage,12738,107.69493442142154,-6.961632737329255
<NA>,6608982099,93.38269070582122,,,,Rancabolang,Gedebage,12738,107.6948763785762,-6.961644262670411
<NA>,6608982099,96.09257518856323,,,,Rancabolang,Gedebage,12738,107.69481834999887,-6.961655799999841
<NA>,6608982099,99.16073955720367,,,,Rancabolang,Gedebage,12738,107.69476032142154,-6.961667337329254
<NA>,6608982099,102.55220384660109,,,,Rancabolang,Gedebage,12738,107.69470229999887,-6.961678849999843
<NA>,6608982099,106.2386160214239,,,,Rancabolang,Gedebage,12738,107.69464424999886,-6.9616903499998415
<NA>,6608982094,75.42859423587825,,,,Rancabolang,Gedebage,12738,107.69533409999876,-6.961558249999723
<NA>,6608982094,76.40918328756285,,,,Rancabolang,Gedebage,12738,107.69527979999876,-6.961568699999716
<NA>,6608982094,77.85909332407311,,,,Rancabolang,Gedebage,12738,107.69522549999874,-6.961579149999757
<NA>,6608982094,79.74914437702542,,,,Rancabolang,Gedebage,12738,107.69517117858814,-6.961589563679631
<NA>,6608982094,82.05526604736865,,,,Rancabolang,Gedebage,12738,107.69511684999875,-6.961599999999708
<NA>,6608982094,114.30787901504945,,,,Rancabolang,Gedebage,12738,107.69504629999886,-6.96188279999985
<NA>,6608982094,117.19289364279595,,,,Rancabolang,Gedebage,12738,107.69498829553469,-6.961894328589987
<NA>,6608982094,120.36517272780206,,,,Rancabolang,Gedebage,12738,107.69493024999889,-6.961905849999827
<NA>,6608982099,123.22570492188886,,,,Rancabolang,Gedebage,12738,107.69487220446307,-6.961917371409708
<NA>,6608982099,125.62150343642031,,,,Rancabolang,Gedebage,12738,107.69481419999887,-6.961928899999842
<NA>,6608982099,128.30623390111714,,,,Rancabolang,Gedebage,12738,107.69475619553468,-6.961940428589992
<NA>,6608982099,131.26272892458687,,,,Rancabolang,Gedebage,12738,107.69469814999887,-6.961951949999826
<NA>,6608982094,111.52860410498016,,,,Rancabolang,Gedebage,12738,107.69511289999873,-6.961870949999697
<NA>,6608982094,109.56688733045672,,,,Rancabolang,Gedebage,12738,107.69516484999875,-6.961860799999695
<NA>,6608982094,107.88745427623199,,,,Rancabolang,Gedebage,12738,107.69521679999873,-6.961850649999705
<NA>,6608982094,106.4982321703991,,,,Rancabolang,Gedebage,12738,107.69526869999873,-6.9618404499997055
<NA>,6608982094,105.42142021593236,,,,Rancabolang,Gedebage,12738,107.69532064999872,-6.961830299999711
<NA>,6608982094,104.66138250858106,,,,Rancabolang,Gedebage,12738,107.69537259999873,-6.961820149999694
<NA>,6608982094,104.22504936127322,,,,Rancabolang,Gedebage,12738,107.69542454999873,-6.961809999999706
<NA>,6608982094,104.11649067165185,,,,Rancabolang,Gedebage,12738,107.69547649999873,-6.961799849999711
<NA>,6608982094,104.32996565420322,,,,Rancabolang,Gedebage,12738,107.69552839999872,-6.961789649999725
<NA>,6608982094,104.8767227371644,,,,Rancabolang,Gedebage,12738,107.69558034999874,-6.961779499999708
<NA>,6608982094,126.19502621761613,,,,Rancabolang,Gedebage,12738,107.69506999999886,-6.961997799999845
<NA>,6608982094,128.80963419741227,,,,Rancabolang,Gedebage,12738,107.69501199553468,-6.962009328589998
<NA>,6608982094,131.69788306174777,,,,Rancabolang,Gedebage,12738,107.69495394999889,-6.962020849999844
<NA>,6608982094,134.84211210204148,,,,Rancabolang,Gedebage,12738,107.69489590446307,-6.962032371409697
<NA>,6608982099,137.6540245514561,,,,Rancabolang,Gedebage,12738,107.69483789999887,-6.962043899999846
<NA>,6608982099,140.10429008500202,,,,Rancabolang,Gedebage,12738,107.69477989553468,-6.962055428589978
<NA>,6608982099,142.81259220441873,,,,Rancabolang,Gedebage,12738,107.69472184999887,-6.962066949999833
<NA>,6608982094,123.49896064275543,,,,Rancabolang,Gedebage,12738,107.6951423999991,-6.9619848499999835
<NA>,6608982094,121.4188010342161,,,,Rancabolang,Gedebage,12738,107.6952058999991,-6.961972449999986
<NA>,6608982094,119.72524747143233,,,,Rancabolang,Gedebage,12738,107.6952693499991,-6.961959999999993
<NA>,6608982094,118.43986106441939,,,,Rancabolang,Gedebage,12738,107.69533279999911,-6.961947549999972
<NA>,6608982094,117.58210172234416,,,,Rancabolang,Gedebage,12738,107.6953962999991,-6.961935149999983
<NA>,6608982094,117.15580062976555,,,,Rancabolang,Gedebage,12738,107.6954597999991,-6.961922749999979
<NA>,6608982094,117.15904044647309,,,,Rancabolang,Gedebage,12738,107.6955232499991,-6.961910299999966
<NA>,6608982094,117.59785780503199,,,,Rancabolang,Gedebage,12738,107.69558669999908,-6.961897849999991
<NA>,6608982094,152.9557021883236,,,,Rancabolang,Gedebage,12738,107.69511709999887,-6.962249949999839
<NA>,6608982094,155.13261385544476,,,,Rancabolang,Gedebage,12738,107.6950590785762,-6.962261462670441
<NA>,6608982094,157.54789472338862,,,,Rancabolang,Gedebage,12738,107.69500102142156,-6.9622729373292325
<NA>,6608982094,160.2028091195837,,,,Rancabolang,Gedebage,12738,107.69494299999886,-6.962284499999859
<NA>,6408734420,159.84518743394554,,,,Rancabolang,Gedebage,12738,107.69488497857618,-6.962296062670405
<NA>,6408734420,159.5087203322423,,,,Rancabolang,Gedebage,12738,107.69482694999888,-6.962307549999829
<NA>,6408734420,159.43926966301146,,,,Rancabolang,Gedebage,12738,107.69476889999886,-6.962319049999857
<NA>,6408734420,150.9766430103291,,,,Rancabolang,Gedebage,12738,107.6951310999996,-6.962366850000403
<NA>,6408734420,149.0943340730108,,,,Rancabolang,Gedebage,12738,107.69505372825925,-6.962382209385765
<NA>,6408734420,147.70702000746843,,,,Rancabolang,Gedebage,12738,107.69497637173211,-6.962397540620786
<NA>,6408734420,146.81954582177673,,,,Rancabolang,Gedebage,12738,107.69489899373457,-6.962412928266994
<NA>,6408734420,146.45074397097974,,,,Rancabolang,Gedebage,12738,107.69482163452557,-6.962428281125497
<NA>,6608982094,159.12125180667974,,,,Rancabolang,Gedebage,12738,107.69546884999976,-6.962304600000511
<NA>,6608982094,159.9631636128699,,,,Rancabolang,Gedebage,12738,107.69538739999975,-6.962320250000486
<NA>,6408734420,156.5324814500561,,,,Rancabolang,Gedebage,12738,107.69530594999975,-6.962335900000499
<NA>,6608982094,146.23360595780574,,,,Rancabolang,Gedebage,12738,107.695458999999,-6.962188449999814
<NA>,6608982094,146.69971273348102,,,,Rancabolang,Gedebage,12738,107.695404799999,-6.962198649999808
<NA>,6608982094,147.419999727963,,,,Rancabolang,Gedebage,12738,107.69535059551876,-6.9622088784301255
<NA>,6608982094,148.3870025435821,,,,Rancabolang,Gedebage,12738,107.69529639999901,-6.962219099999822
<NA>,6608982094,149.59422279493137,,,,Rancabolang,Gedebage,12738,107.69524219999902,-6.962229299999798
<NA>,7562048168,81.95723383762267,,,,Rancabolang,Gedebage,12738,107.69646194999999,-6.962110350000642
<NA>,7562048168,90.8633079319896,,,,Rancabolang,Gedebage,12738,107.69637994999998,-6.96212670000064
<NA>,7562048168,99.83128928188836,,,,Rancabolang,Gedebage,12738,107.69629794999999,-6.962143050000656
<NA>,7562048168,108.84587682344491,,,,Rancabolang,Gedebage,12738,107.69621595,-6.962159400000643
<NA>,7562048168,117.89638002036418,,,,Rancabolang,Gedebage,12738,107.69613394999999,-6.962175750000652
<NA>,7562048168,126.97511894016829,,,,Rancabolang,Gedebage,12738,107.69605194999998,-6.962192100000628
<NA>,7562048168,85.86845583429407,,,,Rancabolang,Gedebage,12738,107.69644414999912,-6.961999500000138
<NA>,7562048168,93.2530450930312,,,,Rancabolang,Gedebage,12738,107.69637274999913,-6.962013800000136
<NA>,7562048168,100.74220465779557,,,,Rancabolang,Gedebage,12738,107.69630132839586,-6.962028110715229
<NA>,7562048168,108.31292663429005,,,,Rancabolang,Gedebage,12738,107.69622989999915,-6.962042450000137
<NA>,7562048168,115.94913499564349,,,,Rancabolang,Gedebage,12738,107.6961584716024,-6.962056789285028
<NA>,7562048168,123.63824796129131,,,,Rancabolang,Gedebage,12738,107.69608704999912,-6.962071100000119
<NA>,7562048168,131.37123168203615,,,,Rancabolang,Gedebage,12738,107.69601562839587,-6.962085410715223
<NA>,7562048168,101.18557494767252,,,,Rancabolang,Gedebage,12738,107.69639864999927,-6.961735700000084
<NA>,7562048168,106.78736631239305,,,,Rancabolang,Gedebage,12738,107.69633484999926,-6.961748400000086
<NA>,7562048168,112.56294528296375,,,,Rancabolang,Gedebage,12738,107.69627109999927,-6.9617611500000764
<NA>,7562048168,118.49331687066548,,,,Rancabolang,Gedebage,12738,107.69620734999926,-6.961773900000074
<NA>,7562048168,124.5634777424209,,,,Rancabolang,Gedebage,12738,107.69614354999926,-6.961786600000055
<NA>,7562048168,130.74766931076758,,,,Rancabolang,Gedebage,12738,107.69607974999927,-6.961799300000062
<NA>,6608982094,131.06083180173448,,,,Rancabolang,Gedebage,12738,107.69601599999926,-6.96181205000009
<NA>,6608982094,127.99866925564474,,,,Rancabolang,Gedebage,12738,107.69595224999928,-6.961824800000077
<NA>,7562048168,109.67557068810815,,,,Rancabolang,Gedebage,12738,107.69637564999884,-6.961626000000001
<NA>,7562048168,114.84336142824415,,,,Rancabolang,Gedebage,12738,107.69631214999885,-6.961638699999905
<NA>,7562048168,120.21326203985126,,,,Rancabolang,Gedebage,12738,107.69624866676118,-6.961651416424049
<NA>,7562048168,125.7591275420751,,,,Rancabolang,Gedebage,12738,107.69618519999884,-6.961664149999909
<NA>,6608982094,127.79275030276058,,,,Rancabolang,Gedebage,12738,107.69612173323648,-6.961676883575762
<NA>,6608982094,123.83458856527092,,,,Rancabolang,Gedebage,12738,107.69605824999883,-6.961689599999879
<NA>,6608982094,120.17299002250732,,,,Rancabolang,Gedebage,12738,107.69599476676117,-6.96170231642407
<NA>,6608982094,116.83845583122952,,,,Rancabolang,Gedebage,12738,107.69593129999882,-6.961715049999886
<NA>,7562048168,80.91615808196113,,,,Cisaranten Kidul,Gedebage,22102,107.69685527841234,-6.9615320114489645
<NA>,7562048168,83.44998615014302,,,,Cisaranten Kidul,Gedebage,22102,107.69678802158562,-6.961545188551026
<NA>,7562048168,86.57022314109494,,,,Cisaranten Kidul,Gedebage,22102,107.69672077841236,-6.96155841144898
<NA>,7562048168,90.22135783338256,,,,Rancabolang,Gedebage,12738,107.6966535215784,-6.9615716385575475
<NA>,7562048168,94.33678061767739,,,,Rancabolang,Gedebage,12738,107.69658627841235,-6.961584911448976
<NA>,7562048168,98.87086111575246,,,,Rancabolang,Gedebage,12738,107.6965190215856,-6.961598088551031
<NA>,7562048168,69.13072936493826,,,,Cisaranten Kidul,Gedebage,22102,107.69687679999915,-6.961642250000066
<NA>,7562048168,72.01249829873825,,,,Cisaranten Kidul,Gedebage,22102,107.69681014999914,-6.961655750000081
<NA>,7562048168,75.5357361620524,,,,Cisaranten Kidul,Gedebage,22102,107.69674349999916,-6.961669250000099
<NA>,7562048168,79.61554492258394,,,,Rancabolang,Gedebage,12738,107.69667679999915,-6.961682800000078
<NA>,7562048168,84.17199084966546,,,,Rancabolang,Gedebage,12738,107.69661009999916,-6.961696350000087
<NA>,7562048168,89.13071045988795,,,,Rancabolang,Gedebage,12738,107.69654344999915,-6.961709850000054
<NA>,7562048168,46.58899650850727,,,,Cisaranten Kidul,Gedebage,22102,107.69686764999888,-6.961918299999929
<NA>,7562048168,51.97014151547405,,,,Cisaranten Kidul,Gedebage,22102,107.69679947163056,-6.961931388284954
<NA>,7562048168,57.86649203764426,,,,Cisaranten Kidul,Gedebage,22102,107.6967313283672,-6.961944511714884
<NA>,7562048168,64.14654886824009,,,,Rancabolang,Gedebage,12738,107.696663145034,-6.961957578357103
<NA>,7562048168,70.70215724247763,,,,Rancabolang,Gedebage,12738,107.69659497163146,-6.961970638272566
<NA>,7562048168,46.73269002560515,,,,Cisaranten Kidul,Gedebage,22102,107.69679939999969,-6.962042700000509
<NA>,7562048168,54.819050984278384,,,,Cisaranten Kidul,Gedebage,22102,107.69671860650006,-6.962059021704947
<NA>,7562048168,63.18735534921749,,,,Rancabolang,Gedebage,12738,107.69663779999969,-6.962075350000493
<NA>,7562048168,80.13487784139625,,,,Rancabolang,Gedebage,12738,107.69652754371319,-6.962446528292313
<NA>,7562048168,89.19744941788367,,,,Rancabolang,Gedebage,12738,107.69644595628591,-6.9624628717086
<NA>,7562048168,98.28896096622096,,,,Rancabolang,Gedebage,12738,107.69636434371319,-6.962479228292328
<NA>,7562048168,107.40184961816755,,,,Rancabolang,Gedebage,12738,107.6962827062949,-6.962495571710843
<NA>,6377275634,113.31066885355943,,,,Rancabolang,Gedebage,12738,107.69620104371319,-6.962511928292298
<NA>,6377275634,116.11132225095876,,,,Rancabolang,Gedebage,12738,107.69611945628591,-6.962528271708594
<NA>,7562048168,82.2351825158241,,,,Rancabolang,Gedebage,12738,107.69655954999926,-6.962554400000084
<NA>,7562048168,89.05769376561953,,,,Rancabolang,Gedebage,12738,107.69649574999926,-6.962567100000099
<NA>,7562048168,95.93213078152966,,,,Rancabolang,Gedebage,12738,107.69643199999926,-6.962579850000075
<NA>,6377275634,97.79109052800628,,,,Rancabolang,Gedebage,12738,107.69636824999927,-6.96259260000006
<NA>,6377275634,99.08119741203515,,,,Rancabolang,Gedebage,12738,107.69630444999926,-6.9626053000000665
<NA>,6377275634,100.8690680573749,,,,Rancabolang,Gedebage,12738,107.69624064999925,-6.962617999999998
<NA>,6377275634,103.12121111334544,,,,Rancabolang,Gedebage,12738,107.69617689999929,-6.962630750000078
<NA>,6377275634,105.81480775023954,,,,Rancabolang,Gedebage,12738,107.69611314999926,-6.96264350000008
<NA>,7562048168,42.60901313129406,,,,Cisaranten Kidul,Gedebage,22102,107.69687125670374,-6.96237757169021
<NA>,7562048168,51.38696965090515,,,,Cisaranten Kidul,Gedebage,22102,107.69678944329586,-6.9623942283109335
<NA>,7562048168,60.30024186600516,,,,Rancabolang,Gedebage,12738,107.69670763501597,-6.96241088041574
<NA>,7562048168,38.177468277663884,,,,Cisaranten Kidul,Gedebage,22102,107.69701389999958,-6.962467400000338
<NA>,7562048168,44.36204750968385,,,,Cisaranten Kidul,Gedebage,22102,107.6969396937946,-6.962481828207829
<NA>,7562048168,51.16836435233404,,,,Cisaranten Kidul,Gedebage,22102,107.69686550620456,-6.962496271792855
<NA>,7562048168,58.38141554460575,,,,Cisaranten Kidul,Gedebage,22102,107.69679127179161,-6.9625106904765754
<NA>,7562048168,65.86752046618898,,,,Rancabolang,Gedebage,12738,107.69671704380015,-6.962525128217961
<NA>,6377275634,67.35387247654832,,,,Rancabolang,Gedebage,12738,107.69661259999883,-6.962818949999898
<NA>,6377275634,66.92411816181988,,,,Rancabolang,Gedebage,12738,107.69654909999882,-6.962831649999901
<NA>,6377275634,67.2515159529706,,,,Rancabolang,Gedebage,12738,107.69648564999883,-6.962844399999904
<NA>,6377275634,68.33107687564693,,,,Rancabolang,Gedebage,12738,107.69642219999885,-6.9628571499998895
<NA>,6377275634,70.13558384216621,,,,Rancabolang,Gedebage,12738,107.69635869999885,-6.962869849999872
<NA>,6377275634,72.60460767927526,,,,Rancabolang,Gedebage,12738,107.69629519999884,-6.962882549999887
<NA>,6377275634,75.66534949280357,,,,Rancabolang,Gedebage,12738,107.69623174999883,-6.962895299999903
<NA>,6377275634,79.25592683746375,,,,Rancabolang,Gedebage,12738,107.69616829999883,-6.962908049999885
<NA>,6377275634,55.05807565899199,,,,Rancabolang,Gedebage,12738,107.69663554999927,-6.962928700000066
<NA>,6377275634,54.52394650193945,,,,Rancabolang,Gedebage,12738,107.69657174999926,-6.962941400000064
<NA>,6377275634,54.927778542142285,,,,Rancabolang,Gedebage,12738,107.69650799999927,-6.962954150000065
<NA>,6377275634,56.255089252074136,,,,Rancabolang,Gedebage,12738,107.69644424999926,-6.962966900000088
<NA>,6377275634,58.45062777174518,,,,Rancabolang,Gedebage,12738,107.69638044999925,-6.962979600000094
<NA>,6377275634,61.415108545360255,,,,Rancabolang,Gedebage,12738,107.69631664999926,-6.962992300000092
<NA>,6377275634,65.03565634750446,,,,Rancabolang,Gedebage,12738,107.69625289999927,-6.963005050000092
<NA>,6377275634,69.2158337134793,,,,Rancabolang,Gedebage,12738,107.69618914999926,-6.963017800000097
<NA>,7562048168,69.63097280958692,,,,Cisaranten Kidul,Gedebage,22102,107.69728194999891,-6.962800749999933
<NA>,7562048168,70.48742011769369,,,,Cisaranten Kidul,Gedebage,22102,107.69721889999892,-6.962813549999928
<NA>,7562048168,72.0341591128797,,,,Cisaranten Kidul,Gedebage,22102,107.6971558499989,-6.962826299999943
<NA>,7562048168,74.23231310999411,,,,Cisaranten Kidul,Gedebage,22102,107.69709284999888,-6.962839049999945
<NA>,6377275634,75.27608205026003,,,,Cisaranten Kidul,Gedebage,22102,107.6970298499989,-6.9628518499999315
<NA>,6377275634,70.5194512218732,,,,Cisaranten Kidul,Gedebage,22102,107.69696679999889,-6.962864649999931
<NA>,6377275634,66.1871006069005,,,,Cisaranten Kidul,Gedebage,22102,107.6969037499989,-6.962877449999914
<NA>,6377275634,62.37449829826057,,,,Cisaranten Kidul,Gedebage,22102,107.69684074999891,-6.9628901999999195
<NA>,6377275634,59.17207060931847,,,,Rancabolang,Gedebage,12738,107.6967776999989,-6.962902949999929
<NA>,7562048168,56.75147051962774,,,,Cisaranten Kidul,Gedebage,22102,107.69725079999908,-6.962687200000067
<NA>,7562048168,58.06459809372651,,,,Cisaranten Kidul,Gedebage,22102,107.69718164999908,-6.962701250000097
<NA>,7562048168,60.36592612514115,,,,Cisaranten Kidul,Gedebage,22102,107.69711249999908,-6.962715300000096
<NA>,7562048168,63.548490529875146,,,,Cisaranten Kidul,Gedebage,22102,107.69704337845624,-6.962729360929485
<NA>,7562048168,67.48486765914267,,,,Cisaranten Kidul,Gedebage,22102,107.69697422153466,-6.962743389077201
<NA>,7562048168,72.05770819426535,,,,Cisaranten Kidul,Gedebage,22102,107.69690507845624,-6.962757460929465
<NA>,6377275634,74.82493755599226,,,,Cisaranten Kidul,Gedebage,22102,107.69683594999908,-6.962771500000094
<NA>,6377275634,71.71928526554957,,,,Rancabolang,Gedebage,12738,107.6967667999991,-6.962785550000089
<NA>,6408734420,70.78932497316241,,,,Rancabolang,Gedebage,12738,107.69537954999909,-6.963173249999986
<NA>,6408734420,75.64801895500801,,,,Rancabolang,Gedebage,12738,107.69544304495278,-6.963160828404079
<NA>,6408734420,80.8493533343044,,,,Rancabolang,Gedebage,12738,107.6955065050357,-6.96314837159244
<NA>,6408734420,86.3261531506564,,,,Rancabolang,Gedebage,12738,107.69556994999908,-6.963135949999987
<NA>,6408734420,92.03646639035018,,,,Rancabolang,Gedebage,12738,107.69563344495279,-6.963123528404074
<NA>,6408734420,97.93801550690421,,,,Rancabolang,Gedebage,12738,107.69569694999909,-6.963111099999999
<NA>,6408734420,103.99307360022887,,,,Rancabolang,Gedebage,12738,107.6957604050357,-6.96309867159241
<NA>,6377275634,100.190992427743,,,,Rancabolang,Gedebage,12738,107.69582384495277,-6.963086228404068
<NA>,6408734420,81.27048391326535,,,,Rancabolang,Gedebage,12738,107.69535979999937,-6.963057450000195
<NA>,6408734420,86.12178715281766,,,,Rancabolang,Gedebage,12738,107.69543119999936,-6.963043500000197
<NA>,6408734420,91.42470645046774,,,,Rancabolang,Gedebage,12738,107.69550259999937,-6.963029550000204
<NA>,6408734420,97.11299882345813,,,,Rancabolang,Gedebage,12738,107.69557404999938,-6.963015550000215
<NA>,6408734420,103.11665806339907,,,,Rancabolang,Gedebage,12738,107.69564549999937,-6.9630015500002065
<NA>,6408734420,109.3759620238296,,,,Rancabolang,Gedebage,12738,107.69571689999937,-6.962987600000213
<NA>,6377275634,108.97000042690377,,,,Rancabolang,Gedebage,12738,107.69578829999938,-6.96297365000021
<NA>,6408734420,118.08308056018393,,,,Rancabolang,Gedebage,12738,107.69529334999982,-6.962687450000538
<NA>,6408734420,122.04226607561627,,,,Rancabolang,Gedebage,12738,107.69537497818212,-6.962671508821544
<NA>,6408734420,126.5488025678368,,,,Rancabolang,Gedebage,12738,107.6954565999998,-6.962655550000532
<NA>,6408734420,131.54994565538348,,,,Rancabolang,Gedebage,12738,107.69553822180957,-6.96263954118499
<NA>,6408734420,136.985382161931,,,,Rancabolang,Gedebage,12738,107.6956198499998,-6.962623550000544
<NA>,6377275634,139.7041696179596,,,,Rancabolang,Gedebage,12738,107.69570147818213,-6.962607608821547
<NA>,6408734420,106.09763718962542,,,,Rancabolang,Gedebage,12738,107.69531194999938,-6.962803450000208
<NA>,6408734420,109.874746505767,,,,Rancabolang,Gedebage,12738,107.69538337247907,-6.962789488415084
<NA>,6408734420,114.09827747870416,,,,Rancabolang,Gedebage,12738,107.69545479999938,-6.96277550000024
<NA>,6408734420,118.71790302534164,,,,Rancabolang,Gedebage,12738,107.69552622751971,-6.96276151158535
<NA>,6408734420,123.68637571068821,,,,Rancabolang,Gedebage,12738,107.69559764999937,-6.962747550000219
<NA>,6408734420,128.96600029861435,,,,Rancabolang,Gedebage,12738,107.69566907247905,-6.962733588415093
<NA>,6377275634,128.55990155686882,,,,Rancabolang,Gedebage,12738,107.69574049999939,-6.962719600000232
<NA>,6408734420,102.56423098923335,,,,Rancabolang,Gedebage,12738,107.69523154999915,-6.962817999999999
<NA>,6408734420,100.0439352366139,,,,Rancabolang,Gedebage,12738,107.69516519999914,-6.9628311500000795
<NA>,6408734420,98.03089677630874,,,,Rancabolang,Gedebage,12738,107.69509884999914,-6.962844300000066
<NA>,6408734420,96.5511220863939,,,,Rancabolang,Gedebage,12738,107.69503254999914,-6.962857500000073
<NA>,6408734420,95.63447017795052,,,,Rancabolang,Gedebage,12738,107.69496624999914,-6.962870700000054
<NA>,6408734420,95.30367330789176,,,,Rancabolang,Gedebage,12738,107.69489989999914,-6.962883850000067
<NA>,6408734420,114.50328410898305,,,,Rancabolang,Gedebage,12738,107.6952022499996,-6.962704100000369
<NA>,6408734420,111.97714379068672,,,,Rancabolang,Gedebage,12738,107.69512487174119,-6.9627194406039745
<NA>,6408734420,110.08293863272056,,,,Rancabolang,Gedebage,12738,107.69504752826576,-6.9627348093910655
<NA>,6408734420,108.85433123995433,,,,Rancabolang,Gedebage,12738,107.69497014999959,-6.9627502000003965
<NA>,6408734420,108.32215678999377,,,,Rancabolang,Gedebage,12738,107.69489277174118,-6.9627655406039635
<NA>,6408734420,76.08463295985538,,,,Rancabolang,Gedebage,12738,107.69527329999914,-6.96307470000004
<NA>,6408734420,72.75593712327371,,,,Rancabolang,Gedebage,12738,107.6952069716076,-6.963087838964064
<NA>,6408734420,70.06766339547784,,,,Rancabolang,Gedebage,12738,107.69514064999915,-6.963100999999995
<NA>,6408734420,68.09804459972993,,,,Rancabolang,Gedebage,12738,107.69507432839067,-6.9631141610360245
<NA>,6408734420,66.91307587142767,,,,Rancabolang,Gedebage,12738,107.69500799999915,-6.963127300000056
<NA>,6408734420,66.55222502535493,,,,Rancabolang,Gedebage,12738,107.6949416716076,-6.963140438964083
<NA>,6408734420,65.07849624326045,,,,Rancabolang,Gedebage,12738,107.69529699999916,-6.963189700000062
<NA>,6408734420,61.141900693637645,,,,Rancabolang,Gedebage,12738,107.6952306716076,-6.963202838964076
<NA>,6408734420,57.9052286494003,,,,Rancabolang,Gedebage,12738,107.69516434999915,-6.963215999999995
<NA>,6408734420,55.493370093690665,,,,Rancabolang,Gedebage,12738,107.69509802839069,-6.963229161036045
<NA>,6408734420,54.01940796328252,,,,Rancabolang,Gedebage,12738,107.69503169999915,-6.963242300000051
<NA>,6408734420,53.55839444624922,,,,Rancabolang,Gedebage,12738,107.69496537160761,-6.963255438964098
<NA>,5348686324,10.913368686003313,,,,Cisaranten Endah,Arcamanik,21356,107.67209143292641,-6.924374002372365
<NA>,5348686324,18.3800281169154,,,,Cisaranten Endah,Arcamanik,21356,107.67218439999971,-6.924306950000842
<NA>,7691015012,18.31511364769645,,,,Cisaranten Endah,Arcamanik,21356,107.67222854999932,-6.924275150000797
<NA>,7691015012,14.013210380535051,,,,Cisaranten Endah,Arcamanik,21356,107.67226936666604,-6.92424569462574
<NA>,7691015012,10.862191133397257,,,,Cisaranten Endah,Arcamanik,21356,107.67231148326807,-6.924215355147004
<NA>,7691015012,10.391502266255277,,,,Cisaranten Endah,Arcamanik,21356,107.67235796701064,-6.924181846359791
<NA>,7691015012,13.407044626410322,,,,Cisaranten Endah,Arcamanik,21356,107.67240503321055,-6.924147954907901
<NA>,7691015012,18.45937421873559,,,,Cisaranten Endah,Arcamanik,21356,107.67245375205997,-6.924112817058761
<NA>,5348686323,15.102082953782386,,,,Cisaranten Endah,Arcamanik,21356,107.67250589842571,-6.924075232985889
<NA>,11305975594,137.56639047004143,,,,Campaka,Andir,18989,107.56430696401767,-6.8951319840443555
<NA>,11305975594,144.95512031330867,,,,Campaka,Andir,18989,107.56427609999835,-6.895191850006241
<NA>,11305975594,152.3500221808988,,,,Campaka,Andir,18989,107.56424523597904,-6.895251715968119
<NA>,11305975594,159.74881697758576,,,,Campaka,Andir,18989,107.56421441403218,-6.895311584045519
<NA>,11305975594,167.15362034808794,,,,Campaka,Andir,18989,107.56418354999835,-6.8953714500062375
<NA>,11305975594,136.03906617003443,,,,Campaka,Andir,18989,107.56415176655514,-6.895049035062322
<NA>,11305975594,142.70665981257022,,,,Campaka,Andir,18989,107.56412414999794,-6.8951026000069575
<NA>,11305975594,149.37942415454464,,,,Campaka,Andir,18989,107.56409649999793,-6.895156200006974
<NA>,11305975594,156.04961713302035,,,,Campaka,Andir,18989,107.56406883344073,-6.89520976495159
<NA>,11305975594,162.71521347189952,,,,Campaka,Andir,18989,107.56404126655514,-6.895263335062324
<NA>,11305975594,169.38286518587384,,,,Campaka,Andir,18989,107.56401364999793,-6.89531690000695
<NA>,11305975594,139.0190295219515,,,,Campaka,Andir,18989,107.56395309999752,-6.8949531500082735
<NA>,11305975594,146.0981387818313,,,,Campaka,Andir,18989,107.56392329999751,-6.895010950008273
<NA>,11305975594,153.18804438729697,,,,Campaka,Andir,18989,107.56389349999752,-6.895068750008285
<NA>,11305975594,160.2873136474031,,,,Campaka,Andir,18989,107.56386369999751,-6.895126550008264
<NA>,11305975594,167.39475518099343,,,,Campaka,Andir,18989,107.56383389999752,-6.895184350008271
<NA>,11305975594,174.50937042209165,,,,Campaka,Andir,18989,107.56380409999751,-6.895242150008276
<NA>,11305975594,148.34138262899424,,,,Campaka,Andir,18989,107.56374221379059,-6.894874280853073
<NA>,11305975594,153.870540636106,,,,Campaka,Andir,18989,107.56372465000018,-6.894928350002952
<NA>,11305975594,159.45613826427729,,,,Campaka,Andir,18989,107.5637070862098,-6.894982419152794
<NA>,11305975594,165.09126733695862,,,,Campaka,Andir,18989,107.56368955000019,-6.895036500002928
<NA>,11305975594,170.7721864154275,,,,Campaka,Andir,18989,107.56367201379058,-6.895090580853092
<NA>,11305975594,176.4955566162881,,,,Campaka,Andir,18989,107.56365445000019,-6.895144650002946
<NA>,11305975594,182.25631022508483,,,,Campaka,Andir,18989,107.56363688620979,-6.895198719152814
<NA>,11305975594,196.38170127832177,,,,Campaka,Andir,18989,107.56341675667305,-6.895162003727492
<NA>,11305975594,190.7680082156626,,,,Campaka,Andir,18989,107.56343508978017,-6.895106636307506
<NA>,11305975594,185.2065521788316,,,,Campaka,Andir,18989,107.56345341320788,-6.895051223161399
<NA>,11305975594,179.70221926187384,,,,Campaka,Andir,18989,107.56347179016313,-6.894995834333567
<NA>,11305975594,174.26721098948062,,,,Campaka,Andir,18989,107.56349012724013,-6.8949404520788935
<NA>,11770677717,158.25049040129204,,,,Campaka,Andir,18989,107.56342975000025,-6.894723800002759
<NA>,11770677717,164.34106473948293,,,,Campaka,Andir,18989,107.56341120000026,-6.894780950002756
<NA>,11770677717,170.47332664258815,,,,Campaka,Andir,18989,107.56339265000024,-6.894838100002767
<NA>,11770677717,176.6464042582312,,,,Campaka,Andir,18989,107.56337411277735,-6.8948952806365496
<NA>,11770677717,182.84818153730782,,,,Campaka,Andir,18989,107.56335553721178,-6.89495241937366
<NA>,11770677717,189.0829811289875,,,,Campaka,Andir,18989,107.56333701277735,-6.895009580636553
<NA>,11770677717,195.34245342741562,,,,Campaka,Andir,18989,107.56331843721178,-6.89506671937364
<NA>,11770677717,140.78923518107297,,,,Campaka,Andir,18989,107.56327025,-6.89457420000395
<NA>,11770677717,146.83356559153899,,,,Campaka,Andir,18989,107.56325133159892,-6.894628598298664
<NA>,11770677717,152.90498726582427,,,,Campaka,Andir,18989,107.56323240000002,-6.894683000003944
<NA>,11770677717,159.00005617150765,,,,Campaka,Andir,18989,107.56321346840107,-6.894737401709219
<NA>,11770677717,165.1156965439195,,,,Campaka,Andir,18989,107.56319455,-6.894791800003925
<NA>,11770677717,171.25008291104308,,,,Campaka,Andir,18989,107.56317563159892,-6.894846198298662
<NA>,11770677717,177.40175601811399,,,,Campaka,Andir,18989,107.5631567,-6.89490060000393
<NA>,11770677717,183.56856686167106,,,,Campaka,Andir,18989,107.56313776840108,-6.894955001709178
<NA>,11770677717,189.74852953451642,,,,Campaka,Andir,18989,107.56311885,-6.89500940000394
<NA>,11770677717,142.17905331266584,,,,Campaka,Andir,18989,107.56310330000021,-6.894575050001821
<NA>,11770677717,148.3275502991955,,,,Campaka,Andir,18989,107.5630847000002,-6.8946285500018005
<NA>,11770677717,154.48559029848414,,,,Campaka,Andir,18989,107.56306610000021,-6.894682050001788
<NA>,11770677717,160.65207590141637,,,,Campaka,Andir,18989,107.56304750000021,-6.894735550001782
<NA>,11770677717,166.82700267577457,,,,Campaka,Andir,18989,107.56302886937567,-6.894789053446666
<NA>,11770677717,173.00770076289,,,,Campaka,Andir,18989,107.56301023062477,-6.894842546556936
<NA>,11770677717,179.19310261983858,,,,Campaka,Andir,18989,107.562991610981,-6.894896030633171
<NA>,11770677717,185.38216298710708,,,,Campaka,Andir,18989,107.5629730000002,-6.894949500001821
<NA>,1666232460,188.8353409576941,,,,Campaka,Andir,18989,107.56336022986947,-6.895324804464295
<NA>,1666232460,186.26473890715278,,,,Campaka,Andir,18989,107.563303450002,-6.895304199998551
<NA>,1666232460,183.9034285699458,,,,Campaka,Andir,18989,107.56324665000201,-6.8952835499985685
<NA>,1666232460,181.757390383245,,,,Campaka,Andir,18989,107.56318986833506,-6.895262913878033
<NA>,1666232460,179.8380395277011,,,,Campaka,Andir,18989,107.56313313347177,-6.8952422678015
<NA>,1666232460,178.1456387301274,,,,Campaka,Andir,18989,107.5630763481906,-6.895221618339447
<NA>,1666232460,176.68623241750026,,,,Campaka,Andir,18989,107.563019550002,-6.895200999998579
<NA>,1666232460,175.4690106557471,,,,Campaka,Andir,18989,107.56296277013453,-6.895180395532827
<NA>,1666232460,174.5097262954563,,,,Campaka,Andir,18989,107.56290602986945,-6.89515970446429
<NA>,1666232460,173.79148247600375,,,,Campaka,Andir,18989,107.562849250002,-6.895139099998549
<NA>,1666232460,173.3279052959056,,,,Campaka,Andir,18989,107.56279247013454,-6.895118495532831
<NA>,1666232460,198.61944307337603,,,,Campaka,Andir,18989,107.56353970000156,-6.895384499999012
<NA>,9681484923,193.58346118553456,,,,Campaka,Andir,18989,107.56413385000174,-6.8956124999986566
<NA>,11305975594,194.1383524703878,,,,Campaka,Andir,18989,107.56408446807184,-6.895594614894705
<NA>,11305975594,194.36738088775135,,,,Campaka,Andir,18989,107.56403510000175,-6.895576699998652
<NA>,11305975594,194.7675404041869,,,,Campaka,Andir,18989,107.56398573337131,-6.895558767049979
<NA>,11305975594,195.33899565345422,,,,Campaka,Andir,18989,107.56393634855202,-6.895540818078496
<NA>,11305975594,196.08481486535376,,,,Campaka,Andir,18989,107.56388695000173,-6.895522899998655
<NA>,11305975594,197.00157091727945,,,,Campaka,Andir,18989,107.56383756807183,-6.895505014894711
<NA>,11305975594,198.08086594090787,,,,Campaka,Andir,18989,107.56378820000174,-6.895487099998624
<NA>,11305975594,199.32363042210523,,,,Campaka,Andir,18989,107.56373883193164,-6.895469185102546
<NA>,11305975594,200.73041051466643,,,,Campaka,Andir,18989,107.56368945000173,-6.895451299998636
<NA>,1666232460,194.82219134870974,,,,Campaka,Andir,18989,107.56347497729247,-6.895363857364109
<NA>,11305975594,202.29254184078374,,,,Campaka,Andir,18989,107.5636400695085,-6.895433396810136
<NA>,9339630687,178.6148810802602,,,,Campaka,Andir,18989,107.56498095209191,-6.895922731482979
<NA>,9339630687,179.45692402517955,,,,Campaka,Andir,18989,107.56492385000182,-6.895901899998816
<NA>,9339630687,180.54549727509576,,,,Campaka,Andir,18989,107.56486674791172,-6.895881068514653
<NA>,9339630687,181.8752839016745,,,,Campaka,Andir,18989,107.56480965209191,-6.895860231482952
<NA>,9681484923,182.39065225370754,,,,Campaka,Andir,18989,107.56475255000181,-6.895839399998798
<NA>,9681484923,182.25075633155754,,,,Campaka,Andir,18989,107.56469546850977,-6.89581861311535
<NA>,9681484923,182.35206507096174,,,,Campaka,Andir,18989,107.56463839792188,-6.895797768503782
<NA>,9681484923,182.70252587608113,,,,Campaka,Andir,18989,107.56458130208176,-6.895776931493855
<NA>,9681484923,183.2998310395923,,,,Campaka,Andir,18989,107.56452420000183,-6.8957560999987875
<NA>,9681484923,184.14372241410322,,,,Campaka,Andir,18989,107.56446710000182,-6.8957352999988135
<NA>,9681484923,185.22489286569618,,,,Campaka,Andir,18989,107.56440999792189,-6.895714468503778
<NA>,9681484923,186.53821411190518,,,,Campaka,Andir,18989,107.56435293357487,-6.8956936183744615
<NA>,9681484923,188.08663699219403,,,,Campaka,Andir,18989,107.56429585000181,-6.8956727999987955
<NA>,9681484923,189.86044818271043,,,,Campaka,Andir,18989,107.56423874791173,-6.895651968514654
<NA>,1666232460,173.1315521411863,,,,Campaka,Andir,18989,107.56273572986947,-6.895097804464318
<NA>,11770677717,191.57922741353542,,,,Campaka,Andir,18989,107.56295440000021,-6.8950030000018
<NA>,1666232460,194.27585844901444,,,,Campaka,Andir,18989,107.56309993159894,-6.895063798298648
<NA>,11305975594,168.90547194454822,,,,Campaka,Andir,18989,107.56350845933339,-6.894885084771383
<NA>,1666232460,201.3723002642302,,,,Campaka,Andir,18989,107.56329991277735,-6.8951238806365565
<NA>,11305975594,188.04741191282045,,,,Campaka,Andir,18989,107.5636193638028,-6.895252780848798
<NA>,11305975594,181.63031633138363,,,,Campaka,Andir,18989,107.56377429999753,-6.895299950008278
<NA>,11305975594,174.56444851328087,,,,Campaka,Andir,18989,107.56415263597906,-6.895431315968104
<NA>,11305975594,176.05311605013662,,,,Campaka,Andir,18989,107.56398604999794,-6.895370500006957
<NA>,9681484923,153.75949487021327,,,,Campaka,Andir,18989,107.56441819999975,-6.8953787500029575
<NA>,9681484923,161.62594160477565,,,,Campaka,Andir,18989,107.56438504999973,-6.895442750002957
<NA>,9339630687,157.96256788060302,,,,Campaka,Andir,18989,107.56492206561305,-6.895675564628442
<NA>,9681484923,158.41126677148085,,,,Campaka,Andir,18989,107.56486753311279,-6.8956477197732315
<NA>,9681484923,157.22656847128104,,,,Campaka,Andir,18989,107.56481296561344,-6.8956199146133725
<NA>,9681484923,156.31912534282986,,,,Campaka,Andir,18989,107.56475843567576,-6.895592050993108
<NA>,9681484923,155.71087077498095,,,,Campaka,Andir,18989,107.56470386561305,-6.895564264628417
<NA>,9681484923,155.38878423181643,,,,Campaka,Andir,18989,107.56464934871059,-6.895536434398053
<NA>,9681484923,155.35933060941196,,,,Campaka,Andir,18989,107.56459483439501,-6.895508585382582
<NA>,9681484923,155.6318710860832,,,,Campaka,Andir,18989,107.56454026689566,-6.895480780222717
<NA>,9339630687,138.2174182645376,,,,Campaka,Andir,18989,107.56510289130665,-6.895574967687458
<NA>,9339630687,147.82945774583385,,,,Campaka,Andir,18989,107.56506295870327,-6.895652132318632
<NA>,9339630687,127.31381112262875,,,,Campaka,Andir,18989,107.56531044999903,-6.895559150004026
<NA>,9339630687,133.8136810310332,,,,Campaka,Andir,18989,107.56528319999903,-6.8956118000040085
<NA>,9339630687,140.3178321389479,,,,Campaka,Andir,18989,107.5652559836047,-6.895664450365213
<NA>,9339630687,146.82340788923528,,,,Campaka,Andir,18989,107.56522871639338,-6.895717049642822
<NA>,9339630687,153.33132208979472,,,,Campaka,Andir,18989,107.56520149999905,-6.895769650004031
<NA>,9339630687,92.45554737275953,,,,Campaka,Andir,18989,107.56545208353315,-6.895274100271424
<NA>,9339630687,97.87638744013647,,,,Campaka,Andir,18989,107.56542918744177,-6.895318316480486
<NA>,9339630687,103.30809579149222,,,,Campaka,Andir,18989,107.56540629999937,-6.895362550002736
<NA>,9339630687,108.744637464572,,,,Campaka,Andir,18989,107.56538339999935,-6.895406750002752
<NA>,9339630687,114.18800091040154,,,,Campaka,Andir,18989,107.56536049999937,-6.895450950002745
<NA>,9339630687,159.84935305148252,,,,Campaka,Andir,18989,107.56517424999903,-6.895822300004037
<NA>,9339630687,157.43579220808283,,,,Campaka,Andir,18989,107.56502304999972,-6.895729250003994
<NA>,9681484923,156.1921520495241,,,,Campaka,Andir,18989,107.56448573439542,-6.895452935367502
<NA>,9681484923,169.5024903344937,,,,Campaka,Andir,18989,107.56435189999974,-6.895506750002943
<NA>,9339630687,140.90573758929597,,,,Campaka,Andir,18989,107.56495691512583,-6.89551316581165
<NA>,9681484923,140.16292992651705,,,,Campaka,Andir,18989,107.5649062848799,-6.895487284202105
<NA>,9681484923,139.100020060341,,,,Campaka,Andir,18989,107.56485561512584,-6.895461465811657
<NA>,9681484923,138.31382381169814,,,,Campaka,Andir,18989,107.56480494822519,-6.895435634873143
<NA>,9681484923,137.80475404737513,,,,Campaka,Andir,18989,107.56475428666022,-6.8954097493243856
<NA>,9681484923,137.59247571054055,,,,Campaka,Andir,18989,107.56470361512584,-6.895383965811632
<NA>,9681484923,137.65567436058078,,,,Campaka,Andir,18989,107.5646529848799,-6.895358084202084
<NA>,9681484923,138.01397761159288,,,,Campaka,Andir,18989,107.56460231512584,-6.895332265811656
<NA>,9681484923,138.65201477137967,,,,Campaka,Andir,18989,107.5645516831018,-6.8953064190778806
<NA>,9681484923,139.57366989695944,,,,Campaka,Andir,18989,107.56450101690672,-6.89528058091778
<NA>,9681484923,140.7713095324597,,,,Campaka,Andir,18989,107.56445035000426,-6.895254749997836
<NA>,9339630687,118.54301349893021,,,,Campaka,Andir,18989,107.56505100000379,-6.89533164999815
<NA>,9681484923,118.05801036032291,,,,Campaka,Andir,18989,107.56499920125559,-6.895305365626057
<NA>,9681484923,116.78639534157658,,,,Campaka,Andir,18989,107.56494739875203,-6.895279134370232
<NA>,9681484923,115.85164322286393,,,,Campaka,Andir,18989,107.5648956000038,-6.89525284999817
<NA>,9681484923,115.26636212615504,,,,Campaka,Andir,18989,107.56484380000379,-6.895226549998164
<NA>,9681484923,115.03932424237597,,,,Campaka,Andir,18989,107.5647920343776,-6.895200285291428
<NA>,9681484923,115.17412937900737,,,,Campaka,Andir,18989,107.56474025000381,-6.895174049998158
<NA>,9681484923,115.6606396841216,,,,Campaka,Andir,18989,107.5646884500038,-6.895147749998137
<NA>,9681484923,116.50163428007144,,,,Campaka,Andir,18989,107.56463666688259,-6.895121480331209
<NA>,9681484923,117.68855545223296,,,,Campaka,Andir,18989,107.56458489875202,-6.89509523437025
<NA>,9339630687,102.25885550293066,,,,Campaka,Andir,18989,107.56512119930474,-6.895199983876483
<NA>,9681484923,102.1204638290539,,,,Campaka,Andir,18989,107.5650692845566,-6.895173602718804
<NA>,9681484923,100.62396963391538,,,,Campaka,Andir,18989,107.56501731544977,-6.8951472972783625
<NA>,9681484923,99.51646497236761,,,,Campaka,Andir,18989,107.56496540000319,-6.89512094999856
<NA>,9681484923,98.81695659367402,,,,Campaka,Andir,18989,107.5649134845566,-6.895094602718805
<NA>,9681484923,98.53792377476029,,,,Campaka,Andir,18989,107.5648615493176,-6.89506828386696
<NA>,9681484923,98.67566776188734,,,,Campaka,Andir,18989,107.56480961682087,-6.895041929542616
<NA>,9681484923,99.23181064399871,,,,Campaka,Andir,18989,107.56475768318549,-6.895015570454532
<NA>,9681484923,100.20316182369355,,,,Campaka,Andir,18989,107.56470575000318,-6.89498924999859
<NA>,9681484923,101.5742391688012,,,,Campaka,Andir,18989,107.56465381682087,-6.894962929542624
<NA>,9681484923,119.20892352096025,,,,Campaka,Andir,18989,107.5645331000038,-6.895068949998156
<NA>,9681484923,103.32592709805338,,,,Campaka,Andir,18989,107.56460189930476,-6.894936583876477
<NA>,9681484923,71.20705238761737,,,,Campaka,Andir,18989,107.56521924999915,-6.894912250004234
<NA>,9681484923,78.08257567305604,,,,Campaka,Andir,18989,107.56518848312331,-6.894972199707084
<NA>,9681484923,84.15053959501688,,,,Campaka,Andir,18989,107.5646859000027,-6.8947734999991
<NA>,9681484923,81.7880572688535,,,,Campaka,Andir,18989,107.56474335000269,-6.894802549999083
<NA>,9681484923,79.99156783395141,,,,Campaka,Andir,18989,107.56480080000269,-6.894831599999059
<NA>,9681484923,78.79977463934223,,,,Campaka,Andir,18989,107.56485826695275,-6.894860661210245
<NA>,9681484923,78.23751988391815,,,,Campaka,Andir,18989,107.56491573305205,-6.894889688773625
<NA>,9681484923,78.3272325613271,,,,Campaka,Andir,18989,107.56497316695275,-6.894918761210222
<NA>,9681484923,85.05595230140322,,,,Campaka,Andir,18989,107.56515771688274,-6.89503215031266
<NA>,9681484923,79.05477175629635,,,,Campaka,Andir,18989,107.56503063305205,-6.894947788773633
<NA>,11305975594,98.17093624949864,,,,Campaka,Andir,18989,107.56445994999855,-6.894807750006172
<NA>,11305975594,106.28047627390805,,,,Campaka,Andir,18989,107.56442588737731,-6.894873816486096
<NA>,11305975594,114.40902699122694,,,,Campaka,Andir,18989,107.56439179999857,-6.894939900006162
<NA>,11305975594,96.86705671277996,,,,Campaka,Andir,18989,107.56431121643058,-6.894732849695411
<NA>,11305975594,105.0071950497652,,,,Campaka,Andir,18989,107.56427749999852,-6.8947982500061675
<NA>,11305975594,113.14918657630471,,,,Campaka,Andir,18989,107.56424381276285,-6.89486368357418
<NA>,11305975594,122.55106679409374,,,,Campaka,Andir,18989,107.56435774999856,-6.895006000006155
<NA>,11305975594,121.29092765988507,,,,Campaka,Andir,18989,107.56421009999852,-6.8949291000061725
<NA>,11305975594,124.54814119355719,,,,Campaka,Andir,18989,107.56401673581996,-6.8948367159062025
<NA>,11305975594,117.66000861167547,,,,Campaka,Andir,18989,107.56404589999849,-6.89478015000571
<NA>,11305975594,110.78928476967445,,,,Campaka,Andir,18989,107.56407504999848,-6.894723550005703
<NA>,11305975594,103.93811612851977,,,,Campaka,Andir,18989,107.56410424999851,-6.89466695000568
<NA>,11305975594,97.11862851148649,,,,Campaka,Andir,18989,107.56413339999848,-6.894610350005698
<NA>,11305975594,90.33526900591897,,,,Campaka,Andir,18989,107.56416256417698,-6.894553784105173
<NA>,11305975594,83.59382893143595,,,,Campaka,Andir,18989,107.56419173581997,-6.8944972159061955
<NA>,11305975594,76.90438895529843,,,,Campaka,Andir,18989,107.56422093409813,-6.894440650947728
<NA>,11305975594,19.373763419725545,,,,Campaka,Andir,18989,107.56456921679163,-6.894042900195547
<NA>,11305975594,25.77842432900165,,,,Campaka,Andir,18989,107.56453788320671,-6.894101099811986
<NA>,11305975594,32.56802346956169,,,,Campaka,Andir,18989,107.56450654999915,-6.894159300003775
<NA>,11305975594,39.54297866862225,,,,Campaka,Andir,18989,107.56447520593278,-6.894217466988119
<NA>,11305975594,46.61841999938276,,,,Campaka,Andir,18989,107.56444389406552,-6.894275633019422
<NA>,11305975594,53.75867943620948,,,,Campaka,Andir,18989,107.56441254999915,-6.894333800003791
<NA>,11305975594,60.93915230567981,,,,Campaka,Andir,18989,107.56438124999916,-6.8943920000037755
<NA>,9681484923,60.51772177301904,,,,Campaka,Andir,18989,107.56480260000376,-6.894576049998461
<NA>,9681484923,64.57313628383322,,,,Campaka,Andir,18989,107.5647411001563,-6.894545016552443
<NA>,11305975594,61.421047914802244,,,,Campaka,Andir,18989,107.5646796163861,-6.894513995854271
<NA>,11305975594,58.961472438526556,,,,Campaka,Andir,18989,107.56461815000377,-6.894482949998469
<NA>,11305975594,57.41758516217289,,,,Campaka,Andir,18989,107.56455668345797,-6.894451937596736
<NA>,11305975594,9.349449544956492,,,,Campaka,Andir,18989,107.56479760000158,-6.893919299999263
<NA>,11305975594,6.053249955892223,,,,Campaka,Andir,18989,107.56475780000159,-6.894003649999268
<NA>,11305975594,14.096085192979924,,,,Campaka,Andir,18989,107.56471800000158,-6.89408794999927
<NA>,13142081220,33.30695228479215,,,,Cisaranten Kidul,Gedebage,22102,107.70433960000008,-6.965580249999338
<NA>,13142081220,35.21800589444776,,,,Cisaranten Kidul,Gedebage,22102,107.7042846000001,-6.965575249999327
<NA>,13142081220,38.021937272905426,,,,Cisaranten Kidul,Gedebage,22102,107.70422962329768,-6.9655702634173515
<NA>,13142081220,41.542062723355336,,,,Cisaranten Kidul,Gedebage,22102,107.70417465000008,-6.965565249999337
<NA>,13142081220,45.61150706936543,,,,Cisaranten Kidul,Gedebage,22102,107.70411965000008,-6.965560249999324
<NA>,13142081220,50.09164189272107,,,,Cisaranten Kidul,Gedebage,22102,107.70406467669353,-6.96555528657738
<NA>,13142081220,54.88408796896247,,,,Cisaranten Kidul,Gedebage,22102,107.70400970000009,-6.965550349999331
<NA>,13142081220,59.92185853370213,,,,Cisaranten Kidul,Gedebage,22102,107.70395470000008,-6.965545349999337
<NA>,13142081220,65.1398665307955,,,,Cisaranten Kidul,Gedebage,22102,107.70389972329767,-6.965540363417382
<NA>,13142081220,70.50165188265244,,,,Cisaranten Kidul,Gedebage,22102,107.70384475000007,-6.965535349999332
<NA>,13142081220,75.97736854187517,,,,Cisaranten Kidul,Gedebage,22102,107.70378975000008,-6.965530349999334
<NA>,13142081220,43.50568332509783,,,,Cisaranten Kidul,Gedebage,22102,107.70434230000023,-6.965487100000083
<NA>,13142081220,45.08626243624764,,,,Cisaranten Kidul,Gedebage,22102,107.70428800000023,-6.965481800000054
<NA>,13142081220,47.39290243194863,,,,Cisaranten Kidul,Gedebage,22102,107.70423370000023,-6.9654764500000805
<NA>,13142081220,50.323571233591935,,,,Cisaranten Kidul,Gedebage,22102,107.70417935000023,-6.965471100000098
<NA>,13142081220,53.77057522228414,,,,Cisaranten Kidul,Gedebage,22102,107.70412500000022,-6.96546580000009
<NA>,13142081220,57.64232183315615,,,,Cisaranten Kidul,Gedebage,22102,107.70407070000023,-6.965460500000079
<NA>,13142081220,61.86530039802918,,,,Cisaranten Kidul,Gedebage,22102,107.70401640000023,-6.965455150000063
<NA>,13142081220,66.36869800652002,,,,Cisaranten Kidul,Gedebage,22102,107.70396210000023,-6.965449800000081
<NA>,13142081220,71.09551391067708,,,,Cisaranten Kidul,Gedebage,22102,107.70390780000024,-6.965444500000078
<NA>,13142081220,76.01173614222371,,,,Cisaranten Kidul,Gedebage,22102,107.70385345000022,-6.965439200000087
<NA>,13142081220,81.08310861385837,,,,Cisaranten Kidul,Gedebage,22102,107.70379910000023,-6.965433850000104
<NA>,5461004257,67.76367445963848,,,,Cisaranten Kidul,Gedebage,22102,107.70364485000063,-6.965511199999749
<NA>,5461004257,61.745713248556484,,,,Cisaranten Kidul,Gedebage,22102,107.70358165000063,-6.965497399999744
<NA>,5461004257,55.995536939047035,,,,Cisaranten Kidul,Gedebage,22102,107.70351845000064,-6.965483599999739
<NA>,5461004257,50.60451290503912,,,,Cisaranten Kidul,Gedebage,22102,107.70345525000063,-6.965469799999752
<NA>,5461004257,45.70138661435609,,,,Cisaranten Kidul,Gedebage,22102,107.70339204464784,-6.965455971334626
<NA>,5461004257,41.45869886117986,,,,Cisaranten Kidul,Gedebage,22102,107.70332885000063,-6.965442149999764
<NA>,5461004257,38.09469371470358,,,,Cisaranten Kidul,Gedebage,22102,107.70326565000063,-6.965428349999743
<NA>,5461004257,72.70804606557518,,,,Cisaranten Kidul,Gedebage,22102,107.70365310000047,-6.965415000000182
<NA>,5461004257,67.38861715510244,,,,Cisaranten Kidul,Gedebage,22102,107.70359160000046,-6.965402200000173
<NA>,5461004257,62.38537995945619,,,,Cisaranten Kidul,Gedebage,22102,107.70353005000048,-6.965389400000186
<NA>,5461004257,57.78675860367925,,,,Cisaranten Kidul,Gedebage,22102,107.70346850000048,-6.965376600000183
<NA>,5461004257,53.70463068767546,,,,Cisaranten Kidul,Gedebage,22102,107.70340700000048,-6.9653637500001775
<NA>,5461004257,50.25544849921115,,,,Cisaranten Kidul,Gedebage,22102,107.70334550000047,-6.965350900000182
<NA>,5461004257,47.56949130329539,,,,Cisaranten Kidul,Gedebage,22102,107.70328395000047,-6.965338100000179
<NA>,4054903366,39.58370631517946,,,,Cisaranten Kidul,Gedebage,22102,107.703017371389,-6.965275708504406
<NA>,4054903366,39.31871325498865,,,,Cisaranten Kidul,Gedebage,22102,107.70296345000038,-6.9652636000002
<NA>,4054903366,40.20712886577806,,,,Cisaranten Kidul,Gedebage,22102,107.70290482093952,-6.9652494642178935
<NA>,4054903366,42.27870992223033,,,,Cisaranten Kidul,Gedebage,22102,107.70284215776137,-6.965234678525491
<NA>,4054903366,45.24375427558461,,,,Cisaranten Kidul,Gedebage,22102,107.70277949205254,-6.965221221508198
<NA>,4054903366,49.08299897683166,,,,Cisaranten Kidul,Gedebage,22102,107.7027148583715,-6.9652084282714055
<NA>,4054903366,53.32264960091989,,,,Cisaranten Kidul,Gedebage,22102,107.70265484336282,-6.965196271392547
<NA>,4054903366,30.10051614201961,,,,Cisaranten Kidul,Gedebage,22102,107.70301415000034,-6.965367000000266
<NA>,4054903366,29.390228898619455,,,,Cisaranten Kidul,Gedebage,22102,107.70296049290765,-6.965354721349382
<NA>,4054903366,29.923266750032305,,,,Cisaranten Kidul,Gedebage,22102,107.7029068570775,-6.965342478654411
<NA>,4054903366,31.643602345968596,,,,Cisaranten Kidul,Gedebage,22102,107.70285320000033,-6.965330200000271
<NA>,4054903366,34.37060012380707,,,,Cisaranten Kidul,Gedebage,22102,107.70279954292319,-6.96531792134612
<NA>,4054903366,37.886095405869305,,,,Cisaranten Kidul,Gedebage,22102,107.70274590000034,-6.965305650000261
<NA>,4054903366,41.993304914915626,,,,Cisaranten Kidul,Gedebage,22102,107.70269225707749,-6.965293378654396
<NA>,4054903366,46.53603851479502,,,,Cisaranten Kidul,Gedebage,22102,107.70263859290765,-6.9652811213493875
<NA>,4054903366,58.38927290334158,,,,Cisaranten Kidul,Gedebage,22102,107.70250710000045,-6.965257350000035
<NA>,4054903366,64.05467832841276,,,,Cisaranten Kidul,Gedebage,22102,107.70245030000045,-6.965244700000039
<NA>,4054903366,69.84913847316189,,,,Cisaranten Kidul,Gedebage,22102,107.70239355000045,-6.9652320500000435
<NA>,4054903366,75.7438242147186,,,,Cisaranten Kidul,Gedebage,22102,107.7023368060347,-6.965219428632658
<NA>,4054903366,81.72750681978751,,,,Cisaranten Kidul,Gedebage,22102,107.70227999396621,-6.965206771367417
<NA>,4054903366,63.87076356965731,,,,Cisaranten Kidul,Gedebage,22102,107.70252345000044,-6.965172850000298
<NA>,4054903366,69.40427474125345,,,,Cisaranten Kidul,Gedebage,22102,107.70246420000046,-6.965158900000306
<NA>,4054903366,75.1335788167462,,,,Cisaranten Kidul,Gedebage,22102,107.70240495000043,-6.965144950000289
<NA>,4054903366,81.01662649417251,,,,Cisaranten Kidul,Gedebage,22102,107.70234575000043,-6.965130950000285
<NA>,4054903366,87.02289640010196,,,,Cisaranten Kidul,Gedebage,22102,107.70228650000044,-6.965117000000289
<NA>,11250407096,169.78204807763655,,,,Cisaranten Kidul,Gedebage,22102,107.69992774999045,-6.957648500002501
<NA>,11373181575,175.30297293320922,,,,Cisaranten Kidul,Gedebage,22102,107.69978951971233,-6.9577160333080315
<NA>,11373181575,146.2490014979389,,,,Cisaranten Kidul,Gedebage,22102,107.69985346754063,-6.957974787265588
<NA>,11373181575,153.17296133070846,,,,Cisaranten Kidul,Gedebage,22102,107.69999819998012,-6.957912500004925
<NA>,11373181575,125.45093358430385,,,,Cisaranten Kidul,Gedebage,22102,107.70065475302103,-6.958428771132592
<NA>,11373181575,114.21336915669262,,,,Cisaranten Kidul,Gedebage,22102,107.70051969998454,-6.958452549993953
<NA>,11373181575,103.97778596767607,,,,Cisaranten Kidul,Gedebage,22102,107.70038464694801,-6.958476328855301
<NA>,11373181575,95.07249931837168,,,,Cisaranten Kidul,Gedebage,22102,107.70024960302419,-6.958500071134904
<NA>,11373181575,87.8968772503656,,,,Cisaranten Kidul,Gedebage,22102,107.70011451808448,-6.958523810904438
<NA>,11373181575,82.89994661370092,,,,Cisaranten Kidul,Gedebage,22102,107.69997948188453,-6.958547589083492
<NA>,11373181575,63.82584381127439,,,,Cisaranten Kidul,Gedebage,22102,107.70018085475333,-6.958778821833975
<NA>,11373181575,84.63827739561964,,,,Cisaranten Kidul,Gedebage,22102,107.70044194999518,-6.9587328999991165
<NA>,11373181575,96.71902368325873,,,,Cisaranten Kidul,Gedebage,22102,107.70057254999517,-6.958709899999114
<NA>,11373181575,123.78824595951123,,,,Cisaranten Kidul,Gedebage,22102,107.70084559999495,-6.9586618999989325
<NA>,11373181575,136.9277390223511,,,,Cisaranten Kidul,Gedebage,22102,107.70097289999495,-6.958639499998925
<NA>,10596741996,146.4341602044169,,,,Cisaranten Kidul,Gedebage,22102,107.70110019999497,-6.958617099998941
<NA>,11373181575,39.49075371480553,,,,Cisaranten Kidul,Gedebage,22102,107.7002458499997,-6.959143250001344
<NA>,11373181575,53.78574658466077,,,,Cisaranten Kidul,Gedebage,22102,107.7003764499997,-6.959120250001344
<NA>,11373181575,68.23780283147443,,,,Cisaranten Kidul,Gedebage,22102,107.7005070499997,-6.959097250001365
<NA>,11373181575,82.76305761783364,,,,Cisaranten Kidul,Gedebage,22102,107.70063764999969,-6.959074300001344
<NA>,10596741996,124.78813580503264,,,,Cisaranten Kidul,Gedebage,22102,107.70116524999946,-6.958981450001179
<NA>,7216077614,111.31251053267627,,,,Cisaranten Kidul,Gedebage,22102,107.70091069999948,-6.9590262500011555
<NA>,10596741996,125.09007860516229,,,,Cisaranten Kidul,Gedebage,22102,107.70137774999323,-6.958548400003211
<NA>,11373181575,109.43204258010145,,,,Cisaranten Kidul,Gedebage,22102,107.70070315475334,-6.958686921833981
<NA>,11373181575,55.72246557625705,,,,Cisaranten Kidul,Gedebage,22102,107.70003684999719,-6.958804150000781
<NA>,11373181575,97.32722170806468,,,,Cisaranten Kidul,Gedebage,22102,107.70076822788805,-6.959051358831158
<NA>,11373181575,24.246988004100373,,,,Cisaranten Kidul,Gedebage,22102,107.70010185000172,-6.959168600003016
<NA>,11373181572,119.73118656626428,,,,Cisaranten Kidul,Gedebage,22102,107.69878487790378,-6.959400259239494
<NA>,11373181572,105.75330321438278,,,,Cisaranten Kidul,Gedebage,22102,107.6986598220949,-6.959422240762595
<NA>,11373181572,77.86333749356119,,,,Cisaranten Kidul,Gedebage,22102,107.69840969999933,-6.95946625000106
<NA>,11373181572,63.98355737160645,,,,Cisaranten Kidul,Gedebage,22102,107.69828464999932,-6.959488250001046
<NA>,11373181572,50.19353642546296,,,,Cisaranten Kidul,Gedebage,22102,107.69815959999933,-6.959510250001047
<NA>,11373181572,36.5925968784275,,,,Cisaranten Kidul,Gedebage,22102,107.69803452209489,-6.9595322407625915
<NA>,11373181575,95.7864670349007,,,,Cisaranten Kidul,Gedebage,22102,107.69905812212673,-6.959352141637762
<NA>,11373181575,49.99674505341002,,,,Cisaranten Kidul,Gedebage,22102,107.69947052212672,-6.959279641637762
<NA>,11373181572,23.51931532436769,,,,Cisaranten Kidul,Gedebage,22102,107.69790947790376,-6.959554259239499
<NA>,11373181575,123.39853436442377,,,,Cisaranten Kidul,Gedebage,22102,107.6988423047402,-6.9590143218289855
<NA>,11373181572,129.0595976624524,,,,Cisaranten Kidul,Gedebage,22102,107.69871199999515,-6.959037249999111
<NA>,11373181572,102.91030897028493,,,,Cisaranten Kidul,Gedebage,22102,107.6984513952501,-6.959083078169212
<NA>,11373181572,90.55252833075245,,,,Cisaranten Kidul,Gedebage,22102,107.69832109999514,-6.959105999999103
<NA>,11373181572,59.97049024300857,,,,Cisaranten Kidul,Gedebage,22102,107.69793029999516,-6.959174749999097
<NA>,11373181572,55.20086667715605,,,,Cisaranten Kidul,Gedebage,22102,107.69780956161114,-6.959188140251695
<NA>,11373181575,108.95177152380067,,,,Cisaranten Kidul,Gedebage,22102,107.69898574999465,-6.9589890999986865
<NA>,11373181575,97.00586881205932,,,,Cisaranten Kidul,Gedebage,22102,107.69910849999465,-6.9589674999986855
<NA>,11373181575,85.61379676518123,,,,Cisaranten Kidul,Gedebage,22102,107.69923124999465,-6.958945899998693
<NA>,11373181575,75.02362618915481,,,,Cisaranten Kidul,Gedebage,22102,107.69935404999465,-6.958924299998681
<NA>,11373181575,55.87598796826084,,,,Cisaranten Kidul,Gedebage,22102,107.69964370000233,-6.958873350005073
<NA>,11373181575,118.85976919824503,,,,Cisaranten Kidul,Gedebage,22102,107.69901572917117,-6.958717663452551
<NA>,10596741969,172.2815418903261,,,,Cisaranten Kidul,Gedebage,22102,107.69517667638877,-6.949795388564881
<NA>,11513213946,162.22658547596524,,,,Cisaranten Kidul,Gedebage,22102,107.6950979330679,-6.9496709663059475
<NA>,11513213946,152.4525493431908,,,,Cisaranten Kidul,Gedebage,22102,107.69499440000124,-6.949767200002307
<NA>,11513213946,126.16861838087556,,,,Cisaranten Kidul,Gedebage,22102,107.69475184609313,-6.949766391895279
<NA>,11513213946,108.49941594063507,,,,Cisaranten Kidul,Gedebage,22102,107.6945839950755,-6.94977827203184
<NA>,4054886233,61.17743958500513,,,,Cisaranten Kidul,Gedebage,22102,107.70506654655773,-6.95838267859979
<NA>,11373181571,64.69702194623143,,,,Cisaranten Kidul,Gedebage,22102,107.70500825343775,-6.9583928213985615
<NA>,11373181571,68.55007822846129,,,,Cisaranten Kidul,Gedebage,22102,107.70494994999775,-6.958402949999163
<NA>,11373181571,72.78854112917372,,,,Cisaranten Kidul,Gedebage,22102,107.70489164655774,-6.958413078599778
<NA>,11373181571,77.34725259623943,,,,Cisaranten Kidul,Gedebage,22102,107.70483335343778,-6.958423221398559
<NA>,11373181571,82.17630175147914,,,,Cisaranten Kidul,Gedebage,22102,107.70477504999775,-6.958433349999151
<NA>,11373181571,87.23040768356076,,,,Cisaranten Kidul,Gedebage,22102,107.70471674999774,-6.958443449999157
<NA>,11373181571,92.47042133524538,,,,Cisaranten Kidul,Gedebage,22102,107.70465844655774,-6.958453578599786
<NA>,11373181571,51.98938689374477,,,,Cisaranten Kidul,Gedebage,22102,107.70504367884763,-6.958523918158528
<NA>,11373181571,56.10054561059561,,,,Cisaranten Kidul,Gedebage,22102,107.70499094699153,-6.95853307884163
<NA>,11373181571,60.51321322161966,,,,Cisaranten Kidul,Gedebage,22102,107.70493822415769,-6.958542202980419
<NA>,11373181571,65.1624789371243,,,,Cisaranten Kidul,Gedebage,22102,107.70488547884761,-6.958551418158532
<NA>,11373181571,70.00612920090765,,,,Cisaranten Kidul,Gedebage,22102,107.70483274999758,-6.95856054999902
<NA>,11373181571,75.00406128037517,,,,Cisaranten Kidul,Gedebage,22102,107.70478002114754,-6.958569681839547
<NA>,11373181571,80.12610935764435,,,,Cisaranten Kidul,Gedebage,22102,107.7047272758375,-6.958578897017651
<NA>,11373181571,85.35222355773801,,,,Cisaranten Kidul,Gedebage,22102,107.70467455300364,-6.958588021156408
<NA>,11373181571,98.66267260005552,,,,Cisaranten Kidul,Gedebage,22102,107.70454364999775,-6.958610799999155
<NA>,11373181571,104.75186700676261,,,,Cisaranten Kidul,Gedebage,22102,107.70448494999775,-6.958620999999181
<NA>,11373181571,110.89817133172447,,,,Cisaranten Kidul,Gedebage,22102,107.70442624999777,-6.958631199999183
<NA>,11373181571,117.09677781213068,,,,Cisaranten Kidul,Gedebage,22102,107.70436751793943,-6.958641362289536
<NA>,11373181571,123.3341656002983,,,,Cisaranten Kidul,Gedebage,22102,107.70430879999775,-6.958651549999196
<NA>,11373181571,129.60645597120615,,,,Cisaranten Kidul,Gedebage,22102,107.70425007858614,-6.9586617662981425
<NA>,11373181571,135.91015177065978,,,,Cisaranten Kidul,Gedebage,22102,107.70419134999776,-6.958671949999164
<NA>,11373181571,105.57972741185672,,,,Cisaranten Kidul,Gedebage,22102,107.70451914999775,-6.958477799999174
<NA>,11373181571,111.2998329107026,,,,Cisaranten Kidul,Gedebage,22102,107.70446044999775,-6.9584879999991935
<NA>,11373181571,117.11125854758832,,,,Cisaranten Kidul,Gedebage,22102,107.70440174999776,-6.958498199999172
<NA>,11373181571,123.00106113207231,,,,Cisaranten Kidul,Gedebage,22102,107.70434304999776,-6.958508399999179
<NA>,11373181571,128.9620188360685,,,,Cisaranten Kidul,Gedebage,22102,107.70428432140889,-6.9585185837144605
<NA>,11373181571,134.97999926391645,,,,Cisaranten Kidul,Gedebage,22102,107.70422559999776,-6.9585287999991925
<NA>,11373181571,141.0473193731865,,,,Cisaranten Kidul,Gedebage,22102,107.70416689999776,-6.958538999999173
<NA>,11373181570,163.01880741205858,,,,Cisaranten Kidul,Gedebage,22102,107.70393599999785,-6.958716349999248
<NA>,11373181570,169.62699030851195,,,,Cisaranten Kidul,Gedebage,22102,107.7038744463136,-6.958727028482779
<NA>,7216077612,166.37175446092988,,,,Cisaranten Kidul,Gedebage,22102,107.70381289999784,-6.9587376999992365
<NA>,7216077612,159.56067051436514,,,,Cisaranten Kidul,Gedebage,22102,107.70375135368208,-6.958748371515726
<NA>,7216077612,152.76005539124918,,,,Cisaranten Kidul,Gedebage,22102,107.70368982150698,-6.958759034467478
<NA>,7216077612,145.9655632911432,,,,Cisaranten Kidul,Gedebage,22102,107.70362827848871,-6.95876976553104
<NA>,7216077612,139.18564481240062,,,,Cisaranten Kidul,Gedebage,22102,107.70356674999786,-6.958780449999246
<NA>,7216077612,132.41591014647284,,,,Cisaranten Kidul,Gedebage,22102,107.70350519999785,-6.958791149999249
<NA>,11373181571,167.90438711191766,,,,Cisaranten Kidul,Gedebage,22102,107.70391149999786,-6.958583349999252
<NA>,11373181571,174.46272305229817,,,,Cisaranten Kidul,Gedebage,22102,107.70384994999785,-6.958594049999232
<NA>,7216077612,169.31096724577924,,,,Cisaranten Kidul,Gedebage,22102,107.70378842150699,-6.95860473446747
<NA>,7216077612,162.62764417551952,,,,Cisaranten Kidul,Gedebage,22102,107.7037268748,-6.958615444028871
<NA>,7216077612,155.96657800678528,,,,Cisaranten Kidul,Gedebage,22102,107.70366532150751,-6.958626084453843
<NA>,7216077612,149.32452300984107,,,,Cisaranten Kidul,Gedebage,22102,107.70360377848819,-6.958636815544653
<NA>,7216077612,142.7133337633731,,,,Cisaranten Kidul,Gedebage,22102,107.70354225368209,-6.958647471515701
<NA>,7216077612,136.12733546882924,,,,Cisaranten Kidul,Gedebage,22102,107.70348069999785,-6.958658149999262
<NA>,7216077612,120.66334308693077,,,,Cisaranten Kidul,Gedebage,22102,107.7033348746938,-6.958683543743732
<NA>,7216077612,114.10939153858996,,,,Cisaranten Kidul,Gedebage,22102,107.70327230376516,-6.958694371550783
<NA>,7216077612,107.60844469120171,,,,Cisaranten Kidul,Gedebage,22102,107.70320969999788,-6.958705249999272
<NA>,7216077612,101.17682531991065,,,,Cisaranten Kidul,Gedebage,22102,107.70314709999788,-6.958716149999272
<NA>,7216077612,94.83297963908181,,,,Cisaranten Kidul,Gedebage,22102,107.70308449999787,-6.958726999999282
<NA>,7216077612,88.59503418953086,,,,Cisaranten Kidul,Gedebage,22102,107.70302192153791,-6.958737834721571
<NA>,7216077612,82.47951805517597,,,,Cisaranten Kidul,Gedebage,22102,107.70295937845785,-6.9587487652769795
<NA>,7216077612,76.5215908185676,,,,Cisaranten Kidul,Gedebage,22102,107.70289679623062,-6.958759628447749
<NA>,7216077612,116.78227311236324,,,,Cisaranten Kidul,Gedebage,22102,107.70336248196745,-6.958815938315517
<NA>,7216077612,110.64289593985717,,,,Cisaranten Kidul,Gedebage,22102,107.70330614999769,-6.9588256999991085
<NA>,7216077612,104.52675487861198,,,,Cisaranten Kidul,Gedebage,22102,107.70324984999769,-6.9588354999991
<NA>,7216077612,98.43134056518687,,,,Cisaranten Kidul,Gedebage,22102,107.7031934999977,-6.958845299999114
<NA>,7216077612,92.36680560943302,,,,Cisaranten Kidul,Gedebage,22102,107.70313714999769,-6.958855099999131
<NA>,7216077612,86.3453250279041,,,,Cisaranten Kidul,Gedebage,22102,107.70308084671099,-6.958864878676661
<NA>,7216077612,80.3706564021527,,,,Cisaranten Kidul,Gedebage,22102,107.70302454999769,-6.9588746499991085
<NA>,7216077612,74.44808011734001,,,,Cisaranten Kidul,Gedebage,22102,107.70296820329229,-6.95888442132673
<NA>,7216077612,68.59617302686773,,,,Cisaranten Kidul,Gedebage,22102,107.70291184999769,-6.958894199999114
<NA>,7216077612,63.35800854390179,,,,Cisaranten Kidul,Gedebage,22102,107.70274940379502,-6.958785221561533
<NA>,7216077612,58.260378097770214,,,,Cisaranten Kidul,Gedebage,22102,107.7026863999979,-6.958796149999286
<NA>,7216077612,53.61072442232454,,,,Cisaranten Kidul,Gedebage,22102,107.7026233999979,-6.95880709999929
<NA>,7216077612,49.53740939410644,,,,Cisaranten Kidul,Gedebage,22102,107.70256039999789,-6.958818049999297
<NA>,7216077612,36.11975947878486,,,,Cisaranten Kidul,Gedebage,22102,107.70256317120003,-6.958954782215653
<NA>,7216077612,40.367732517564825,,,,Cisaranten Kidul,Gedebage,22102,107.70261699999762,-6.958945449999059
<NA>,7216077612,45.02668527359831,,,,Cisaranten Kidul,Gedebage,22102,107.70267079999762,-6.958936099999065
<NA>,7216077612,49.98587871521415,,,,Cisaranten Kidul,Gedebage,22102,107.70272464999762,-6.95892674999906
<NA>,11373181571,97.8659084926622,,,,Cisaranten Kidul,Gedebage,22102,107.70460015343774,-6.958463721398542
<NA>,7216077612,46.195354069385345,,,,Cisaranten Kidul,Gedebage,22102,107.70249739620077,-6.958828978437058
<NA>,11373181571,147.16143751645652,,,,Cisaranten Kidul,Gedebage,22102,107.70410817858664,-6.958549216283874
<NA>,7216077612,129.57414926530382,,,,Cisaranten Kidul,Gedebage,22102,107.70341914999784,-6.958668849999272
<NA>,7216077612,70.76037844783721,,,,Cisaranten Kidul,Gedebage,22102,107.70283420376516,-6.958770471550779
<NA>,7216077612,55.1619096212922,,,,Cisaranten Kidul,Gedebage,22102,107.70277849999762,-6.95891739999906
<NA>,11373181571,90.65956652307264,,,,Cisaranten Kidul,Gedebage,22102,107.70462184999758,-6.958597199999008
<NA>,11373181570,142.10042259448116,,,,Cisaranten Kidul,Gedebage,22102,107.70413264999777,-6.95868214999917
<NA>,7216077612,125.66129333401348,,,,Cisaranten Kidul,Gedebage,22102,107.70344364999785,-6.958801849999252
<NA>,7216077612,62.83944197213205,,,,Cisaranten Kidul,Gedebage,22102,107.7028555499977,-6.958903999999102
<NA>,12084548103,67.51187760604572,,,,Cisaranten Kidul,Gedebage,22102,107.70313924999856,-6.957599749999653
<NA>,12084548103,90.76219705378449,,,,Cisaranten Kidul,Gedebage,22102,107.7025618999989,-6.957705449999643
<NA>,13142184800,65.54704631072362,,,,Cisaranten Kidul,Gedebage,22102,107.70367439999877,-6.957266599999827
<NA>,13142184800,59.56194612262943,,,,Cisaranten Kidul,Gedebage,22102,107.70360364999877,-6.957278899999829
<NA>,13142184800,54.08293544722965,,,,Cisaranten Kidul,Gedebage,22102,107.70353289999878,-6.957291199999811
<NA>,13142184800,49.28382184755365,,,,Cisaranten Kidul,Gedebage,22102,107.70346217189805,-6.957303537928431
<NA>,13142184800,45.377401589046,,,,Cisaranten Kidul,Gedebage,22102,107.70339142809269,-6.957315912076766
<NA>,13142184800,42.59796119694346,,,,Cisaranten Kidul,Gedebage,22102,107.70332067190485,-6.957328187922858
<NA>,13142184800,41.19045628515523,,,,Cisaranten Kidul,Gedebage,22102,107.70324992809267,-6.957340512076778
<NA>,13142184800,58.341689328047806,,,,Cisaranten Kidul,Gedebage,22102,107.70365489999877,-6.9571501999998215
<NA>,13142184800,51.51344054839635,,,,Cisaranten Kidul,Gedebage,22102,107.70358414999878,-6.957162499999811
<NA>,13142184800,45.051578906794866,,,,Cisaranten Kidul,Gedebage,22102,107.70351339999877,-6.957174799999801
<NA>,13142184800,39.141236073673205,,,,Cisaranten Kidul,Gedebage,22102,107.70344264999878,-6.957187149999816
<NA>,13142184800,34.06738101925867,,,,Cisaranten Kidul,Gedebage,22102,107.70337189999877,-6.9571994999998195
<NA>,13142184800,30.24915998094692,,,,Cisaranten Kidul,Gedebage,22102,107.70330114999878,-6.957211799999843
<NA>,13142184800,28.20576439150519,,,,Cisaranten Kidul,Gedebage,22102,107.70323039999877,-6.9572240999998005
<NA>,12084548103,58.249107998910546,,,,Cisaranten Kidul,Gedebage,22102,107.70258149999884,-6.95733619999986
<NA>,12084548103,51.434814010169774,,,,Cisaranten Kidul,Gedebage,22102,107.70265219999884,-6.957323899999847
<NA>,12084548103,44.99340844381033,,,,Cisaranten Kidul,Gedebage,22102,107.70272284999884,-6.957311599999859
<NA>,12084548103,39.10314171948724,,,,Cisaranten Kidul,Gedebage,22102,107.70279349999882,-6.95729929999985
<NA>,12084548103,34.048926238638415,,,,Cisaranten Kidul,Gedebage,22102,107.70286419999883,-6.957286999999872
<NA>,12084548103,30.258191544755334,,,,Cisaranten Kidul,Gedebage,22102,107.70293489999882,-6.9572746999998385
<NA>,12084548103,28.24405348377788,,,,Cisaranten Kidul,Gedebage,22102,107.70300554999884,-6.957262399999844
<NA>,12084548103,65.61315870426208,,,,Cisaranten Kidul,Gedebage,22102,107.70260099999882,-6.957452649999866
<NA>,12084548103,59.634731522195544,,,,Cisaranten Kidul,Gedebage,22102,107.70267169999883,-6.957440349999848
<NA>,12084548103,54.16435305071925,,,,Cisaranten Kidul,Gedebage,22102,107.70274234999883,-6.957428049999844
<NA>,12084548103,49.36633701728439,,,,Cisaranten Kidul,Gedebage,22102,107.70281299999883,-6.957415749999836
<NA>,12084548103,45.45263397854709,,,,Cisaranten Kidul,Gedebage,22102,107.70288369999884,-6.957403449999835
<NA>,12084548103,42.67087656124267,,,,Cisaranten Kidul,Gedebage,22102,107.70295439999883,-6.957391149999846
<NA>,12084548103,41.25022701340586,,,,Cisaranten Kidul,Gedebage,22102,107.70302504999884,-6.9573788499998335
<NA>,12084548103,66.90313575769369,,,,Cisaranten Kidul,Gedebage,22102,107.70249504999899,-6.957350999999848
<NA>,12084548103,73.85110161340116,,,,Cisaranten Kidul,Gedebage,22102,107.702427249999,-6.957362249999866
<NA>,12084548103,80.91641868441904,,,,Cisaranten Kidul,Gedebage,22102,107.702359449999,-6.957373499999854
<NA>,9778614765,83.67308511711768,,,,Cisaranten Kidul,Gedebage,22102,107.70229165512599,-6.957384722071941
<NA>,9778614765,76.52092679102215,,,,Cisaranten Kidul,Gedebage,22102,107.70222384487201,-6.957395977927748
<NA>,9778614765,69.46615595873298,,,,Cisaranten Kidul,Gedebage,22102,107.70215605512598,-6.957407222071947
<NA>,9778614765,62.53689471320782,,,,Cisaranten Kidul,Gedebage,22102,107.70208824999901,-6.957418449999853
<NA>,9778614765,55.78406185958741,,,,Cisaranten Kidul,Gedebage,22102,107.702020449999,-6.957429699999871
<NA>,12084548103,73.97982073773613,,,,Cisaranten Kidul,Gedebage,22102,107.70251769553215,-6.957478028135498
<NA>,12084548103,79.57241185327423,,,,Cisaranten Kidul,Gedebage,22102,107.70245775447437,-6.957488171867552
<NA>,12084548103,85.33185726316967,,,,Cisaranten Kidul,Gedebage,22102,107.70239779999876,-6.957498349999659
<NA>,12084548103,91.22353236307974,,,,Cisaranten Kidul,Gedebage,22102,107.70233784552319,-6.957508528131784
<NA>,9778614765,85.90784700795638,,,,Cisaranten Kidul,Gedebage,22102,107.70227790446536,-6.957518671863838
<NA>,9778614765,80.10086220012695,,,,Cisaranten Kidul,Gedebage,22102,107.70221799553215,-6.9575288281355006
<NA>,9778614765,74.44378161104378,,,,Cisaranten Kidul,Gedebage,22102,107.70215805447435,-6.957538971867541
<NA>,9778614765,68.9786957253895,,,,Cisaranten Kidul,Gedebage,22102,107.70209809999876,-6.95754914999967
<NA>,9778614765,63.75495448059483,,,,Cisaranten Kidul,Gedebage,22102,107.70203814552316,-6.957559328131778
<NA>,12084548103,101.74251498361612,,,,Cisaranten Kidul,Gedebage,22102,107.70257629999865,-6.957827199999596
<NA>,12084548103,105.76013238813863,,,,Cisaranten Kidul,Gedebage,22102,107.70251789999865,-6.957836949999589
<NA>,12084548103,110.0209665106742,,,,Cisaranten Kidul,Gedebage,22102,107.70245949999868,-6.957846699999585
<NA>,12084548103,114.49786786457011,,,,Cisaranten Kidul,Gedebage,22102,107.70240109999865,-6.957856449999585
<NA>,9778614765,110.76677388711907,,,,Cisaranten Kidul,Gedebage,22102,107.70234264999866,-6.95786619999962
<NA>,9778614765,106.38172639610625,,,,Cisaranten Kidul,Gedebage,22102,107.70228419999864,-6.957875949999596
<NA>,9778614765,102.23297674914996,,,,Cisaranten Kidul,Gedebage,22102,107.70222579999866,-6.957885699999583
<NA>,9778614765,98.34547593060393,,,,Cisaranten Kidul,Gedebage,22102,107.70216739999866,-6.95789544999959
<NA>,12084548103,95.0774083354576,,,,Cisaranten Kidul,Gedebage,22102,107.70250449999888,-6.957714549999624
<NA>,12084548103,99.58421745098293,,,,Cisaranten Kidul,Gedebage,22102,107.70244774554156,-6.957723728021087
<NA>,12084548103,104.28289482665187,,,,Cisaranten Kidul,Gedebage,22102,107.70239099999887,-6.957732899999641
<NA>,9778614765,102.17337078586505,,,,Cisaranten Kidul,Gedebage,22102,107.70233339999886,-6.9577422999996505
<NA>,9778614765,97.44338150964106,,,,Cisaranten Kidul,Gedebage,22102,107.70227670444685,-6.9577514719744045
<NA>,9778614765,92.9065679882566,,,,Cisaranten Kidul,Gedebage,22102,107.70221999999887,-6.957760649999633
<NA>,9778614765,88.58891113500682,,,,Cisaranten Kidul,Gedebage,22102,107.70216324554158,-6.95776982802109
<NA>,9778614765,84.5295642121096,,,,Cisaranten Kidul,Gedebage,22102,107.70210649999886,-6.957778999999654
<NA>,12084548103,84.94808983681209,,,,Cisaranten Kidul,Gedebage,22102,107.70263634999857,-6.957687399999621
<NA>,12084548103,80.84764524129828,,,,Cisaranten Kidul,Gedebage,22102,107.70269919999856,-6.957676499999638
<NA>,12084548103,77.17006362638185,,,,Cisaranten Kidul,Gedebage,22102,107.70276204999855,-6.957665549999621
<NA>,12084548103,73.98545219045899,,,,Cisaranten Kidul,Gedebage,22102,107.70282484999858,-6.9576545999996045
<NA>,12084548103,71.3627847233694,,,,Cisaranten Kidul,Gedebage,22102,107.70288764999856,-6.957643699999642
<NA>,12084548103,69.35450050998837,,,,Cisaranten Kidul,Gedebage,22102,107.70295044999855,-6.9576327499996315
<NA>,12084548103,68.02105360891973,,,,Cisaranten Kidul,Gedebage,22102,107.70301329999857,-6.9576217999996395
<NA>,12084548103,96.2020551996817,,,,Cisaranten Kidul,Gedebage,22102,107.70265874999855,-6.957810099999617
<NA>,12084548103,92.60687385688097,,,,Cisaranten Kidul,Gedebage,22102,107.70272154999857,-6.957799149999626
<NA>,12084548103,89.42241340656088,,,,Cisaranten Kidul,Gedebage,22102,107.70278439999856,-6.957788199999636
<NA>,12084548103,86.70173977271511,,,,Cisaranten Kidul,Gedebage,22102,107.70284724999856,-6.957777299999621
<NA>,12084548103,84.47902932826882,,,,Cisaranten Kidul,Gedebage,22102,107.70291004999858,-6.957766349999632
<NA>,12084548103,82.79863192223415,,,,Cisaranten Kidul,Gedebage,22102,107.70297284999856,-6.957755399999616
<NA>,12084548103,81.69986399592928,,,,Cisaranten Kidul,Gedebage,22102,107.70303569999855,-6.957744499999601
<NA>,12084548103,81.19576415628772,,,,Cisaranten Kidul,Gedebage,22102,107.70309854999856,-6.957733549999618
<NA>,13142184800,85.3860571971823,,,,Cisaranten Kidul,Gedebage,22102,107.70372050431614,-6.957506271743994
<NA>,13142184800,81.3160259864653,,,,Cisaranten Kidul,Gedebage,22102,107.70365759568084,-6.957517228255193
<NA>,13142184800,77.67595736711003,,,,Cisaranten Kidul,Gedebage,22102,107.70359470431613,-6.957528171743979
<NA>,13142184800,74.52852997017544,,,,Cisaranten Kidul,Gedebage,22102,107.70353179568085,-6.957539128255207
<NA>,13142184800,71.94104028821752,,,,Cisaranten Kidul,Gedebage,22102,107.7034689543077,-6.957550071740265
<NA>,13142184800,69.97228342104266,,,,Cisaranten Kidul,Gedebage,22102,107.70340609568086,-6.957561028255203
<NA>,13142184800,68.67288180837127,,,,Cisaranten Kidul,Gedebage,22102,107.70334320431614,-6.957571971743977
<NA>,13142184800,68.08537445583256,,,,Cisaranten Kidul,Gedebage,22102,107.70328029568086,-6.9575829282551895
<NA>,13142184800,96.07471653994891,,,,Cisaranten Kidul,Gedebage,22102,107.70373999999849,-6.95762269999958
<NA>,13142184800,92.48311244082642,,,,Cisaranten Kidul,Gedebage,22102,107.7036770999985,-6.957633649999571
<NA>,13142184800,89.3063445197787,,,,Cisaranten Kidul,Gedebage,22102,107.70361422173784,-6.9576445863646015
<NA>,13142184800,86.59249461594382,,,,Cisaranten Kidul,Gedebage,22102,107.70355134999849,-6.957655549999597
<NA>,13142184800,84.38315846773924,,,,Cisaranten Kidul,Gedebage,22102,107.70348847825915,-6.957666513634568
<NA>,13142184800,82.7156963678834,,,,Cisaranten Kidul,Gedebage,22102,107.70342559999851,-6.957677449999608
<NA>,13142184800,81.62647338707976,,,,Cisaranten Kidul,Gedebage,22102,107.70336272173783,-6.957688386364582
<NA>,13142184800,81.14188077099465,,,,Cisaranten Kidul,Gedebage,22102,107.70329984999849,-6.957699349999598
<NA>,13142184800,122.01059000407426,,,,Cisaranten Kidul,Gedebage,22102,107.7042579546672,-6.957022021844386
<NA>,13142184800,114.79877544672564,,,,Cisaranten Kidul,Gedebage,22102,107.7041921671741,-6.957033465411773
<NA>,13142184800,131.65443808763607,,,,Cisaranten Kidul,Gedebage,22102,107.70434569999848,-6.957004699999538
<NA>,13142184800,138.1271238977079,,,,Cisaranten Kidul,Gedebage,22102,107.70440439999848,-6.95699449999954
<NA>,13142184800,144.60474017585918,,,,Cisaranten Kidul,Gedebage,22102,107.70446304999848,-6.956984249999534
<NA>,13142184800,151.09156805151989,,,,Cisaranten Kidul,Gedebage,22102,107.70452169999848,-6.956973999999524
<NA>,13142184800,134.81525534570895,,,,Cisaranten Kidul,Gedebage,22102,107.70436599999869,-6.957124349999627
<NA>,13142184800,141.09149375002355,,,,Cisaranten Kidul,Gedebage,22102,107.7044242499987,-6.957114199999645
<NA>,13142184800,147.3905527494569,,,,Cisaranten Kidul,Gedebage,22102,107.70448249999869,-6.957104049999658
<NA>,13142184800,153.7096268474564,,,,Cisaranten Kidul,Gedebage,22102,107.70454074999869,-6.95709389999963
<NA>,13142184800,86.96834051634659,,,,Cisaranten Kidul,Gedebage,22102,107.70390929999884,-6.957204249999742
<NA>,13142184800,93.24228896162666,,,,Cisaranten Kidul,Gedebage,22102,107.70397120465232,-6.9571934718356365
<NA>,13142184800,99.60501379681605,,,,Cisaranten Kidul,Gedebage,22102,107.70403309999884,-6.957182699999752
<NA>,13142184800,106.03576482190523,,,,Cisaranten Kidul,Gedebage,22102,107.70409494535443,-6.957171928167399
<NA>,13142184800,112.52819792757604,,,,Cisaranten Kidul,Gedebage,22102,107.70415679999884,-6.957161149999735
<NA>,13142184800,119.07697929058229,,,,Cisaranten Kidul,Gedebage,22102,107.70421870465233,-6.9571503718356436
<NA>,13142184800,100.86116345990246,,,,Cisaranten Kidul,Gedebage,22102,107.7039415499986,-6.957442599999548
<NA>,13142184800,105.56675302362498,,,,Cisaranten Kidul,Gedebage,22102,107.70399569604142,-6.957433178386398
<NA>,13142184800,110.40589087207516,,,,Cisaranten Kidul,Gedebage,22102,107.70404985396503,-6.957423721617328
<NA>,13142184800,115.36443013126392,,,,Cisaranten Kidul,Gedebage,22102,107.70410402162513,-6.957414285349673
<NA>,13142184800,120.42622984101615,,,,Cisaranten Kidul,Gedebage,22102,107.70415817441118,-6.957404893015287
<NA>,13142184800,125.57498362382323,,,,Cisaranten Kidul,Gedebage,22102,107.70421232162447,-6.957395435365225
<NA>,13142184800,130.80596343612098,,,,Cisaranten Kidul,Gedebage,22102,107.70426647837985,-6.957386014626408
<NA>,13142184800,110.48406773804082,,,,Cisaranten Kidul,Gedebage,22102,107.7039643499986,-6.957566399999545
<NA>,13142184800,114.8029459998129,,,,Cisaranten Kidul,Gedebage,22102,107.70401849604141,-6.957556978386399
<NA>,13142184800,119.27430545546703,,,,Cisaranten Kidul,Gedebage,22102,107.70407265396503,-6.957547521617347
<NA>,13142184800,123.88478785378062,,,,Cisaranten Kidul,Gedebage,22102,107.70412682162512,-6.957538085349689
<NA>,13142184800,128.61835169063747,,,,Cisaranten Kidul,Gedebage,22102,107.70418097441117,-6.957528693015287
<NA>,13142184800,133.4570849134284,,,,Cisaranten Kidul,Gedebage,22102,107.70423512162446,-6.95751923536521
<NA>,13142184800,138.3963429926443,,,,Cisaranten Kidul,Gedebage,22102,107.70428927837986,-6.957509814626409
<NA>,13142184800,151.1199261775835,,,,Cisaranten Kidul,Gedebage,22102,107.70442497172981,-6.9574857863032
<NA>,13142184800,156.72773704187273,,,,Cisaranten Kidul,Gedebage,22102,107.70448322827473,-6.957475663689201
<NA>,13142184800,162.40183023434489,,,,Cisaranten Kidul,Gedebage,22102,107.7045414717298,-6.957465486303199
<NA>,13142184800,168.14198958949524,,,,Cisaranten Kidul,Gedebage,22102,107.70459972827472,-6.957455363689233
<NA>,13142184800,144.19457191498753,,,,Cisaranten Kidul,Gedebage,22102,107.7044021999987,-6.95736199999964
<NA>,13142184800,150.05404553215192,,,,Cisaranten Kidul,Gedebage,22102,107.7044604499987,-6.95735184999964
<NA>,13142184800,155.96752049684366,,,,Cisaranten Kidul,Gedebage,22102,107.7045186999987,-6.957341699999634
<NA>,13142184800,161.92908076156527,,,,Cisaranten Kidul,Gedebage,22102,107.7045769499987,-6.957331549999639
<NA>,11373181571,150.86480924498463,,,,Cisaranten Kidul,Gedebage,22102,107.7044142034209,-6.95788622135132
<NA>,13142184800,133.14406556014626,,,,Cisaranten Kidul,Gedebage,22102,107.7038068463841,-6.957992278553749
<NA>,12084548103,124.39819579133024,,,,Cisaranten Kidul,Gedebage,22102,107.70262680418932,-6.958070371669044
<NA>,12084548103,127.46613778048835,,,,Cisaranten Kidul,Gedebage,22102,107.70257247165914,-6.958079936100138
<NA>,7216077612,127.3037636804021,,,,Cisaranten Kidul,Gedebage,22102,107.70251812833845,-6.958089563899203
<NA>,7216077612,125.72954180907604,,,,Cisaranten Kidul,Gedebage,22102,107.70246379999878,-6.95809914999965
<NA>,7216077612,124.43721298118174,,,,Cisaranten Kidul,Gedebage,22102,107.70240946747099,-6.958108714424202
<NA>,7216077612,123.42937024746753,,,,Cisaranten Kidul,Gedebage,22102,107.70235512833767,-6.958118313914666
<NA>,7216077612,122.72021180326203,,,,Cisaranten Kidul,Gedebage,22102,107.70230077165989,-6.95812788608467
<NA>,7216077612,122.30558633727769,,,,Cisaranten Kidul,Gedebage,22102,107.70224642833767,-6.9581375139146475
<NA>,7216077612,118.21105811932594,,,,Cisaranten Kidul,Gedebage,22102,107.7026488999976,-6.95819604999909
<NA>,7216077612,115.8451368439067,,,,Cisaranten Kidul,Gedebage,22102,107.7025937999976,-6.958205749999077
<NA>,7216077612,113.76136279846625,,,,Cisaranten Kidul,Gedebage,22102,107.70253869999759,-6.958215499999079
<NA>,7216077612,111.98115952366167,,,,Cisaranten Kidul,Gedebage,22102,107.70248359999759,-6.958225249999088
<NA>,7216077612,110.52472716396264,,,,Cisaranten Kidul,Gedebage,22102,107.7024284999976,-6.9582349499990706
<NA>,7216077612,109.39930153579952,,,,Cisaranten Kidul,Gedebage,22102,107.7023733999976,-6.95824464999907
<NA>,7216077612,108.60965467667853,,,,Cisaranten Kidul,Gedebage,22102,107.7023182999976,-6.9582543999990625
<NA>,12084548103,120.21217998579237,,,,Cisaranten Kidul,Gedebage,22102,107.70270862185437,-6.958055937808164
<NA>,12084548103,117.42948010710379,,,,Cisaranten Kidul,Gedebage,22102,107.70277044999901,-6.958045049999848
<NA>,12084548103,114.99594613006552,,,,Cisaranten Kidul,Gedebage,22102,107.70283224511418,-6.958034128144224
<NA>,12084548103,112.93724967634712,,,,Cisaranten Kidul,Gedebage,22102,107.70289407814454,-6.958023212177921
<NA>,12084548103,111.27491632236071,,,,Cisaranten Kidul,Gedebage,22102,107.70295589999901,-6.958012299999851
<NA>,12084548103,110.02628044126199,,,,Cisaranten Kidul,Gedebage,22102,107.70301772185348,-6.958001387821772
<NA>,12084548103,109.20522429222781,,,,Cisaranten Kidul,Gedebage,22102,107.70307955488384,-6.957990471855472
<NA>,12084548103,108.82062464488996,,,,Cisaranten Kidul,Gedebage,22102,107.70314134999902,-6.957979549999837
<NA>,12084548103,122.99100342696289,,,,Cisaranten Kidul,Gedebage,22102,107.70322567146113,-6.958094234481338
<NA>,12084548103,122.93739259563046,,,,Cisaranten Kidul,Gedebage,22102,107.7031638499978,-6.958105149999254
<NA>,12084548103,123.27386332900036,,,,Cisaranten Kidul,Gedebage,22102,107.70310204999782,-6.958116049999258
<NA>,12084548103,124.00316755444254,,,,Cisaranten Kidul,Gedebage,22102,107.70304022487001,-6.958126994059884
<NA>,12084548103,125.1122730028632,,,,Cisaranten Kidul,Gedebage,22102,107.70297840366362,-6.958137921464071
<NA>,12084548103,126.59143481057427,,,,Cisaranten Kidul,Gedebage,22102,107.70291657146115,-6.958148834481324
<NA>,12084548103,128.42958623866642,,,,Cisaranten Kidul,Gedebage,22102,107.7028547499978,-6.958159749999278
<NA>,7216077612,125.63324719577122,,,,Cisaranten Kidul,Gedebage,22102,107.70279292853448,-6.958170665517177
<NA>,13142184800,120.16412930930852,,,,Cisaranten Kidul,Gedebage,22102,107.703784049999,-6.957866149999828
<NA>,13142184800,117.37747971312179,,,,Cisaranten Kidul,Gedebage,22102,107.70372255485131,-6.957877021840262
<NA>,13142184800,114.93645351910631,,,,Cisaranten Kidul,Gedebage,22102,107.70366102329073,-6.957887890397105
<NA>,13142184800,112.86320901218303,,,,Cisaranten Kidul,Gedebage,22102,107.70359950485691,-6.9578987218528034
<NA>,13142184800,111.18407732323939,,,,Cisaranten Kidul,Gedebage,22102,107.70353799514109,-6.957909578146862
<NA>,13142184800,109.91349570040715,,,,Cisaranten Kidul,Gedebage,22102,107.70347650485691,-6.9579204218528306
<NA>,13142184800,109.0647258887909,,,,Cisaranten Kidul,Gedebage,22102,107.7034149669876,-6.957931265905712
<NA>,13142184800,108.65447266100408,,,,Cisaranten Kidul,Gedebage,22102,107.70335344999899,-6.957942149999856
<NA>,13142184800,130.63553752774135,,,,Cisaranten Kidul,Gedebage,22102,107.70374555364145,-6.958003071456669
<NA>,13142184800,128.4420343413135,,,,Cisaranten Kidul,Gedebage,22102,107.703684021448,-6.9580139344080045
<NA>,13142184800,126.58890068363728,,,,Cisaranten Kidul,Gedebage,22102,107.70362249999779,-6.958024799999231
<NA>,13142184800,125.08962001854906,,,,Cisaranten Kidul,Gedebage,22102,107.7035609999978,-6.95803564999924
<NA>,13142184800,123.95842060655151,,,,Cisaranten Kidul,Gedebage,22102,107.70349947854186,-6.958046515597252
<NA>,13142184800,123.20127848119863,,,,Cisaranten Kidul,Gedebage,22102,107.7034379499978,-6.958057349999234
<NA>,13142184800,122.83099958031097,,,,Cisaranten Kidul,Gedebage,22102,107.7033764499978,-6.958068199999242
<NA>,13142184800,122.8462856894579,,,,Cisaranten Kidul,Gedebage,22102,107.70331492144801,-6.958079034408003
<NA>,13142184800,131.1347093047965,,,,Cisaranten Kidul,Gedebage,22102,107.70398060459873,-6.957831471789515
<NA>,13142184800,134.93943005148574,,,,Cisaranten Kidul,Gedebage,22102,107.70403929539908,-6.957821128210026
<NA>,13142184800,138.95242467086106,,,,Cisaranten Kidul,Gedebage,22102,107.70409798280986,-6.9578107846472355
<NA>,13142184800,143.15180525587104,,,,Cisaranten Kidul,Gedebage,22102,107.70415664999891,-6.957800399999765
<NA>,13142184800,147.52787154735964,,,,Cisaranten Kidul,Gedebage,22102,107.70421532178437,-6.957790037122967
<NA>,13142184800,152.06580240998431,,,,Cisaranten Kidul,Gedebage,22102,107.7042739999989,-6.957779699999747
<NA>,13142184800,156.74883040758095,,,,Cisaranten Kidul,Gedebage,22102,107.70433269539907,-6.9577693282100155
<NA>,11373181571,154.91600144655897,,,,Cisaranten Kidul,Gedebage,22102,107.7043555465667,-6.95789657864216
<NA>,11373181571,159.1409248837568,,,,Cisaranten Kidul,Gedebage,22102,107.70429685342873,-6.9579069213561775
<NA>,13142184800,158.38162497406114,,,,Cisaranten Kidul,Gedebage,22102,107.7042381713426,-6.957917283625447
<NA>,13142184800,154.31237840569102,,,,Cisaranten Kidul,Gedebage,22102,107.70417949999772,-6.957927649999157
<NA>,13142184800,150.41822624990965,,,,Cisaranten Kidul,Gedebage,22102,107.70412079999771,-6.95793799999918
<NA>,13142184800,146.7169780699996,,,,Cisaranten Kidul,Gedebage,22102,107.7040620999977,-6.957948349999176
<NA>,13142184800,143.22703430291455,,,,Cisaranten Kidul,Gedebage,22102,107.70400342865283,-6.957958716372927
<NA>,4054886233,117.29184737265346,,,,Cisaranten Kidul,Gedebage,22102,107.70510219999777,-6.9577631499992
<NA>,4054886233,118.73144652665837,,,,Cisaranten Kidul,Gedebage,22102,107.70504157141927,-6.957773834169991
<NA>,4054886233,120.53544104054463,,,,Cisaranten Kidul,Gedebage,22102,107.70498094999776,-6.957784549999229
<NA>,4054886233,122.69149171278286,,,,Cisaranten Kidul,Gedebage,22102,107.70492034999779,-6.95779524999923
<NA>,4054886233,125.1807964059899,,,,Cisaranten Kidul,Gedebage,22102,107.70485974999777,-6.95780594999923
<NA>,4054886233,127.98387290526726,,,,Cisaranten Kidul,Gedebage,22102,107.70479912857627,-6.957816665828469
<NA>,4054886233,131.086244705125,,,,Cisaranten Kidul,Gedebage,22102,107.70473849642184,-6.957827328570456
<NA>,4054886233,134.46208589237511,,,,Cisaranten Kidul,Gedebage,22102,107.70467787141979,-6.957837984156145
<NA>,4054886233,138.08605682334345,,,,Cisaranten Kidul,Gedebage,22102,107.70461724999777,-6.957848699999213
<NA>,4054886233,141.94373475704774,,,,Cisaranten Kidul,Gedebage,22102,107.70455664999776,-6.957859399999235
<NA>,4054886233,141.46187831317175,,,,Cisaranten Kidul,Gedebage,22102,107.70476314544521,-6.95769337822154
<NA>,4054886233,144.22333867225103,,,,Cisaranten Kidul,Gedebage,22102,107.70470497176512,-6.957703637015631
<NA>,4054886233,147.21728514708323,,,,Cisaranten Kidul,Gedebage,22102,107.70464683277532,-6.957713934749685
<NA>,4054886233,150.44325026588723,,,,Cisaranten Kidul,Gedebage,22102,107.70458864544521,-6.957724178221543
<NA>,4054886233,153.8788247996275,,,,Cisaranten Kidul,Gedebage,22102,107.70453047631456,-6.957734408789059
<NA>,13142184800,178.52211755032994,,,,Cisaranten Kidul,Gedebage,22102,107.70476966951445,-6.956998391244404
<NA>,13142184800,184.95085527393553,,,,Cisaranten Kidul,Gedebage,22102,107.70482774999975,-6.957003149997878
<NA>,13142184800,191.3802757774365,,,,Cisaranten Kidul,Gedebage,22102,107.7048858268311,-6.957007931932261
<NA>,13142184800,197.80774654450744,,,,Cisaranten Kidul,Gedebage,22102,107.70494387682884,-6.957012744900624
<NA>,4054886233,199.31326338791402,,,,Cisaranten Kidul,Gedebage,22102,107.70500194999974,-6.957017499997874
<NA>,7216077612,108.16718857341787,,,,Cisaranten Kidul,Gedebage,22102,107.70226317879396,-6.958264167433531
<NA>,9778614765,121.43002563328011,,,,Cisaranten Kidul,Gedebage,22102,107.70219209999878,-6.958147099999676
<NA>,12084548103,108.88233220247054,,,,Cisaranten Kidul,Gedebage,22102,107.70320317814364,-6.957968662191561
<NA>,13142184800,108.67923079597188,,,,Cisaranten Kidul,Gedebage,22102,107.70329194999898,-6.957952999999832
<NA>,13142184800,161.56728558845276,,,,Cisaranten Kidul,Gedebage,22102,107.70439140459874,-6.957758971789513
<NA>,4054886233,157.50621280831686,,,,Cisaranten Kidul,Gedebage,22102,107.7044722999989,-6.957744699999748
<NA>,11373181571,145.65721761332495,,,,Cisaranten Kidul,Gedebage,22102,107.70449603215033,-6.9578700872634425
<NA>,7216077612,122.241637611558,,,,Cisaranten Kidul,Gedebage,22102,107.7027310999978,-6.958181549999248
<NA>,4054886233,80.56411247199095,,,,Cisaranten Kidul,Gedebage,22102,107.70507559999825,-6.958146599999483
<NA>,4054886233,83.68100663280697,,,,Cisaranten Kidul,Gedebage,22102,107.70501152167728,-6.958157735917182
<NA>,4054886233,87.27368792579489,,,,Cisaranten Kidul,Gedebage,22102,107.70494744999826,-6.9581689499994885
<NA>,4054886233,91.29992666766074,,,,Cisaranten Kidul,Gedebage,22102,107.70488334999827,-6.958180099999494
<NA>,11373181571,95.26527169030308,,,,Cisaranten Kidul,Gedebage,22102,107.70481924999825,-6.958191249999502
<NA>,11373181571,99.41976617254228,,,,Cisaranten Kidul,Gedebage,22102,107.70475517831925,-6.958202464081775
<NA>,11373181571,103.91085753106151,,,,Cisaranten Kidul,Gedebage,22102,107.70469110415533,-6.958213621689282
<NA>,11373181571,108.69577178732307,,,,Cisaranten Kidul,Gedebage,22102,107.7046269958412,-6.958224778309703
<NA>,4054886233,93.33143906008982,,,,Cisaranten Kidul,Gedebage,22102,107.70509469614876,-6.958002528427664
<NA>,4054886233,95.58460922747763,,,,Cisaranten Kidul,Gedebage,22102,107.70503279999804,-6.958013299999344
<NA>,4054886233,98.27592103816697,,,,Cisaranten Kidul,Gedebage,22102,107.70497089999803,-6.958024099999343
<NA>,4054886233,101.3728922578654,,,,Cisaranten Kidul,Gedebage,22102,107.70490899999804,-6.958034899999355
<NA>,4054886233,104.83957929681308,,,,Cisaranten Kidul,Gedebage,22102,107.70484709999803,-6.958045699999342
<NA>,4054886233,108.64253589697962,,,,Cisaranten Kidul,Gedebage,22102,107.70478520384731,-6.958056471571029
<NA>,11373181571,112.53770847248941,,,,Cisaranten Kidul,Gedebage,22102,107.70472329999804,-6.958067249999361
<NA>,11373181571,116.43827342690297,,,,Cisaranten Kidul,Gedebage,22102,107.70466139614878,-6.958078028427652
<NA>,11373181571,120.60975068044814,,,,Cisaranten Kidul,Gedebage,22102,107.70459952842488,-6.958088815003207
<NA>,11373181571,131.28557649703188,,,,Cisaranten Kidul,Gedebage,22102,107.70445485360266,-6.95811402147376
<NA>,11373181571,135.93411011818444,,,,Cisaranten Kidul,Gedebage,22102,107.70439611786206,-6.95812426272653
<NA>,11373181571,140.73664099335315,,,,Cisaranten Kidul,Gedebage,22102,107.70433739999795,-6.958134499999271
<NA>,11373181571,145.67799138401898,,,,Cisaranten Kidul,Gedebage,22102,107.70427870359725,-6.958144721460461
<NA>,11373181571,150.74452167045254,,,,Cisaranten Kidul,Gedebage,22102,107.7042199963986,-6.958154978538029
<NA>,11373181571,155.92578787660105,,,,Cisaranten Kidul,Gedebage,22102,107.70416129999793,-6.958165199999263
<NA>,11373181571,161.20983942643062,,,,Cisaranten Kidul,Gedebage,22102,107.70410260359726,-6.9581754214605125
<NA>,11373181571,120.65871556732688,,,,Cisaranten Kidul,Gedebage,22102,107.70447899999809,-6.958250549999349
<NA>,11373181571,125.6951964218715,,,,Cisaranten Kidul,Gedebage,22102,107.70442029999809,-6.958260799999348
<NA>,11373181571,130.86972282509538,,,,Cisaranten Kidul,Gedebage,22102,107.70436159999811,-6.958271049999357
<NA>,11373181571,136.16896261477305,,,,Cisaranten Kidul,Gedebage,22102,107.7043028999981,-6.958281249999343
<NA>,11373181571,141.5778128380907,,,,Cisaranten Kidul,Gedebage,22102,107.7042441715148,-6.9582914846242305
<NA>,11373181571,147.08123840439356,,,,Cisaranten Kidul,Gedebage,22102,107.70418544999808,-6.958301749999364
<NA>,11373181571,152.6713782864517,,,,Cisaranten Kidul,Gedebage,22102,107.70412674999808,-6.958311949999349
<NA>,13142184800,157.06212806651519,,,,Cisaranten Kidul,Gedebage,22102,107.70384729618051,-6.958219928444417
<NA>,13142184800,154.92020152772307,,,,Cisaranten Kidul,Gedebage,22102,107.70378574999802,-6.958230649999344
<NA>,13142184800,153.05804431091374,,,,Cisaranten Kidul,Gedebage,22102,107.70372419999802,-6.958241349999324
<NA>,13142184800,151.4934342641201,,,,Cisaranten Kidul,Gedebage,22102,107.70366268225874,-6.958252086634016
<NA>,13142184800,150.22754625305322,,,,Cisaranten Kidul,Gedebage,22102,107.70360111773729,-6.958262813364676
<NA>,13142184800,149.27370817725478,,,,Cisaranten Kidul,Gedebage,22102,107.70353959999802,-6.958273549999321
<NA>,13142184800,148.63252034928084,,,,Cisaranten Kidul,Gedebage,22102,107.70347807843137,-6.958284265080794
<NA>,13142184800,148.30721359343596,,,,Cisaranten Kidul,Gedebage,22102,107.70341652538546,-6.958294956491379
<NA>,7216077612,139.8713985013483,,,,Cisaranten Kidul,Gedebage,22102,107.7033791283924,-6.958442264662457
<NA>,7216077612,145.9648083363894,,,,Cisaranten Kidul,Gedebage,22102,107.7034406716102,-6.958431485329789
<NA>,7216077612,152.12050769519357,,,,Cisaranten Kidul,Gedebage,22102,107.70350219999818,-6.958420799999402
<NA>,7216077612,158.34100056472383,,,,Cisaranten Kidul,Gedebage,22102,107.70356374999818,-6.958410099999412
<NA>,7216077612,164.61736295765695,,,,Cisaranten Kidul,Gedebage,22102,107.70362529604704,-6.958399378386527
<NA>,13142184800,166.5489948564682,,,,Cisaranten Kidul,Gedebage,22102,107.70368683234216,-6.958388636267529
<NA>,13142184800,167.97415854168096,,,,Cisaranten Kidul,Gedebage,22102,107.70374837161019,-6.958377885329795
<NA>,13142184800,169.6749103921384,,,,Cisaranten Kidul,Gedebage,22102,107.70380989999818,-6.958367199999404
<NA>,7216077612,131.1998762328405,,,,Cisaranten Kidul,Gedebage,22102,107.7032900499982,-6.958457799999434
<NA>,7216077612,125.24866672864614,,,,Cisaranten Kidul,Gedebage,22102,107.70322767163631,-6.958468635518959
<NA>,7216077612,119.40972362213873,,,,Cisaranten Kidul,Gedebage,22102,107.7031652999982,-6.958479499999466
<NA>,7216077612,113.69811465031528,,,,Cisaranten Kidul,Gedebage,22102,107.70310292836635,-6.958490414473446
<NA>,7216077612,108.14289639241495,,,,Cisaranten Kidul,Gedebage,22102,107.70304055402123,-6.958501271642349
<NA>,7216077612,102.76222674822961,,,,Cisaranten Kidul,Gedebage,22102,107.70297814597518,-6.9585121283565385
<NA>,7216077612,97.58740232874194,,,,Cisaranten Kidul,Gedebage,22102,107.70291574999821,-6.958522999999444
<NA>,7216077612,92.65046605375416,,,,Cisaranten Kidul,Gedebage,22102,107.70285334999821,-6.95853389999944
<NA>,7216077612,100.23028450689097,,,,Cisaranten Kidul,Gedebage,22102,107.7027668538859,-6.958408221585643
<NA>,7216077612,104.33710910465075,,,,Cisaranten Kidul,Gedebage,22102,107.70282922158577,-6.958397335118757
<NA>,7216077612,108.73755391989384,,,,Cisaranten Kidul,Gedebage,22102,107.70289159610506,-6.95838647840061
<NA>,7216077612,113.3991543063132,,,,Cisaranten Kidul,Gedebage,22102,107.70295398229406,-6.958375636466972
<NA>,7216077612,118.29460278446417,,,,Cisaranten Kidul,Gedebage,22102,107.70301634999805,-6.958364749999378
<NA>,7216077612,123.39662072580336,,,,Cisaranten Kidul,Gedebage,22102,107.70307874999807,-6.958353849999361
<NA>,7216077612,128.6751284554421,,,,Cisaranten Kidul,Gedebage,22102,107.7031411461102,-6.958342978413089
<NA>,7216077612,134.11141053022163,,,,Cisaranten Kidul,Gedebage,22102,107.7032035538859,-6.9583321215856495
<NA>,7216077612,83.34235032285356,,,,Cisaranten Kidul,Gedebage,22102,107.70234759999789,-6.9584812499992275
<NA>,7216077612,84.30104114841288,,,,Cisaranten Kidul,Gedebage,22102,107.70240439999789,-6.958471349999209
<NA>,7216077612,85.7244935394861,,,,Cisaranten Kidul,Gedebage,22102,107.70246119999788,-6.95846144999922
<NA>,7216077612,87.58686675011064,,,,Cisaranten Kidul,Gedebage,22102,107.70251799654172,-6.958451578591502
<NA>,7216077612,89.86249971350554,,,,Cisaranten Kidul,Gedebage,22102,107.70257477860272,-6.9584417163600865
<NA>,7216077612,92.52737638189218,,,,Cisaranten Kidul,Gedebage,22102,107.70263154999788,-6.95843179999921
<NA>,7216077612,82.53951356304829,,,,Cisaranten Kidul,Gedebage,22102,107.70271122153973,-6.95855863480677
<NA>,7216077612,78.87966093414408,,,,Cisaranten Kidul,Gedebage,22102,107.70265178223956,-6.958569036732775
<NA>,7216077612,75.63906637763868,,,,Cisaranten Kidul,Gedebage,22102,107.70259234621366,-6.958579378450615
<NA>,7216077612,72.86536871610416,,,,Cisaranten Kidul,Gedebage,22102,107.70253292153974,-6.9585897348067665
<NA>,7216077612,70.6118870766129,,,,Cisaranten Kidul,Gedebage,22102,107.7024734784503,-6.958600115198838
<NA>,7216077612,95.54306623497428,,,,Cisaranten Kidul,Gedebage,22102,107.70268834999789,-6.958421899999245
<NA>,7216077612,68.93820503999451,,,,Cisaranten Kidul,Gedebage,22102,107.70241404999811,-6.958610449999371
<NA>,7216077612,139.68777238263337,,,,Cisaranten Kidul,Gedebage,22102,107.70326594999804,-6.9583212499993685
<NA>,7216077612,147.85689694049145,,,,Cisaranten Kidul,Gedebage,22102,107.70335499618052,-6.958305728444389
<NA>,13142184800,165.65795780345547,,,,Cisaranten Kidul,Gedebage,22102,107.7040438963986,-6.958185678538037
<NA>,11373181571,125.02908273500873,,,,Cisaranten Kidul,Gedebage,22102,107.70453764999804,-6.958099599999351
<NA>,11373181571,113.7328754634,,,,Cisaranten Kidul,Gedebage,22102,107.70456289999827,-6.958235949999488
<NA>,11373181571,158.33642676361717,,,,Cisaranten Kidul,Gedebage,22102,107.70406804999809,-6.958322199999343
<NA>,13142184800,171.63455432521616,,,,Cisaranten Kidul,Gedebage,22102,107.70387142443698,-6.958356493050312
<NA>,7216077612,87.99758032445375,,,,Cisaranten Kidul,Gedebage,22102,107.70279095402124,-6.958544771642337
<NA>,6608965073,83.78973421283753,,,,Cisaranten Kidul,Gedebage,22102,107.69308984999869,-6.956995599999996
<NA>,12084548103,106.81040624937935,,,,Cisaranten Kidul,Gedebage,22102,107.70289240000028,-6.9560475999977065
<NA>,13142184800,86.52011979054828,,,,Cisaranten Kidul,Gedebage,22102,107.70294790000048,-6.956226699998778
<NA>,4054885053,98.79422472926467,,,,Cisaranten Kidul,Gedebage,22102,107.70529965000074,-6.956001100000012
<NA>,13142184800,168.291254237328,,,,Cisaranten Kidul,Gedebage,22102,107.70421255000075,-6.955886600000015
<NA>,13142184800,175.27084548613138,,,,Cisaranten Kidul,Gedebage,22102,107.70431140000075,-6.9558970000000055
<NA>,4054885053,168.2316288134165,,,,Cisaranten Kidul,Gedebage,22102,107.70441025000075,-6.95590740000001
<NA>,4054885053,158.98491927220522,,,,Cisaranten Kidul,Gedebage,22102,107.70450905000077,-6.955917800000008
<NA>,4054885053,149.97305625111508,,,,Cisaranten Kidul,Gedebage,22102,107.70460785000076,-6.955928199999987
<NA>,4054885053,141.2393341131062,,,,Cisaranten Kidul,Gedebage,22102,107.70470670000074,-6.9559386500000135
<NA>,4054885053,132.84140222405236,,,,Cisaranten Kidul,Gedebage,22102,107.70480555000074,-6.955949099999995
<NA>,4054885053,124.84785472909657,,,,Cisaranten Kidul,Gedebage,22102,107.70490435000075,-6.955959500000015
<NA>,4054885053,117.33935873741773,,,,Cisaranten Kidul,Gedebage,22102,107.70500315000075,-6.9559698999999835
<NA>,4054885053,110.41114892380027,,,,Cisaranten Kidul,Gedebage,22102,107.70510200000075,-6.955980300000027
<NA>,4054885053,104.18421129742515,,,,Cisaranten Kidul,Gedebage,22102,107.70520085000075,-6.955990700000014
<NA>,13142184800,169.91000474846683,,,,Cisaranten Kidul,Gedebage,22102,107.7044786500006,-6.956200199998528
<NA>,13142184800,160.23204184369317,,,,Cisaranten Kidul,Gedebage,22102,107.7043691500006,-6.956189699998528
<NA>,13142184800,150.9188711897812,,,,Cisaranten Kidul,Gedebage,22102,107.70425970000059,-6.956179199998517
<NA>,13142184800,142.04006883214163,,,,Cisaranten Kidul,Gedebage,22102,107.7041502500006,-6.956168649998521
<NA>,13142184800,133.6785887357277,,,,Cisaranten Kidul,Gedebage,22102,107.70404080000061,-6.956158099998513
<NA>,4054885053,129.74101153076188,,,,Cisaranten Kidul,Gedebage,22102,107.70520450000039,-6.956270149997979
<NA>,4054885053,134.67811506987908,,,,Cisaranten Kidul,Gedebage,22102,107.7051036500004,-6.956260399997987
<NA>,4054885053,140.33794218041075,,,,Cisaranten Kidul,Gedebage,22102,107.7050028000004,-6.956250649997989
<NA>,4054885053,146.64049880481966,,,,Cisaranten Kidul,Gedebage,22102,107.70490190000041,-6.956240899997983
<NA>,4054885053,153.5039384401426,,,,Cisaranten Kidul,Gedebage,22102,107.7048010000004,-6.9562311499979845
<NA>,4054885053,160.84867022283282,,,,Cisaranten Kidul,Gedebage,22102,107.70470015000039,-6.956221349997984
<NA>,4054885053,168.6220955317346,,,,Cisaranten Kidul,Gedebage,22102,107.70459930000041,-6.956211599997985
<NA>,13142184800,125.93346374518906,,,,Cisaranten Kidul,Gedebage,22102,107.7039313500006,-6.956147599998533
<NA>,13142184800,141.52592774767558,,,,Cisaranten Kidul,Gedebage,22102,107.70374569244765,-6.9558458233938305
<NA>,12084548103,142.96049595865188,,,,Cisaranten Kidul,Gedebage,22102,107.70271289244093,-6.955746373393183
<NA>,12084548103,139.8372384475741,,,,Cisaranten Kidul,Gedebage,22102,107.7028162075608,-6.955756326608178
<NA>,13142184800,136.88648676013585,,,,Cisaranten Kidul,Gedebage,22102,107.70291944244849,-6.955766273392352
<NA>,13142184800,134.1099834476057,,,,Cisaranten Kidul,Gedebage,22102,107.70302275531033,-6.955775952723494
<NA>,13142184800,132.32148572237688,,,,Cisaranten Kidul,Gedebage,22102,107.70311950280833,-6.95578538155891
<NA>,13142184800,131.3355151069607,,,,Cisaranten Kidul,Gedebage,22102,107.70322931511335,-6.955796053222306
<NA>,13142184800,131.44621014806322,,,,Cisaranten Kidul,Gedebage,22102,107.70333259244765,-6.955806023393827
<NA>,13142184800,132.55655232683677,,,,Cisaranten Kidul,Gedebage,22102,107.70343590755412,-6.955815976607542
<NA>,13142184800,134.63761173039543,,,,Cisaranten Kidul,Gedebage,22102,107.70353914245518,-6.955825923392982
<NA>,13142184800,137.646609619851,,,,Cisaranten Kidul,Gedebage,22102,107.7036424075541,-6.9558358766075505
<NA>,13142184800,110.31118933752906,,,,Cisaranten Kidul,Gedebage,22102,107.7036616000003,-6.956121599997719
<NA>,13142184800,106.23982531917011,,,,Cisaranten Kidul,Gedebage,22102,107.70356545000028,-6.956112349997714
<NA>,13142184800,103.11858235397315,,,,Cisaranten Kidul,Gedebage,22102,107.7034693000003,-6.956103099997713
<NA>,13142184800,101.03555355079871,,,,Cisaranten Kidul,Gedebage,22102,107.7033731500003,-6.956093849997723
<NA>,13142184800,100.05560257902422,,,,Cisaranten Kidul,Gedebage,22102,107.7032770000003,-6.9560845999977206
<NA>,13142184800,100.21109501615918,,,,Cisaranten Kidul,Gedebage,22102,107.7031808500003,-6.956075349997728
<NA>,13142184800,101.49681232322733,,,,Cisaranten Kidul,Gedebage,22102,107.70308470000029,-6.9560660999977255
<NA>,13142184800,103.87079285956393,,,,Cisaranten Kidul,Gedebage,22102,107.7029885500003,-6.956056849997712
<NA>,13142184800,93.20924541826629,,,,Cisaranten Kidul,Gedebage,22102,107.7036431500005,-6.956293599998778
<NA>,13142184800,88.23712370392767,,,,Cisaranten Kidul,Gedebage,22102,107.7035438500005,-6.956284049998767
<NA>,13142184800,84.4218846542743,,,,Cisaranten Kidul,Gedebage,22102,107.70344452672286,-6.956274488002847
<NA>,13142184800,81.92311365644771,,,,Cisaranten Kidul,Gedebage,22102,107.7033452000005,-6.956264949998775
<NA>,13142184800,80.86567755237289,,,,Cisaranten Kidul,Gedebage,22102,107.70324587327815,-6.9562554119947455
<NA>,13142184800,81.31401546921445,,,,Cisaranten Kidul,Gedebage,22102,107.7031465500005,-6.956245799998776
<NA>,13142184800,83.23043975841348,,,,Cisaranten Kidul,Gedebage,22102,107.70304722671733,-6.9562362380005585
<NA>,1667532736,9.195818019294082,,,,Jati Sari,Buahbatu,9513,107.65925506050503,-6.929970977211734
<NA>,1667532736,14.101940982926724,,,,Jati Sari,Buahbatu,9513,107.6592459772119,-6.930039843848692
<NA>,1667532736,20.766797788399884,,,,Jati Sari,Buahbatu,9513,107.65923692278763,-6.930108706144562
<NA>,1667532736,27.959834888151203,,,,Jati Sari,Buahbatu,9513,107.65922785000073,-6.930177550001444
<NA>,1667532736,35.36707490964873,,,,Jati Sari,Buahbatu,9513,107.65921875000076,-6.930246450001435
<NA>,1667532736,42.86746930855679,,,,Jati Sari,Buahbatu,9513,107.65920967721387,-6.930315293858274
<NA>,1667532736,50.424734154585394,,,,Jati Sari,Buahbatu,9513,107.65920060000074,-6.930384150001406
<NA>,1667532982,57.28885162785919,,,,Jati Sari,Buahbatu,9513,107.65919151229404,-6.930453028945021
<NA>,1667532982,49.68715207618419,,,,Jati Sari,Buahbatu,9513,107.65918246050502,-6.930521877211711
<NA>,1667532982,42.113180570662465,,,,Jati Sari,Buahbatu,9513,107.65917335000076,-6.930590750001439
<NA>,1667532982,34.5923689988557,,,,Jati Sari,Buahbatu,9513,107.65916427721386,-6.930659593858315
<NA>,1667532982,27.16091378789235,,,,Jati Sari,Buahbatu,9513,107.65915522278958,-6.930728456154179
<NA>,1667532982,19.580368609147566,,,,Jati Sari,Buahbatu,9513,107.659337259042,-6.9308657627628945
<NA>,1667532982,30.447769142978352,,,,Jati Sari,Buahbatu,9513,107.65935313757731,-6.930745681721311
<NA>,1667532982,38.5880064744815,,,,Jati Sari,Buahbatu,9513,107.6593636848722,-6.930665622440743
<NA>,1667532982,47.022694847396934,,,,Jati Sari,Buahbatu,9513,107.6593743000021,-6.9305855500053255
<NA>,1667532982,55.61501685508823,,,,Jati Sari,Buahbatu,9513,107.65938491513201,-6.9305054775698975
<NA>,1667532736,53.16402475413301,,,,Jati Sari,Buahbatu,9513,107.65939546242689,-6.93042541828935
<NA>,1667532736,44.577918532895254,,,,Jati Sari,Buahbatu,9513,107.6594060500021,-6.930345350005355
<NA>,1667532736,36.162607996486464,,,,Jati Sari,Buahbatu,9513,107.65941663757732,-6.9302652817212955
<NA>,1667532736,28.069722938211672,,,,Jati Sari,Buahbatu,9513,107.65942720000211,-6.930185200005308
<NA>,1667532736,20.687253806665446,,,,Jati Sari,Buahbatu,9513,107.65943778487221,-6.930105122440709
<NA>,1667532736,14.909475327863284,,,,Jati Sari,Buahbatu,9513,107.65944153304683,-6.930031629536148
<NA>,1667836545,16.80146855929994,,,,Jati Sari,Buahbatu,9513,107.65960117196941,-6.930095122193765
<NA>,1667836545,19.368582053608424,,,,Jati Sari,Buahbatu,9513,107.65959488464209,-6.930171272425121
<NA>,1667836545,25.374347496031177,,,,Jati Sari,Buahbatu,9513,107.65958431536228,-6.930251527585956
<NA>,1667836545,32.75785157201545,,,,Jati Sari,Buahbatu,9513,107.65957370000218,-6.930331750005544
<NA>,1667836545,40.7729947841875,,,,Jati Sari,Buahbatu,9513,107.6595631000022,-6.930411950005549
<NA>,1667836545,49.117939163387035,,,,Jati Sari,Buahbatu,9513,107.65955250000218,-6.930492200005553
<NA>,1667836818,42.61786984390844,,,,Jati Sari,Buahbatu,9513,107.65953130000219,-6.930652650005554
<NA>,1667836818,34.43448177167902,,,,Jati Sari,Buahbatu,9513,107.65952070000218,-6.930732850005549
<NA>,1667836818,26.743455038685056,,,,Jati Sari,Buahbatu,9513,107.65951010000218,-6.930813100005529
<NA>,1667836818,23.634910823175776,,,,Jati Sari,Buahbatu,9513,107.65975300255046,-6.930856775114337
<NA>,1667836818,29.969458686488696,,,,Jati Sari,Buahbatu,9513,107.65976139745389,-6.930793524897622
<NA>,1667836818,36.57138903813251,,,,Jati Sari,Buahbatu,9513,107.65976975000218,-6.930730250005975
<NA>,1667836818,43.318988793571144,,,,Jati Sari,Buahbatu,9513,107.65977810255045,-6.930666975114345
<NA>,1667836818,50.152633968488544,,,,Jati Sari,Buahbatu,9513,107.6597864974539,-6.9306037248976455
<NA>,1667836545,49.37906147505135,,,,Jati Sari,Buahbatu,9513,107.6597948220113,-6.930540453118353
<NA>,1667836545,42.52160211178486,,,,Jati Sari,Buahbatu,9513,107.65980315854881,-6.9304771688992695
<NA>,1667836545,35.75077140836421,,,,Jati Sari,Buahbatu,9513,107.65981156945864,-6.930413928007445
<NA>,1667836545,29.11237147585687,,,,Jati Sari,Buahbatu,9513,107.65981992201132,-6.930350653118331
<NA>,1667836545,22.729711999316958,,,,Jati Sari,Buahbatu,9513,107.6598282585488,-6.930287368899274
<NA>,1667836545,16.90650055503557,,,,Jati Sari,Buahbatu,9513,107.65983666945864,-6.930224128007433
<NA>,1667836545,12.025336252035197,,,,Jati Sari,Buahbatu,9513,107.65983566886135,-6.93016691173226
<NA>,1667836916,24.422294620212618,,,,Jati Sari,Buahbatu,9513,107.65991623105036,-6.930877522065752
<NA>,1667836916,30.84326062887432,,,,Jati Sari,Buahbatu,9513,107.65992492794798,-6.9308117968034795
<NA>,1667836916,37.600269883833306,,,,Jati Sari,Buahbatu,9513,107.65993361896683,-6.930746077946177
<NA>,1667836916,44.5456012656295,,,,Jati Sari,Buahbatu,9513,107.65994225310367,-6.930680325275651
<NA>,1667836578,47.26941251477954,,,,Jati Sari,Buahbatu,9513,107.65995095000223,-6.930614600006076
<NA>,1667836578,40.317792646270426,,,,Jati Sari,Buahbatu,9513,107.65995966895412,-6.930548877946414
<NA>,1667836578,33.53085931306799,,,,Jati Sari,Buahbatu,9513,107.65996833105037,-6.930483122065752
<NA>,1667836578,27.033282389274294,,,,Jati Sari,Buahbatu,9513,107.65997705000223,-6.930417400006103
<NA>,1667836578,14.842600880283433,,,,Jati Sari,Buahbatu,9513,107.65999548583099,-6.930225552879693
<NA>,1667836578,14.50095588735764,,,,Jati Sari,Buahbatu,9513,107.6602287227944,-6.930312499474987
<NA>,1667836578,20.49239413628626,,,,Jati Sari,Buahbatu,9513,107.6602256000024,-6.9303850500065245
<NA>,1667836578,26.883908331292396,,,,Jati Sari,Buahbatu,9513,107.66021655000239,-6.930453500006534
<NA>,1667836578,33.79814854331877,,,,Jati Sari,Buahbatu,9513,107.6602075000024,-6.930521950006523
<NA>,1667836578,40.97154433318193,,,,Jati Sari,Buahbatu,9513,107.66019847793844,-6.93059039678479
<NA>,1667836578,48.288858893821725,,,,Jati Sari,Buahbatu,9513,107.66018942206992,-6.930658853234008
<NA>,1667836916,43.00875837860716,,,,Jati Sari,Buahbatu,9513,107.66018037793843,-6.930727296784808
<NA>,1667836916,35.83587902731338,,,,Jati Sari,Buahbatu,9513,107.66017132206991,-6.930795753234006
<NA>,1667836976,30.77717185775187,,,,Jati Sari,Buahbatu,9513,107.6603213295991,-6.930888021913993
<NA>,1667836976,36.71320480306735,,,,Jati Sari,Buahbatu,9513,107.66032955000233,-6.9308256500064855
<NA>,1667836976,42.960424285472655,,,,Jati Sari,Buahbatu,9513,107.66033780000232,-6.930763250006462
<NA>,1667836626,39.63924859648723,,,,Jati Sari,Buahbatu,9513,107.66034605000233,-6.930700850006462
<NA>,1667836626,33.549274929047144,,,,Jati Sari,Buahbatu,9513,107.66035432039999,-6.930638478103562
<NA>,1667836626,27.877181855480103,,,,Jati Sari,Buahbatu,9513,107.6603625295991,-6.9305761219139805
<NA>,1667836626,22.919438539051423,,,,Jati Sari,Buahbatu,9513,107.66037080000233,-6.930513750006481
<NA>,1667836626,19.24767449423929,,,,Jati Sari,Buahbatu,9513,107.66037905000233,-6.93045135000647
<NA>,1667836818,18.66343535675174,,,,Jati Sari,Buahbatu,9513,107.65949653812675,-6.930915372706295
<NA>,1667836916,17.029285747336406,,,,Jati Sari,Buahbatu,9513,107.65990185000234,-6.930968150005271
<NA>,1667836916,18.713949523526793,,,,Jati Sari,Buahbatu,9513,107.66014735000232,-6.93097725000308
<NA>,1667836976,21.95265671258315,,,,Jati Sari,Buahbatu,9513,107.66030555191497,-6.930997862515185
<NA>,1667836916,28.906160650056684,,,,Jati Sari,Buahbatu,9513,107.66016227793843,-6.930864196784804
<NA>,1667836626,17.685227445438684,,,,Jati Sari,Buahbatu,9513,107.66038727810134,-6.930388947071705
<NA>,5397974398,14.78020928242273,,,,Jati Sari,Buahbatu,9513,107.65912084113624,-6.930841225899979
<NA>,1667836818,15.985273988434049,,,,Jati Sari,Buahbatu,9513,107.65974445000236,-6.930947650005273
<NA>,8427358454,13.914701534002985,,,,Jati Sari,Buahbatu,9513,107.66007925000575,-6.933027999997169
<NA>,8427358454,16.87924705191495,,,,Jati Sari,Buahbatu,9513,107.66001885000576,-6.932996549997189
<NA>,5397976630,15.262082608263007,,,,Jati Sari,Buahbatu,9513,107.65995844832254,-6.932965134730544
<NA>,5397976630,13.79483841195801,,,,Jati Sari,Buahbatu,9513,107.65989805168898,-6.9329336652638
<NA>,5397976630,16.162591393884732,,,,Jati Sari,Buahbatu,9513,107.65983764832251,-6.932902234730549
<NA>,5397976630,21.107398900351864,,,,Jati Sari,Buahbatu,9513,107.65977725168898,-6.932870765263804
<NA>,5397976630,27.26416854997941,,,,Jati Sari,Buahbatu,9513,107.65971685000575,-6.932839349997176
<NA>,5397976630,33.97875933264211,,,,Jati Sari,Buahbatu,9513,107.65965645000577,-6.932807899997178
<NA>,5397974399,38.58124253751248,,,,Jati Sari,Buahbatu,9513,107.65959606526185,-6.932776465046183
<NA>,5397976630,35.01858337792682,,,,Jati Sari,Buahbatu,9513,107.6597305659957,-6.932612499145151
<NA>,5397974399,38.12200728868694,,,,Jati Sari,Buahbatu,9513,107.65976894999771,-6.932539900008818
<NA>,1667839088,30.411765607295237,,,,Jati Sari,Buahbatu,9513,107.65980732058735,-6.932467266870948
<NA>,5397976630,16.211141320951,,,,Jati Sari,Buahbatu,9513,107.65989451233759,-6.932697833606724
<NA>,5397976630,22.614081779561346,,,,Jati Sari,Buahbatu,9513,107.65993284999823,-6.932625200007498
<NA>,5397976630,30.412730354371586,,,,Jati Sari,Buahbatu,9513,107.65997119999824,-6.932552600007497
<NA>,1667839088,23.10897448221347,,,,Jati Sari,Buahbatu,9513,107.65984567940806,-6.93239463314671
<NA>,1667839211,29.0222301704317,,,,Jati Sari,Buahbatu,9513,107.66000958765886,-6.9324799664082075
<NA>,8427358454,13.475018689280684,,,,Jati Sari,Buahbatu,9513,107.6601348082818,-6.932807518798394
<NA>,1667839211,32.61768460382518,,,,Jati Sari,Buahbatu,9513,107.66023712660369,-6.932613883911307
<NA>,1667839442,31.812709143821735,,,,Jati Sari,Buahbatu,9513,107.66043836262864,-6.932697596083924
<NA>,8427358454,33.17174701886836,,,,Jati Sari,Buahbatu,9513,107.66040463735985,-6.9327614039500505
<NA>,8427358454,26.428105855915973,,,,Jati Sari,Buahbatu,9513,107.66037089999425,-6.932825200016988
<NA>,8427358454,18.300621087276657,,,,Jati Sari,Buahbatu,9513,107.66032035460644,-6.932920930058321
<NA>,8427358454,16.070950927200908,,,,Jati Sari,Buahbatu,9513,107.66026979842223,-6.933016649283555
<NA>,8427358454,19.145699448013072,,,,Jati Sari,Buahbatu,9513,107.6602360787861,-6.933080462652234
<NA>,1667839470,32.6340810326272,,,,Jati Sari,Buahbatu,9513,107.6612468221887,-6.933169838462035
<NA>,5406559531,41.16342149153817,,,,Jati Sari,Buahbatu,9513,107.66118896728155,-6.93327935102235
<NA>,5406559531,32.51026950577063,,,,Jati Sari,Buahbatu,9513,107.66115043271712,-6.93335234898701
<NA>,5406559531,24.21572261155754,,,,Jati Sari,Buahbatu,9513,107.66111185756648,-6.9334253183049706
<NA>,5406559531,16.81166206232476,,,,Jati Sari,Buahbatu,9513,107.66107329999934,-6.9334983000046835
<NA>,5406559531,12.069468334496882,,,,Jati Sari,Buahbatu,9513,107.66103473271082,-6.933571298977322
<NA>,1667839459,30.656224403303558,,,,Jati Sari,Buahbatu,9513,107.66112265000125,-6.933084550004031
<NA>,1667839459,40.77501116697276,,,,Jati Sari,Buahbatu,9513,107.66107764999838,-6.933169700005974
<NA>,1667839477,39.60386031729514,,,,Jati Sari,Buahbatu,9513,107.66104766410884,-6.933226484285899
<NA>,1667839477,32.83281952495756,,,,Jati Sari,Buahbatu,9513,107.6610176358879,-6.933283215726035
<NA>,1667839477,26.237643348390133,,,,Jati Sari,Buahbatu,9513,107.66098764999836,-6.933340000005944
<NA>,1667839477,19.996656190864798,,,,Jati Sari,Buahbatu,9513,107.66095767984291,-6.93339678310525
<NA>,1667839477,14.571606541654882,,,,Jati Sari,Buahbatu,9513,107.66092772015385,-6.933453516906692
<NA>,1667839477,11.206840179497108,,,,Jati Sari,Buahbatu,9513,107.66089774999838,-6.93351030000597
<NA>,1667839477,20.899306621332105,,,,Jati Sari,Buahbatu,9513,107.6607446316186,-6.9333040423305725
<NA>,1667839477,17.946498729172827,,,,Jati Sari,Buahbatu,9513,107.66072534999549,-6.933340550012288
<NA>,1667839477,15.7815848015337,,,,Jati Sari,Buahbatu,9513,107.66070609999551,-6.933377050012309
<NA>,1667839459,29.995309122073035,,,,Jati Sari,Buahbatu,9513,107.6609273999967,-6.932957150011507
<NA>,1667839459,38.225352530113106,,,,Jati Sari,Buahbatu,9513,107.66088896524946,-6.933030184728877
<NA>,1667839477,42.58991967663034,,,,Jati Sari,Buahbatu,9513,107.66085044999669,-6.933103200011499
<NA>,1667839477,34.165128934721416,,,,Jati Sari,Buahbatu,9513,107.66081193474395,-6.933176215294107
<NA>,1667839477,26.21717485540083,,,,Jati Sari,Buahbatu,9513,107.6607734499967,-6.93324925001149
<NA>,1667839477,14.755827132481523,,,,Jati Sari,Buahbatu,9513,107.66068684999549,-6.933413550012296
<NA>,1667839442,34.87885734520346,,,,Jati Sari,Buahbatu,9513,107.66071772253943,-6.93288309310471
<NA>,3277981688,35.61969646100495,,,,Jati Sari,Buahbatu,9513,107.66049319999506,-6.933309100013725
<NA>,1667839477,39.62030574930457,,,,Jati Sari,Buahbatu,9513,107.66051564999506,-6.9332665000137395
<NA>,1667839477,40.86395612070077,,,,Jati Sari,Buahbatu,9513,107.66053809999505,-6.933223900013741
<NA>,1667839477,43.29738833602842,,,,Jati Sari,Buahbatu,9513,107.6605661862169,-6.933170653023665
<NA>,1667839477,52.23732658097889,,,,Jati Sari,Buahbatu,9513,107.66063350584638,-6.933042846628381
<NA>,1667839211,18.155185856915256,,,,Jati Sari,Buahbatu,9513,107.6600609042166,-6.93236938444497
<NA>,1667839442,21.32254511198162,,,,Jati Sari,Buahbatu,9513,107.66050537619573,-6.932600784107041
<NA>,1667839459,19.79403181508418,,,,Jati Sari,Buahbatu,9513,107.66098035843703,-6.93284948235589
<NA>,1667839470,16.928715115663525,,,,Jati Sari,Buahbatu,9513,107.66131947487338,-6.9330245845982486
<NA>,1667839088,16.08218990078016,,,,Jati Sari,Buahbatu,9513,107.65990259314516,-6.932286917966888
<NA>,1667839211,23.12651661105138,,,,Jati Sari,Buahbatu,9513,107.6603178250879,-6.932503106663449
<NA>,1667839442,22.77760110930118,,,,Jati Sari,Buahbatu,9513,107.66079109100943,-6.932751017483999
<NA>,1667839459,16.8054400567999,,,,Jati Sari,Buahbatu,9513,107.66118993186114,-6.932957145550669
<NA>,5397976630,38.100620230171224,,,,Jati Sari,Buahbatu,9513,107.65970605000895,-6.933056549996344
<NA>,5397976630,36.80723379746023,,,,Jati Sari,Buahbatu,9513,107.65988905046846,-6.93315156632805
<NA>,8427358454,35.708766536331865,,,,Jati Sari,Buahbatu,9513,107.65998054954943,-6.933199133664692
<NA>,3277981688,31.109056708769295,,,,Jati Sari,Buahbatu,9513,107.66007208367732,-6.933246637599659
<NA>,3277981688,22.00600007571563,,,,Jati Sari,Buahbatu,9513,107.66016360000894,-6.933294149996359
<NA>,3277981688,18.75683000569761,,,,Jati Sari,Buahbatu,9513,107.6603712349719,-6.933401984385907
<NA>,3277981688,25.10772583046828,,,,Jati Sari,Buahbatu,9513,107.6604456650489,-6.93344066559224
<NA>,1667839477,30.919662338599867,,,,Jati Sari,Buahbatu,9513,107.66052015000938,-6.933479349995253
<NA>,1667839477,22.974340704362824,,,,Jati Sari,Buahbatu,9513,107.6605946368801,-6.933517999436307
<NA>,1667839477,16.49811264406774,,,,Jati Sari,Buahbatu,9513,107.66066906313867,-6.933556700554199
<NA>,1667839477,13.729411712172777,,,,Jati Sari,Buahbatu,9513,107.66074355000937,-6.933595349995276
<NA>,1667839477,16.651186860468336,,,,Jati Sari,Buahbatu,9513,107.66081800000937,-6.933634049995264
<NA>,7693964471,17.851304162757653,,,,Jati Sari,Buahbatu,9513,107.66089245190985,-6.933672715041597
<NA>,7693964471,14.686646462615164,,,,Jati Sari,Buahbatu,9513,107.66096694810889,-6.933711384948906
<NA>,5406559531,14.33631621340748,,,,Jati Sari,Buahbatu,9513,107.66104140000937,-6.9337500499952505
<NA>,6411812215,23.754811400318086,,,,Jati Sari,Buahbatu,9513,107.65897267763575,-6.93186884579873
<NA>,6411812215,30.83604728044484,,,,Jati Sari,Buahbatu,9513,107.6589818500014,-6.931802050003565
<NA>,6411812215,38.06424428514156,,,,Jati Sari,Buahbatu,9513,107.65899105000142,-6.931735250003573
<NA>,6411812215,45.36823058193922,,,,Jati Sari,Buahbatu,9513,107.6590002500014,-6.931668450003572
<NA>,6411812215,60.091556339601944,,,,Jati Sari,Buahbatu,9513,107.65901862236707,-6.931534854208409
<NA>,5397974398,57.22813451025318,,,,Jati Sari,Buahbatu,9513,107.65902777763576,-6.931468045798731
<NA>,5397974398,49.812472626656636,,,,Jati Sari,Buahbatu,9513,107.6590369500014,-6.931401250003573
<NA>,5397974398,42.41232568902118,,,,Jati Sari,Buahbatu,9513,107.6590461500014,-6.931334450003593
<NA>,5397974398,35.038451518318205,,,,Jati Sari,Buahbatu,9513,107.65905535000141,-6.931267650003572
<NA>,5397974398,27.712071834601744,,,,Jati Sari,Buahbatu,9513,107.65906455073517,-6.931200852129389
<NA>,1667838943,43.4324408538302,,,,Jati Sari,Buahbatu,9513,107.65923295675513,-6.931737854470038
<NA>,1667838943,26.637230912015745,,,,Jati Sari,Buahbatu,9513,107.65920832171939,-6.931905653080653
<NA>,1667838943,54.14000912849967,,,,Jati Sari,Buahbatu,9513,107.65924777828508,-6.931637146932557
<NA>,1667838943,61.38822076063438,,,,Jati Sari,Buahbatu,9513,107.65925762172338,-6.931570003086525
<NA>,1667532982,59.43714696977325,,,,Jati Sari,Buahbatu,9513,107.65926747828507,-6.9315028469325535
<NA>,1667532982,52.26634116260586,,,,Jati Sari,Buahbatu,9513,107.6592773309289,-6.9314357217177385
<NA>,1667532982,45.20491218546742,,,,Jati Sari,Buahbatu,9513,107.65928724078533,-6.931368581368468
<NA>,1667532982,38.31289037680893,,,,Jati Sari,Buahbatu,9513,107.65929707828508,-6.931301446932541
<NA>,1667532982,31.701504047120935,,,,Jati Sari,Buahbatu,9513,107.65930692172338,-6.931234303086517
<NA>,1667532982,19.870208456800878,,,,Jati Sari,Buahbatu,9513,107.65932801919304,-6.931091078307231
<NA>,1667532982,25.59189955509675,,,,Jati Sari,Buahbatu,9513,107.65931680000222,-6.931167150006585
<NA>,1667839081,27.684456667413635,,,,Jati Sari,Buahbatu,9513,107.65938944639765,-6.93190864948498
<NA>,1667839081,36.30750538037871,,,,Jati Sari,Buahbatu,9513,107.65940187914629,-6.931824147996097
<NA>,1667839081,42.25575320467646,,,,Jati Sari,Buahbatu,9513,107.65941012086599,-6.931767802027718
<NA>,1667839081,60.52650260109772,,,,Jati Sari,Buahbatu,9513,107.65943497913976,-6.931598797990505
<NA>,1667836818,60.46385937841301,,,,Jati Sari,Buahbatu,9513,107.65944322085947,-6.9315424520221445
<NA>,1667836818,54.29256567850411,,,,Jati Sari,Buahbatu,9513,107.65945150000287,-6.931486150009101
<NA>,1667836818,48.14818464152376,,,,Jati Sari,Buahbatu,9513,107.65945980000288,-6.931429800009122
<NA>,1667836818,42.05082087594376,,,,Jati Sari,Buahbatu,9513,107.65946810000288,-6.931373450009111
<NA>,1667836818,36.03178929287358,,,,Jati Sari,Buahbatu,9513,107.65947635000288,-6.931317150009114
<NA>,1667836818,30.12178544931103,,,,Jati Sari,Buahbatu,9513,107.65948460000287,-6.93126080000911
<NA>,1667839081,20.731185327306008,,,,Jati Sari,Buahbatu,9513,107.65933192107867,-6.932021262578735
<NA>,1667838943,19.517605947371187,,,,Jati Sari,Buahbatu,9513,107.65920208540928,-6.9320024824368245
<NA>,6411812215,13.464738845816758,,,,Jati Sari,Buahbatu,9513,107.6589500105076,-6.9319659774636655
<NA>,1667839081,16.629721219784397,,,,Jati Sari,Buahbatu,9513,107.6595974500019,-6.932059750003859
<NA>,1667839081,13.64963955970097,,,,Jati Sari,Buahbatu,9513,107.65941850636379,-6.932033827442459
<NA>,1667533461,11.179698166532987,,,,Jati Sari,Buahbatu,9513,107.65889575000104,-6.9324685000023765
<NA>,1667533461,11.550894586759906,,,,Jati Sari,Buahbatu,9513,107.6589056879077,-6.932397272559601
<NA>,1667533461,16.386647047937856,,,,Jati Sari,Buahbatu,9513,107.65891566208992,-6.932326027452377
<NA>,6411812215,15.689941830954655,,,,Jati Sari,Buahbatu,9513,107.6589101998586,-6.932192600580979
<NA>,1667533461,13.567561859520938,,,,Jati Sari,Buahbatu,9513,107.65911040000105,-6.93249335000214
<NA>,5397974399,19.751756966391778,,,,Jati Sari,Buahbatu,9513,107.6593278775966,-6.932323695490387
<NA>,5397974399,14.093118130391533,,,,Jati Sari,Buahbatu,9513,107.65931465000243,-6.9324184000060995
<NA>,1667533461,24.449621017915753,,,,Jati Sari,Buahbatu,9513,107.65915692892638,-6.932300149297262
<NA>,1667838943,19.16839551715429,,,,Jati Sari,Buahbatu,9513,107.65918175000243,-6.932188350005572
<NA>,5397974399,15.027327605721903,,,,Jati Sari,Buahbatu,9513,107.65954109022685,-6.932388572897454
<NA>,1667839081,19.623518437949528,,,,Jati Sari,Buahbatu,9513,107.65955115000136,-6.932303700003362
<NA>,1667839081,13.465562201644731,,,,Jati Sari,Buahbatu,9513,107.65955991122095,-6.9322298270315335
<NA>,5397974399,11.010441685754198,,,,Jati Sari,Buahbatu,9513,107.65953106680578,-6.9324734274475865
<NA>,1667836976,51.99027366409243,,,,Jati Sari,Buahbatu,9513,107.66026136497307,-6.93156619270095
<NA>,5397976633,56.128574839309074,,,,Jati Sari,Buahbatu,9513,107.66022978710947,-6.931805122535138
<NA>,1667839211,33.86662327199862,,,,Jati Sari,Buahbatu,9513,107.66020215000265,-6.932014150007506
<NA>,1667839211,40.43944951362069,,,,Jati Sari,Buahbatu,9513,107.66021005000265,-6.931954450007481
<NA>,1667838295,57.073828095478405,,,,Jati Sari,Buahbatu,9513,107.66024165000263,-6.93171555000751
<NA>,1667838295,57.336515108014794,,,,Jati Sari,Buahbatu,9513,107.66024955000265,-6.9316558000075075
<NA>,1667836976,42.464312891336085,,,,Jati Sari,Buahbatu,9513,107.66027320000265,-6.9314766000075
<NA>,1667836976,36.25524496914704,,,,Jati Sari,Buahbatu,9513,107.66028107165056,-6.931416852570616
<NA>,1667836976,30.246253207215535,,,,Jati Sari,Buahbatu,9513,107.66028895000264,-6.9313571500075195
<NA>,1667836916,30.9129478022251,,,,Jati Sari,Buahbatu,9513,107.6601087217148,-6.931338602659721
<NA>,1667836916,37.265213924429254,,,,Jati Sari,Buahbatu,9513,107.66010037829078,-6.931401597356066
<NA>,1667836916,43.821375859648555,,,,Jati Sari,Buahbatu,9513,107.66009205000279,-6.931464550007898
<NA>,1667836916,50.504605606959494,,,,Jati Sari,Buahbatu,9513,107.66008375000278,-6.931527500007878
<NA>,1667836916,60.68271005160923,,,,Jati Sari,Buahbatu,9513,107.660071250003,-6.931622000005545
<NA>,5397976633,51.14285635725963,,,,Jati Sari,Buahbatu,9513,107.66005875000279,-6.931716450007894
<NA>,5397976633,44.70758399553659,,,,Jati Sari,Buahbatu,9513,107.66005045000279,-6.931779400007866
<NA>,5397976633,35.46795023031905,,,,Jati Sari,Buahbatu,9513,107.66003795000299,-6.9318739000055585
<NA>,5397976633,17.123356884124608,,,,Jati Sari,Buahbatu,9513,107.65998499999915,-6.932105550006815
<NA>,1667839211,25.416107789913085,,,,Jati Sari,Buahbatu,9513,107.66018397945508,-6.932092573020355
<NA>,1667839211,18.046807606042037,,,,Jati Sari,Buahbatu,9513,107.66013156738639,-6.932181101208749
<NA>,1667836976,24.576013879501577,,,,Jati Sari,Buahbatu,9513,107.66029685000265,-6.931297450007506
<NA>,5397976633,27.201457510808773,,,,Jati Sari,Buahbatu,9513,107.66002545000279,-6.9319683500078675
<NA>,1667836916,24.605376789554892,,,,Jati Sari,Buahbatu,9513,107.65987183193386,-6.931250721781625
<NA>,1667836916,30.65618357736283,,,,Jati Sari,Buahbatu,9513,107.65986280000162,-6.9313113000047775
<NA>,1667836916,36.96021142846355,,,,Jati Sari,Buahbatu,9513,107.65985376806938,-6.931371878227916
<NA>,1667836916,43.40633337590449,,,,Jati Sari,Buahbatu,9513,107.65984468192775,-6.9314324217869165
<NA>,1667836916,49.94079590325292,,,,Jati Sari,Buahbatu,9513,107.65983565000163,-6.931493000004774
<NA>,1667836916,56.53313161596524,,,,Jati Sari,Buahbatu,9513,107.6598265962862,-6.931553574955284
<NA>,5397976633,55.835465104401244,,,,Jati Sari,Buahbatu,9513,107.65981750371704,-6.931614125054255
<NA>,5397976633,49.17700525011536,,,,Jati Sari,Buahbatu,9513,107.65980849628619,-6.931674674955286
<NA>,5397976633,42.55261187242496,,,,Jati Sari,Buahbatu,9513,107.65979942177654,-6.931735253276151
<NA>,5397976633,35.98694406477114,,,,Jati Sari,Buahbatu,9513,107.65979036015838,-6.931795818513936
<NA>,5397976633,29.51632297582014,,,,Jati Sari,Buahbatu,9513,107.65978133984484,-6.9318563814955825
<NA>,5397976633,23.22211884878415,,,,Jati Sari,Buahbatu,9513,107.65977225000161,-6.931916950004792
<NA>,1667839081,28.527390950228934,,,,Jati Sari,Buahbatu,9513,107.65961666034701,-6.931930155747326
<NA>,1667836818,18.323176165358174,,,,Jati Sari,Buahbatu,9513,107.65973320000182,-6.931150600005265
<NA>,1667836818,23.91541533165476,,,,Jati Sari,Buahbatu,9513,107.65972309521881,-6.931218374624219
<NA>,1667836818,30.381522588353125,,,,Jati Sari,Buahbatu,9513,107.6597129218852,-6.931286153500127
<NA>,1667836818,37.27493400391219,,,,Jati Sari,Buahbatu,9513,107.6597028000018,-6.931353950005281
<NA>,1667836818,44.39470950114105,,,,Jati Sari,Buahbatu,9513,107.65969267811842,-6.931421746510414
<NA>,1667836818,51.64466273855364,,,,Jati Sari,Buahbatu,9513,107.65968250478483,-6.931489525386298
<NA>,1667836818,58.97907797544727,,,,Jati Sari,Buahbatu,9513,107.65967240000184,-6.9315573000052675
<NA>,5397976633,57.691364300080146,,,,Jati Sari,Buahbatu,9513,107.65966227810672,-6.931625096506499
<NA>,5397976633,51.07100201846479,,,,Jati Sari,Buahbatu,9513,107.65965212189691,-6.931692903504016
<NA>,5397976633,44.7579288722351,,,,Jati Sari,Buahbatu,9513,107.65964200000181,-6.931760700005257
<NA>,5397976633,38.90315038677812,,,,Jati Sari,Buahbatu,9513,107.65963189521881,-6.931828474624224
<NA>,5397976633,17.295909225733514,,,,Jati Sari,Buahbatu,9513,107.65976318192777,-6.931977521786909
<NA>,1667836916,17.886822575523777,,,,Jati Sari,Buahbatu,9513,107.65988300000161,-6.9311762000043755
<NA>,1667838696,9.601017837389136,,,,Jati Sari,Buahbatu,9513,107.66226914515426,-6.931893872893678
<NA>,7201299895,15.879050637783035,,,,Jati Sari,Buahbatu,9513,107.66219325000033,-6.931885349998651
<NA>,7201299895,20.775085000955816,,,,Jati Sari,Buahbatu,9513,107.6621173548464,-6.931876827103615
<NA>,1667838578,20.73600567310837,,,,Jati Sari,Buahbatu,9513,107.66204142709604,-6.931868286594825
<NA>,1667836758,17.167288822525073,,,,Jati Sari,Buahbatu,9513,107.66210712723557,-6.931009295647417
<NA>,1667836758,22.00847678317444,,,,Jati Sari,Buahbatu,9513,107.66209685000258,-6.931097600005942
<NA>,1667836758,29.45353608612799,,,,Jati Sari,Buahbatu,9513,107.66208655000256,-6.931185900005952
<NA>,1667836758,38.00283138787816,,,,Jati Sari,Buahbatu,9513,107.66207625000256,-6.931274200005966
<NA>,1667836758,47.05940096307741,,,,Jati Sari,Buahbatu,9513,107.66206597276954,-6.931362504364509
<NA>,1667837089,50.299715404087245,,,,Jati Sari,Buahbatu,9513,107.66205572723557,-6.931450795647435
<NA>,1667838578,43.11442319512762,,,,Jati Sari,Buahbatu,9513,107.66204545000255,-6.931539100005945
<NA>,1667838578,34.2519987881635,,,,Jati Sari,Buahbatu,9513,107.66203515000255,-6.931627400005947
<NA>,1667836724,15.940231270572662,,,,Jati Sari,Buahbatu,9513,107.66180660000327,-6.930899700008207
<NA>,1667836758,18.890795937410306,,,,Jati Sari,Buahbatu,9513,107.66179650000328,-6.930984200008232
<NA>,1667836758,23.629585386509948,,,,Jati Sari,Buahbatu,9513,107.66178635000328,-6.931068650008216
<NA>,1667837089,24.41717126117557,,,,Jati Sari,Buahbatu,9513,107.66177620000327,-6.931153100008232
<NA>,1667837089,17.852697819522753,,,,Jati Sari,Buahbatu,9513,107.66176610000328,-6.931237600008209
<NA>,1667837089,14.7859011005861,,,,Jati Sari,Buahbatu,9513,107.6617560000033,-6.931322100008214
<NA>,1667837089,17.198668960283218,,,,Jati Sari,Buahbatu,9513,107.66174590000327,-6.9314065500082105
<NA>,1667837089,23.4551087475236,,,,Jati Sari,Buahbatu,9513,107.66173580000329,-6.9314910000082355
<NA>,1667837089,31.334704578059988,,,,Jati Sari,Buahbatu,9513,107.66172565000328,-6.931575500008236
<NA>,1667837467,26.002245903194883,,,,Jati Sari,Buahbatu,9513,107.66171550000328,-6.931660000008237
<NA>,1667838578,12.482746921122974,,,,Jati Sari,Buahbatu,9513,107.66196550000032,-6.931859799998669
<NA>,1667837089,27.59991285741295,,,,Jati Sari,Buahbatu,9513,107.66156255000179,-6.931069650003325
<NA>,1667836724,20.71586579702245,,,,Jati Sari,Buahbatu,9513,107.66157703976911,-6.93095992279892
<NA>,1667837050,15.817289679819112,,,,Jati Sari,Buahbatu,9513,107.66138970000186,-6.9311732000045145
<NA>,1667837050,22.97695420859445,,,,Jati Sari,Buahbatu,9513,107.66140045000186,-6.931091800004515
<NA>,1667837050,31.153041668603525,,,,Jati Sari,Buahbatu,9513,107.66141120000185,-6.9310104500045195
<NA>,1667836658,26.97650309150101,,,,Jati Sari,Buahbatu,9513,107.66142195000185,-6.930929100004523
<NA>,1667836658,15.371317071904397,,,,Jati Sari,Buahbatu,9513,107.66121065000208,-6.9307000000050145
<NA>,1667836658,19.486141887264257,,,,Jati Sari,Buahbatu,9513,107.66119905000208,-6.930787800004989
<NA>,1667836658,26.744123881705683,,,,Jati Sari,Buahbatu,9513,107.6611874500021,-6.930875600004996
<NA>,1667837050,34.07783875091424,,,,Jati Sari,Buahbatu,9513,107.66117586370979,-6.930963427442719
<NA>,1667837050,25.617777480618987,,,,Jati Sari,Buahbatu,9513,107.66116425000209,-6.9310512500049875
<NA>,1667836977,14.878811959913206,,,,Jati Sari,Buahbatu,9513,107.66099115000196,-6.931120750004794
<NA>,1667836977,22.166833879910946,,,,Jati Sari,Buahbatu,9513,107.6610020641852,-6.931038377482823
<NA>,1667836977,30.499554225838846,,,,Jati Sari,Buahbatu,9513,107.66101293581873,-6.930956022526757
<NA>,1667836649,35.89274584994431,,,,Jati Sari,Buahbatu,9513,107.66102385000197,-6.930873650004782
<NA>,1667836649,27.431256732652315,,,,Jati Sari,Buahbatu,9513,107.66103472748088,-6.930791245541134
<NA>,1667836649,19.646500357272547,,,,Jati Sari,Buahbatu,9513,107.66104558671697,-6.930708881942064
<NA>,1667836649,14.419427029397571,,,,Jati Sari,Buahbatu,9513,107.66082328872085,-6.930561572740749
<NA>,1667836649,19.917164380787785,,,,Jati Sari,Buahbatu,9513,107.66080960000195,-6.930665100004044
<NA>,1667836649,29.198741979166634,,,,Jati Sari,Buahbatu,9513,107.66079591128307,-6.930768627267336
<NA>,1667836977,37.690673881129065,,,,Jati Sari,Buahbatu,9513,107.66078218872084,-6.930872172740763
<NA>,1667836977,27.579943128923446,,,,Jati Sari,Buahbatu,9513,107.66076855000195,-6.930975700004053
<NA>,1667836976,17.569270683001765,,,,Jati Sari,Buahbatu,9513,107.66059675000214,-6.931077700005814
<NA>,1667836976,22.092139474146183,,,,Jati Sari,Buahbatu,9513,107.66060550000215,-6.931011600005817
<NA>,1667836976,27.865973066365033,,,,Jati Sari,Buahbatu,9513,107.6606142684687,-6.93094547789134
<NA>,1667836976,34.257791700882706,,,,Jati Sari,Buahbatu,9513,107.66062295000215,-6.930879350005813
<NA>,1667836976,40.986021311287935,,,,Jati Sari,Buahbatu,9513,107.66063168154062,-6.9308132221153596
<NA>,1667836626,39.3754720734485,,,,Jati Sari,Buahbatu,9513,107.66064045000215,-6.930747100005806
<NA>,1667836626,32.69997007296594,,,,Jati Sari,Buahbatu,9513,107.66064917210616,-6.930681003311468
<NA>,1667836626,26.401800948340604,,,,Jati Sari,Buahbatu,9513,107.66065792789813,-6.930614896700134
<NA>,1667836626,20.8247714641373,,,,Jati Sari,Buahbatu,9513,107.66066665000214,-6.9305488000058215
<NA>,1667836724,11.888008117334701,,,,Jati Sari,Buahbatu,9513,107.66159155000179,-6.930850200003342
<NA>,1667836658,12.957334852587655,,,,Jati Sari,Buahbatu,9513,107.66144345000187,-6.930766400004523
<NA>,1667837050,18.533133089416932,,,,Jati Sari,Buahbatu,9513,107.66115265000208,-6.931139050005013
<NA>,1667836649,13.730209934820426,,,,Jati Sari,Buahbatu,9513,107.66105643581872,-6.930626522526763
<NA>,1667836977,19.17774066031012,,,,Jati Sari,Buahbatu,9513,107.66075491128308,-6.931079227267355
<NA>,1667836626,16.710324509794834,,,,Jati Sari,Buahbatu,9513,107.66067540000215,-6.930482700005815
<NA>,1667837050,15.908378212074318,,,,Jati Sari,Buahbatu,9513,107.66137110000187,-6.931360750004196
<NA>,1667837050,24.619446664705308,,,,Jati Sari,Buahbatu,9513,107.66135585000187,-6.931462150004172
<NA>,1667837467,31.783326960783047,,,,Jati Sari,Buahbatu,9513,107.66130963485638,-6.931670451808863
<NA>,1667837467,31.90318698305835,,,,Jati Sari,Buahbatu,9513,107.66128088461417,-6.9317244651574965
<NA>,1667837089,13.069483631697919,,,,Jati Sari,Buahbatu,9513,107.66152191318679,-6.931373377734178
<NA>,1667837089,20.25873325431649,,,,Jati Sari,Buahbatu,9513,107.66150948681644,-6.93145562227402
<NA>,1667837089,28.621978521599488,,,,Jati Sari,Buahbatu,9513,107.66149712227822,-6.93153785470285
<NA>,1667837467,24.05348285126676,,,,Jati Sari,Buahbatu,9513,107.66148476319701,-6.931620077733663
<NA>,1667837467,16.303632005505072,,,,Jati Sari,Buahbatu,9513,107.66147233680626,-6.931702322274539
<NA>,1667838295,56.59317289670711,,,,Jati Sari,Buahbatu,9513,107.66109961852179,-6.932151007613738
<NA>,1667839442,26.946471570332683,,,,Jati Sari,Buahbatu,9513,107.66093905000048,-6.93257640000275
<NA>,1667839442,16.409407505609963,,,,Jati Sari,Buahbatu,9513,107.66083655000047,-6.9325226500027455
<NA>,1667839442,28.574320837873476,,,,Jati Sari,Buahbatu,9513,107.66093241517336,-6.9324656347835925
<NA>,1667839442,37.37756698377146,,,,Jati Sari,Buahbatu,9513,107.66097699999553,-6.9323817500152
<NA>,1667839442,46.892049946901395,,,,Jati Sari,Buahbatu,9513,107.66102159999554,-6.932297850015185
<NA>,1667839442,56.76011777356735,,,,Jati Sari,Buahbatu,9513,107.66106619999555,-6.9322139500151865
<NA>,1667838295,55.06322218288276,,,,Jati Sari,Buahbatu,9513,107.66112202385493,-6.93210909982378
<NA>,1667837467,49.943455586932956,,,,Jati Sari,Buahbatu,9513,107.66115543480794,-6.932046165246448
<NA>,1667837467,26.15200476669678,,,,Jati Sari,Buahbatu,9513,107.6614211499974,-6.932025200008511
<NA>,1667837467,33.434949636182225,,,,Jati Sari,Buahbatu,9513,107.66139014999739,-6.932083500008501
<NA>,1667837467,40.726143263423644,,,,Jati Sari,Buahbatu,9513,107.6613591499974,-6.932141800008506
<NA>,1667837467,48.026582086182806,,,,Jati Sari,Buahbatu,9513,107.66132814999737,-6.93220015000851
<NA>,1667837467,55.32977170998142,,,,Jati Sari,Buahbatu,9513,107.66129714999738,-6.932258500008499
<NA>,1667839459,55.88621093661784,,,,Jati Sari,Buahbatu,9513,107.66126613525282,-6.932316802196591
<NA>,1667839459,48.87509695831008,,,,Jati Sari,Buahbatu,9513,107.66123509999738,-6.9323751000085165
<NA>,1667839459,41.965528667446634,,,,Jati Sari,Buahbatu,9513,107.66120409999739,-6.932433400008498
<NA>,1667839459,35.21635575009913,,,,Jati Sari,Buahbatu,9513,107.66117306474193,-6.9324916978203825
<NA>,1667839459,28.74100222889464,,,,Jati Sari,Buahbatu,9513,107.66114204999738,-6.932550000008501
<NA>,1667838578,24.25595486928257,,,,Jati Sari,Buahbatu,9513,107.66168518475327,-6.932018301661361
<NA>,9551115820,10.41555728688051,,,,Jati Sari,Buahbatu,9513,107.66184343977234,-6.932031267089072
<NA>,9551115820,14.386178947568197,,,,Jati Sari,Buahbatu,9513,107.66180781021393,-6.932098332920544
<NA>,9551115820,21.140770433632625,,,,Jati Sari,Buahbatu,9513,107.66177208978456,-6.932165367088266
<NA>,9551115820,28.77270881936662,,,,Jati Sari,Buahbatu,9513,107.66173646022612,-6.9322324329197675
<NA>,9551115820,36.743273907886085,,,,Jati Sari,Buahbatu,9513,107.66170078978458,-6.93229946708828
<NA>,9551115820,44.87330951601988,,,,Jati Sari,Buahbatu,9513,107.66166514999925,-6.932366550004407
<NA>,9551115820,53.08906732400584,,,,Jati Sari,Buahbatu,9513,107.66162951021391,-6.932433632920566
<NA>,1667839470,49.59513314186201,,,,Jati Sari,Buahbatu,9513,107.66157598045334,-6.932534189750899
<NA>,1667839470,37.43436284170788,,,,Jati Sari,Buahbatu,9513,107.66152248978457,-6.9326347670882615
<NA>,1667839470,29.53340563252225,,,,Jati Sari,Buahbatu,9513,107.66148686022613,-6.93270183291978
<NA>,1667839470,22.01118702351786,,,,Jati Sari,Buahbatu,9513,107.66145118978457,-6.9327688670882965
<NA>,1667837467,28.621506246968384,,,,Jati Sari,Buahbatu,9513,107.661663534503,-6.932059915261762
<NA>,1667837467,33.12528856148278,,,,Jati Sari,Buahbatu,9513,107.66163514999974,-6.9321144000032335
<NA>,9551115820,39.111967744680754,,,,Jati Sari,Buahbatu,9513,107.6615999588441,-6.93218168241943
<NA>,9551115820,45.65765987021149,,,,Jati Sari,Buahbatu,9513,107.66156474999974,-6.932248950003226
<NA>,9551115820,52.73294153265206,,,,Jati Sari,Buahbatu,9513,107.66152954999974,-6.932316250003245
<NA>,9551115820,60.149692185245115,,,,Jati Sari,Buahbatu,9513,107.66149434115538,-6.93238351758706
<NA>,1667839459,52.034712323429105,,,,Jati Sari,Buahbatu,9513,107.66145914999974,-6.932450800003237
<NA>,1667839459,43.87588085454573,,,,Jati Sari,Buahbatu,9513,107.66142394999974,-6.932518100003224
<NA>,1667839459,35.832438704724396,,,,Jati Sari,Buahbatu,9513,107.6613887588441,-6.932585382419407
<NA>,1667839459,27.999538739909685,,,,Jati Sari,Buahbatu,9513,107.66135354999973,-6.932652650003233
<NA>,1667839459,20.617938320126488,,,,Jati Sari,Buahbatu,9513,107.66131834999976,-6.932719950003236
<NA>,1667837467,11.06227688452639,,,,Jati Sari,Buahbatu,9513,107.66145997772502,-6.931784545305366
<NA>,1667837467,33.41581635085016,,,,Jati Sari,Buahbatu,9513,107.66125219999807,-6.93177850000647
<NA>,1667837050,34.88101418250472,,,,Jati Sari,Buahbatu,9513,107.66134060000188,-6.93156355000419
<NA>,1667837467,33.81637195470551,,,,Jati Sari,Buahbatu,9513,107.66124793581368,-6.931872275226817
<NA>,1667837467,41.52206503364138,,,,Jati Sari,Buahbatu,9513,107.66120007666889,-6.931962315751034
<NA>,1667839470,15.419267959513224,,,,Jati Sari,Buahbatu,9513,107.66141554999926,-6.932835950004425
<NA>,1667839459,15.0168200840847,,,,Jati Sari,Buahbatu,9513,107.66128719999921,-6.932779250003605
<NA>,1667839459,20.12523884426572,,,,Jati Sari,Buahbatu,9513,107.66109554999942,-6.932637450005925
<NA>,1667837050,28.444591183017153,,,,Jati Sari,Buahbatu,9513,107.66111372290213,-6.931457604699583
<NA>,1667837050,19.37166470061692,,,,Jati Sari,Buahbatu,9513,107.66112580000117,-6.931350750000263
<NA>,1667836977,22.61714534534367,,,,Jati Sari,Buahbatu,9513,107.66097397707105,-6.93138018679065
<NA>,1667836977,18.471729318989198,,,,Jati Sari,Buahbatu,9513,107.66073183680668,-6.9312730229530555
<NA>,1667836977,25.03722190329195,,,,Jati Sari,Buahbatu,9513,107.66072211319415,-6.931359177061016
<NA>,1667836977,33.119665727256724,,,,Jati Sari,Buahbatu,9513,107.66071235000194,-6.931445350004193
<NA>,1667838295,18.533319220797548,,,,Jati Sari,Buahbatu,9513,107.66069290000192,-6.931617650004217
<NA>,1667838295,11.025642292679674,,,,Jati Sari,Buahbatu,9513,107.66068313680668,-6.931703822953047
<NA>,1667836976,18.4530425177483,,,,Jati Sari,Buahbatu,9513,107.66057380000234,-6.931245650005766
<NA>,1667836976,23.565578093554006,,,,Jati Sari,Buahbatu,9513,107.66056620000235,-6.9313129500057515
<NA>,1667836976,29.707036987403846,,,,Jati Sari,Buahbatu,9513,107.66055860000236,-6.9313802500057715
<NA>,1667836976,36.359723639689044,,,,Jati Sari,Buahbatu,9513,107.66055100000237,-6.9314475500057755
<NA>,1667838295,36.92740083458956,,,,Jati Sari,Buahbatu,9513,107.66054340000235,-6.931514850005763
<NA>,1667838295,30.15951066427283,,,,Jati Sari,Buahbatu,9513,107.66053200000246,-6.931615800003154
<NA>,1667838295,26.61477928495483,,,,Jati Sari,Buahbatu,9513,107.66052060000234,-6.9317167500057515
<NA>,1667839211,19.241346709210706,,,,Jati Sari,Buahbatu,9513,107.66038989999765,-6.932297050009131
<NA>,1667839211,25.972922077524384,,,,Jati Sari,Buahbatu,9513,107.66043041293086,-6.9322209338807905
<NA>,1667839211,34.07228495371556,,,,Jati Sari,Buahbatu,9513,107.66047089999766,-6.932144800009133
<NA>,1667839442,29.95525245781912,,,,Jati Sari,Buahbatu,9513,107.66051485000055,-6.932367000000676
<NA>,1667839442,23.116162905667604,,,,Jati Sari,Buahbatu,9513,107.66057457738371,-6.932398313238532
<NA>,1667838295,16.043226521660145,,,,Jati Sari,Buahbatu,9513,107.66089866854111,-6.9317895862475885
<NA>,1667838295,15.010584991250763,,,,Jati Sari,Buahbatu,9513,107.66086621376422,-6.931850446951417
<NA>,1667838295,19.89627181166312,,,,Jati Sari,Buahbatu,9513,107.66081759686429,-6.931941770353793
<NA>,1667838295,28.782879729442936,,,,Jati Sari,Buahbatu,9513,107.66076901855442,-6.932033086248326
<NA>,1667838295,35.52871300635111,,,,Jati Sari,Buahbatu,9513,107.66073659999607,-6.932093950011937
<NA>,1667838295,42.57790436448707,,,,Jati Sari,Buahbatu,9513,107.66070419999608,-6.932154850011939
<NA>,1667839442,39.151025043722036,,,,Jati Sari,Buahbatu,9513,107.66067178143773,-6.932215713775589
<NA>,1667839442,32.916159961433095,,,,Jati Sari,Buahbatu,9513,107.66063941855441,-6.932276586248312
<NA>,1667839442,27.398332901390365,,,,Jati Sari,Buahbatu,9513,107.66060700405009,-6.9323374521344805
<NA>,1667837050,35.430741350735886,,,,Jati Sari,Buahbatu,9513,107.66110567710079,-6.931528795306913
<NA>,1667838295,28.340823410335915,,,,Jati Sari,Buahbatu,9513,107.66094845000113,-6.931605999995758
<NA>,1667838295,9.150356886324417,,,,Jati Sari,Buahbatu,9513,107.66067343614674,-6.931789981999911
<NA>,1667838295,26.732329526532325,,,,Jati Sari,Buahbatu,9513,107.66051300000235,-6.931784050005779
<NA>,1667838295,42.31280755141209,,,,Jati Sari,Buahbatu,9513,107.66051140320431,-6.932068665421726
<NA>,1667839442,16.805708795170553,,,,Jati Sari,Buahbatu,9513,107.66063432261741,-6.932429686762826
<NA>,1667839483,53.63157706698957,,,,Jati Sari,Buahbatu,9513,107.65973508324936,-6.933770167140431
<NA>,1667839484,32.74813779265257,,,,Jati Sari,Buahbatu,9513,107.65929764885946,-6.933538967318309
<NA>,1667839484,42.6604354591687,,,,Jati Sari,Buahbatu,9513,107.65938975115074,-6.93358763267992
<NA>,1667839484,53.220852808227534,,,,Jati Sari,Buahbatu,9513,107.65948181732433,-6.933636309125829
<NA>,1667839484,64.11409798307234,,,,Jati Sari,Buahbatu,9513,107.6595739000051,-6.933684999999105
<NA>,1667839483,59.38532731126958,,,,Jati Sari,Buahbatu,9513,107.65966599885158,-6.933733667323188
<NA>,1667839483,50.2610631441286,,,,Jati Sari,Buahbatu,9513,107.65978111290042,-6.933794519974845
<NA>,1667839483,46.09496736556947,,,,Jati Sari,Buahbatu,9513,107.65985018268584,-6.933830990872393
<NA>,1667839483,42.07839948289313,,,,Jati Sari,Buahbatu,9513,107.65998828804831,-6.933904027647204
<NA>,1667839483,44.870122089214156,,,,Jati Sari,Buahbatu,9513,107.66012641847028,-6.9339770418060755
<NA>,1667839809,33.32957543656952,,,,Jati Sari,Buahbatu,9513,107.66031060000509,-6.934074399999109
<NA>,1667839809,24.767200929422568,,,,Jati Sari,Buahbatu,9513,107.66040269885157,-6.934123067323197
<NA>,1667839809,19.529323101622996,,,,Jati Sari,Buahbatu,9513,107.66049478268617,-6.934171740881612
<NA>,1667839809,20.363819161862793,,,,Jati Sari,Buahbatu,9513,107.66058685115074,-6.934220432679908
<NA>,1667839809,26.709199907702924,,,,Jati Sari,Buahbatu,9513,107.66067891732435,-6.934269109125812
<NA>,1667840092,26.859672547201985,,,,Jati Sari,Buahbatu,9513,107.66077099885158,-6.9343177673231615
<NA>,1667840092,20.451157935157944,,,,Jati Sari,Buahbatu,9513,107.66086310000509,-6.934366449999123
<NA>,13668173452,28.240907106170248,,,,Jati Sari,Buahbatu,9513,107.6611393500051,-6.934512499999119
<NA>,5031769868,19.191159125602784,,,,Jati Sari,Buahbatu,9513,107.66223900000566,-6.935093749997717
<NA>,5031769868,27.09425481036052,,,,Jati Sari,Buahbatu,9513,107.66209848388249,-6.935019437414817
<NA>,5031769868,22.945102489522785,,,,Jati Sari,Buahbatu,9513,107.66235320000601,-6.9351540999968675
<NA>,1667840204,23.067869731440634,,,,Jati Sari,Buahbatu,9513,107.66245859719548,-6.935209835861387
<NA>,1667840204,21.668372496782805,,,,Jati Sari,Buahbatu,9513,107.66264304788618,-6.935307317704709
<NA>,1667840204,19.363954761257354,,,,Jati Sari,Buahbatu,9513,107.66253765000468,-6.935251600000151
<NA>,5031769868,27.149702425720637,,,,Jati Sari,Buahbatu,9513,107.66240590281653,-6.935181964132321
<NA>,5031769868,20.069001833690383,,,,Jati Sari,Buahbatu,9513,107.66230050000601,-6.935126249996844
<NA>,1667840192,30.293466816292515,,,,Jati Sari,Buahbatu,9513,107.6620106177098,-6.93497300766105
<NA>,1667840192,21.710459086374808,,,,Jati Sari,Buahbatu,9513,107.66190520000468,-6.934917300000147
<NA>,1667840192,19.3079627928907,,,,Jati Sari,Buahbatu,9513,107.66179980000469,-6.934861600000169
<NA>,1667840192,24.94074984532068,,,,Jati Sari,Buahbatu,9513,107.66169440211598,-6.934805882299712
<NA>,13668173452,31.49942901299138,,,,Jati Sari,Buahbatu,9513,107.66158900000468,-6.934750150000157
<NA>,1667840192,21.908393360241803,,,,Jati Sari,Buahbatu,9513,107.66179422952823,-6.935217140029001
<NA>,5031769868,22.810649404155438,,,,Jati Sari,Buahbatu,9513,107.6619782024423,-6.935326580440036
<NA>,1667840192,28.196868009798415,,,,Jati Sari,Buahbatu,9513,107.66187937537958,-6.935240789500818
<NA>,5031769868,17.22130306192702,,,,Jati Sari,Buahbatu,9513,107.66204460000205,-6.93534419999721
<NA>,5031769868,21.674719870024852,,,,Jati Sari,Buahbatu,9513,107.66221929463559,-6.935443120702685
<NA>,1667840204,15.182793342545242,,,,Jati Sari,Buahbatu,9513,107.66235920000176,-6.935480799999917
<NA>,1667840204,19.968077642472625,,,,Jati Sari,Buahbatu,9513,107.662560584069,-6.93557896860802
<NA>,13668173452,16.474438345875175,,,,Jati Sari,Buahbatu,9513,107.66124600000468,-6.934569150000153
<NA>,13668173452,18.925262779205735,,,,Jati Sari,Buahbatu,9513,107.66148000000469,-6.934690950000166
<NA>,7672683244,70.65586017052331,,,,Cisaranten Endah,Arcamanik,21356,107.67332655000111,-6.929911150000708
<NA>,7672683244,60.11834413251617,,,,Cisaranten Endah,Arcamanik,21356,107.67322730000112,-6.9298915000006955
<NA>,7672683244,46.19229370987373,,,,Cisaranten Endah,Arcamanik,21356,107.67317470000113,-6.929699149997776
<NA>,9189377337,76.78797616101969,,,,Cisaranten Endah,Arcamanik,21356,107.67462891670604,-6.935009669409657
<NA>,9189377337,73.32221035643774,,,,Cisaranten Endah,Arcamanik,21356,107.67457588330085,-6.934990330583637
<NA>,9189377337,70.23285620732483,,,,Cisaranten Endah,Arcamanik,21356,107.67452281670603,-6.934971069409671
<NA>,9189377337,67.59201546431888,,,,Cisaranten Endah,Arcamanik,21356,107.6744697832701,-6.934951697286185
<NA>,9189377337,65.43176370098733,,,,Cisaranten Endah,Arcamanik,21356,107.67441671670603,-6.934932419425355
<NA>,9189377337,63.81851086610522,,,,Cisaranten Endah,Arcamanik,21356,107.67436370000343,-6.934913099996649
<NA>,9189377337,62.78676548666509,,,,Cisaranten Endah,Arcamanik,21356,107.67431068330083,-6.934893780567912
<NA>,9189377337,62.35739329468201,,,,Cisaranten Endah,Arcamanik,21356,107.67425761670604,-6.934874519425346
<NA>,9189377337,79.96870789708969,,,,Cisaranten Endah,Arcamanik,21356,107.67426118176519,-6.934707750254309
<NA>,9189377337,79.86055823636198,,,,Cisaranten Endah,Arcamanik,21356,107.67431400074484,-6.934726732524069
<NA>,9189377337,80.2385796051458,,,,Cisaranten Endah,Arcamanik,21356,107.67436681748812,-6.934745667240924
<NA>,9189377337,81.09520494053169,,,,Cisaranten Endah,Arcamanik,21356,107.67441964925001,-6.934764567483174
<NA>,9189377337,82.40726338415966,,,,Cisaranten Endah,Arcamanik,21356,107.67447248327042,-6.934783515284725
<NA>,9189377337,84.15784233476924,,,,Cisaranten Endah,Arcamanik,21356,107.6745253000026,-6.934802449997571
<NA>,9189377337,86.319978445692,,,,Cisaranten Endah,Arcamanik,21356,107.67457811673476,-6.9348213847104345
<NA>,9189377337,88.86399582015092,,,,Cisaranten Endah,Arcamanik,21356,107.67463095075517,-6.93484033251198
<NA>,5346598214,106.46688853037492,,,,Cisaranten Endah,Arcamanik,21356,107.67481571873773,-6.934427202702762
<NA>,5346598214,110.04738012995702,,,,Cisaranten Endah,Arcamanik,21356,107.67478878126262,-6.93449669730461
<NA>,5346598214,114.11557529233427,,,,Cisaranten Endah,Arcamanik,21356,107.67476181873772,-6.934566202702759
<NA>,9189377337,113.19102172300205,,,,Cisaranten Endah,Arcamanik,21356,107.67473485000018,-6.934635700003699
<NA>,5346598216,65.71549317017842,,,,Cisaranten Endah,Arcamanik,21356,107.67531146259726,-6.933939130234473
<NA>,5346598216,66.31053960750198,,,,Cisaranten Endah,Arcamanik,21356,107.67529233740366,-6.934002369771753
<NA>,5346598214,65.96277945342726,,,,Cisaranten Endah,Arcamanik,21356,107.67527325000047,-6.934065600003107
<NA>,5346598214,110.20651379891834,,,,Cisaranten Endah,Arcamanik,21356,107.67482055000187,-6.934105999998097
<NA>,5346598214,103.08910376166142,,,,Cisaranten Endah,Arcamanik,21356,107.67488215000186,-6.934124649998116
<NA>,5346598214,95.9720977681811,,,,Cisaranten Endah,Arcamanik,21356,107.67494375242197,-6.934143280803878
<NA>,5346598214,88.86102855504235,,,,Cisaranten Endah,Arcamanik,21356,107.67500529759063,-6.934161919185615
<NA>,5346598214,81.74953278314328,,,,Cisaranten Endah,Arcamanik,21356,107.67506685000187,-6.934180549998123
<NA>,5346598214,62.24925461749309,,,,Cisaranten Endah,Arcamanik,21356,107.67521470000207,-6.934373199997475
<NA>,5346598214,68.38338720634536,,,,Cisaranten Endah,Arcamanik,21356,107.67515973144432,-6.9343566823231715
<NA>,5346598214,74.55404034857864,,,,Cisaranten Endah,Arcamanik,21356,107.67510475159293,-6.934340231427832
<NA>,5346598214,80.7546643872808,,,,Cisaranten Endah,Arcamanik,21356,107.67504975000207,-6.934323749997461
<NA>,5346598214,86.97686970333923,,,,Cisaranten Endah,Arcamanik,21356,107.67499475000206,-6.934307249997474
<NA>,5346598214,93.21411245978703,,,,Cisaranten Endah,Arcamanik,21356,107.67493976855947,-6.934290767656494
<NA>,5346598214,99.46441818998696,,,,Cisaranten Endah,Arcamanik,21356,107.67488480000208,-6.934274249997468
<NA>,5346598214,105.72951118123996,,,,Cisaranten Endah,Arcamanik,21356,107.67482980000207,-6.9342577499974585
<NA>,5346598216,49.126487107366955,,,,Cisaranten Endah,Arcamanik,21356,107.67545606904012,-6.933979002119914
<NA>,5346598216,49.75971185706539,,,,Cisaranten Endah,Arcamanik,21356,107.6754385160481,-6.93403708097598
<NA>,5346598214,50.76702779095194,,,,Cisaranten Endah,Arcamanik,21356,107.67542088395265,-6.934095119033217
<NA>,5346598214,48.62629757455299,,,,Cisaranten Endah,Arcamanik,21356,107.67540333096063,-6.934153197889262
<NA>,5346598214,47.35273040447394,,,,Cisaranten Endah,Arcamanik,21356,107.67538575000039,-6.934211250004577
<NA>,5346598214,47.01433091983651,,,,Cisaranten Endah,Arcamanik,21356,107.67536815000041,-6.934269300004584
<NA>,5346598214,47.62696351609173,,,,Cisaranten Endah,Arcamanik,21356,107.67535056903256,-6.93432735211095
<NA>,5346598214,49.15570632532284,,,,Cisaranten Endah,Arcamanik,21356,107.67533300000038,-6.934385400004596
<NA>,5346598216,46.74187304363903,,,,Cisaranten Endah,Arcamanik,21356,107.67556855000167,-6.933815549998319
<NA>,5346598216,53.4430771559908,,,,Cisaranten Endah,Arcamanik,21356,107.67550496957176,-6.933797164096233
<NA>,5346598216,60.289108604231735,,,,Cisaranten Endah,Arcamanik,21356,107.67544140000167,-6.933778749998317
<NA>,5346598216,67.23798264916431,,,,Cisaranten Endah,Arcamanik,21356,107.67537783043569,-6.933760285910157
<NA>,5346598216,74.25774648187556,,,,Cisaranten Endah,Arcamanik,21356,107.67531425000168,-6.93374184999835
<NA>,5346598216,81.33051841056118,,,,Cisaranten Endah,Arcamanik,21356,107.67525065000167,-6.933723449998345
<NA>,5346598216,88.4438807765253,,,,Cisaranten Endah,Arcamanik,21356,107.67518705000167,-6.933705049998327
<NA>,5346598216,95.58877221126727,,,,Cisaranten Endah,Arcamanik,21356,107.67512345000166,-6.933686649998331
<NA>,5346598216,102.7586161760313,,,,Cisaranten Endah,Arcamanik,21356,107.67505985000167,-6.933668249998326
<NA>,5346598216,109.95101612630678,,,,Cisaranten Endah,Arcamanik,21356,107.67499625000167,-6.933649799998331
<NA>,5346598216,117.15967871067927,,,,Cisaranten Endah,Arcamanik,21356,107.67493265000167,-6.933631349998318
<NA>,5346598216,136.73092507722347,,,,Cisaranten Endah,Arcamanik,21356,107.67477245000083,-6.933556150003908
<NA>,5346598216,135.37801455782252,,,,Cisaranten Endah,Arcamanik,21356,107.67475255000082,-6.933630400003909
<NA>,5346598216,134.54972852286411,,,,Cisaranten Endah,Arcamanik,21356,107.67473266706912,-6.9337046165536265
<NA>,5346598216,134.2514750273344,,,,Cisaranten Endah,Arcamanik,21356,107.67471281258815,-6.933778879671791
<NA>,5346598214,133.55642950789462,,,,Cisaranten Endah,Arcamanik,21356,107.67469290773887,-6.9338531241239645
<NA>,5346598214,132.17618625344744,,,,Cisaranten Endah,Arcamanik,21356,107.67467306259958,-6.933927379671036
<NA>,5346598214,131.3417000782221,,,,Cisaranten Endah,Arcamanik,21356,107.67465315000082,-6.934001600003923
<NA>,5346598214,131.05262249421705,,,,Cisaranten Endah,Arcamanik,21356,107.67463325000081,-6.934075850003926
<NA>,5346598214,131.31511490548107,,,,Cisaranten Endah,Arcamanik,21356,107.67461335000083,-6.93415010000392
<NA>,5346598214,132.1277097190005,,,,Cisaranten Endah,Arcamanik,21356,107.67459343740207,-6.934224320336795
<NA>,5346598214,133.4737260975958,,,,Cisaranten Endah,Arcamanik,21356,107.67457356259958,-6.9342985796710455
<NA>,9189377337,126.37986288987815,,,,Cisaranten Endah,Arcamanik,21356,107.67455365000082,-6.934372800003934
<NA>,9189377337,118.03691084641153,,,,Cisaranten Endah,Arcamanik,21356,107.67453375000085,-6.934447050003918
<NA>,9189377337,109.71908141463203,,,,Cisaranten Endah,Arcamanik,21356,107.67451385000082,-6.934521300003928
<NA>,5346598789,149.1541107121223,,,,Cisaranten Endah,Arcamanik,21356,107.67467565000086,-6.933392300003516
<NA>,5346598216,152.6438189818129,,,,Cisaranten Endah,Arcamanik,21356,107.67465450000084,-6.933470250003523
<NA>,5346598216,151.06314395025996,,,,Cisaranten Endah,Arcamanik,21356,107.67463340000084,-6.933548200003521
<NA>,5346598216,149.9994641255323,,,,Cisaranten Endah,Arcamanik,21356,107.67461227956017,-6.933626195797394
<NA>,5346598216,149.46779669215925,,,,Cisaranten Endah,Arcamanik,21356,107.67459112044153,-6.933704204209644
<NA>,5346598214,149.21911286166085,,,,Cisaranten Endah,Arcamanik,21356,107.67457000000084,-6.9337822000035025
<NA>,5346598214,147.71494113250637,,,,Cisaranten Endah,Arcamanik,21356,107.67454890000084,-6.933860200003531
<NA>,5346598214,146.74346457527582,,,,Cisaranten Endah,Arcamanik,21356,107.67452777956015,-6.93393819579741
<NA>,5346598214,146.3167392811817,,,,Cisaranten Endah,Arcamanik,21356,107.67450662044153,-6.934016204209617
<NA>,5346598214,146.43224433275796,,,,Cisaranten Endah,Arcamanik,21356,107.67448550000084,-6.934094200003531
<NA>,9189377337,143.26335530937072,,,,Cisaranten Endah,Arcamanik,21356,107.67446440000084,-6.934172150003532
<NA>,9189377337,134.34081296642245,,,,Cisaranten Endah,Arcamanik,21356,107.67444325000085,-6.93425010000353
<NA>,9189377337,125.41521526979487,,,,Cisaranten Endah,Arcamanik,21356,107.67442210000087,-6.934328100003514
<NA>,9189377337,116.49413193457043,,,,Cisaranten Endah,Arcamanik,21356,107.67440100000084,-6.93440610000353
<NA>,9189377337,107.57616397701557,,,,Cisaranten Endah,Arcamanik,21356,107.67437987956015,-6.934484095797416
<NA>,9189377337,98.6597573793367,,,,Cisaranten Endah,Arcamanik,21356,107.67435872044155,-6.934562104209618
<NA>,5346598216,140.2198502509659,,,,Cisaranten Endah,Arcamanik,21356,107.67479474528956,-6.933448420332045
<NA>,5346598216,130.49563390402963,,,,Cisaranten Endah,Arcamanik,21356,107.67488240472166,-6.933473479663906
<NA>,5346598216,120.82845929836465,,,,Cisaranten Endah,Arcamanik,21356,107.67497009528172,-6.93349852033513
<NA>,5346598216,111.23725269783645,,,,Cisaranten Endah,Arcamanik,21356,107.6750577547138,-6.933523579666999
<NA>,5346598216,101.74405504685859,,,,Cisaranten Endah,Arcamanik,21356,107.67514539528173,-6.933548620335109
<NA>,5346598216,92.37240477531043,,,,Cisaranten Endah,Arcamanik,21356,107.67523305471383,-6.933573679667011
<NA>,5346598216,83.1676377060008,,,,Cisaranten Endah,Arcamanik,21356,107.67532070000169,-6.933598749999531
<NA>,5346598216,74.19083924191402,,,,Cisaranten Endah,Arcamanik,21356,107.67540837966851,-6.933623789883555
<NA>,5346598216,65.53725574617033,,,,Cisaranten Endah,Arcamanik,21356,107.6754960203299,-6.933648860108725
<NA>,5346598216,57.35213910949251,,,,Cisaranten Endah,Arcamanik,21356,107.67558370000168,-6.93367389999953
<NA>,5346598214,26.531797993063773,,,,Cisaranten Endah,Arcamanik,21356,107.67557755000078,-6.9342515000010945
<NA>,5346598214,51.52424968243084,,,,Cisaranten Endah,Arcamanik,21356,107.67531540000037,-6.934443500004579
<NA>,5346598214,64.39559845878198,,,,Cisaranten Endah,Arcamanik,21356,107.67525416259728,-6.934128830234474
<NA>,5346598214,74.63253590207997,,,,Cisaranten Endah,Arcamanik,21356,107.67512845000186,-6.934199199998109
<NA>,5346598214,112.00104751923892,,,,Cisaranten Endah,Arcamanik,21356,107.67477483144467,-6.934241232338427
<NA>,5346598216,49.868311979454504,,,,Cisaranten Endah,Arcamanik,21356,107.67567135000168,-6.9336989499995
<NA>,5346598216,124.37939812553131,,,,Cisaranten Endah,Arcamanik,21356,107.67486905000167,-6.933612949998323
<NA>,9189377337,101.43255516605761,,,,Cisaranten Endah,Arcamanik,21356,107.67449395000082,-6.934595550003927
<NA>,9189377337,105.49960085723849,,,,Cisaranten Endah,Arcamanik,21356,107.67470788126262,-6.934705197304617
<NA>,9189377337,91.76134365545121,,,,Cisaranten Endah,Arcamanik,21356,107.67468378251708,-6.934859232754261
<NA>,9189377337,62.56063866078833,,,,Cisaranten Endah,Arcamanik,21356,107.67420458330082,-6.934855180567943
<NA>,13233908921,72.15989716530729,,,,Cisaranten Endah,Arcamanik,21356,107.6735244500017,-6.933606999999242
<NA>,13233908921,64.45892636466768,,,,Cisaranten Endah,Arcamanik,21356,107.67343637054164,-6.93358351068659
<NA>,11201566004,69.13577998054822,,,,Cisaranten Endah,Arcamanik,21356,107.67335606928975,-6.933405916693317
<NA>,13233908921,72.9160532257906,,,,Cisaranten Endah,Arcamanik,21356,107.67341750000197,-6.933422799997396
<NA>,13233908921,77.00992543152189,,,,Cisaranten Endah,Arcamanik,21356,107.67347890000195,-6.933439699997392
<NA>,13233908921,81.51158229806424,,,,Cisaranten Endah,Arcamanik,21356,107.67354033071416,-6.933456583301496
<NA>,11201566004,100.70783210341988,,,,Cisaranten Endah,Arcamanik,21356,107.6736518000015,-6.933274599998953
<NA>,11201566004,92.77481940461865,,,,Cisaranten Endah,Arcamanik,21356,107.673579379805,-6.933254488115617
<NA>,11201566004,84.91311959965033,,,,Cisaranten Endah,Arcamanik,21356,107.67350695000145,-6.933234399998952
<NA>,11201566004,77.14941421417336,,,,Cisaranten Endah,Arcamanik,21356,107.67343455000146,-6.933214299998945
<NA>,11201566004,69.50774462791817,,,,Cisaranten Endah,Arcamanik,21356,107.67336212020294,-6.93319426189031
<NA>,13233908921,113.12150778786247,,,,Cisaranten Endah,Arcamanik,21356,107.6737755683661,-6.933294165662297
<NA>,13233908921,107.29265025403558,,,,Cisaranten Endah,Arcamanik,21356,107.67376223163551,-6.933372734340509
<NA>,13233908921,101.89563619658638,,,,Cisaranten Endah,Arcamanik,21356,107.67374889059154,-6.93345127223936
<NA>,13233908921,97.00424927615397,,,,Cisaranten Endah,Arcamanik,21356,107.67373558716892,-6.933529821195745
<NA>,13233908921,92.6904788295596,,,,Cisaranten Endah,Arcamanik,21356,107.67372224060234,-6.933608372238211
<NA>,13233908921,89.04713888347747,,,,Cisaranten Endah,Arcamanik,21356,107.6737089316355,-6.933686934340501
<NA>,13233908921,86.15228841616666,,,,Cisaranten Endah,Arcamanik,21356,107.67369559059154,-6.933765472239353
<NA>,13233908921,79.04540908770724,,,,Cisaranten Endah,Arcamanik,21356,107.6736278500013,-6.93397010000043
<NA>,13233908921,69.5166810115626,,,,Cisaranten Endah,Arcamanik,21356,107.6735450500013,-6.9339409500004425
<NA>,13233908921,60.05151729970835,,,,Cisaranten Endah,Arcamanik,21356,107.6734623000013,-6.9339118500004195
<NA>,13887852743,87.03552274658365,,,,Cisaranten Endah,Arcamanik,21356,107.67366915000207,-6.934142699998551
<NA>,13233908921,81.05221263481101,,,,Cisaranten Endah,Arcamanik,21356,107.67360605000206,-6.934120499998558
<NA>,13233908921,73.65775777170775,,,,Cisaranten Endah,Arcamanik,21356,107.67354295000206,-6.934098299998553
<NA>,13233908921,66.26405499777594,,,,Cisaranten Endah,Arcamanik,21356,107.67347985000207,-6.934076099998551
<NA>,13233908921,58.87138765366396,,,,Cisaranten Endah,Arcamanik,21356,107.67341675000206,-6.934053899998551
<NA>,13887852743,51.56459265485638,,,,Cisaranten Endah,Arcamanik,21356,107.67333321406412,-6.9342111814636676
<NA>,13887852743,46.403326349456435,,,,Cisaranten Endah,Arcamanik,21356,107.67331436741316,-6.934263916570503
<NA>,13887852743,41.52570968127627,,,,Cisaranten Endah,Arcamanik,21356,107.67329553258698,-6.9343166834359655
<NA>,13887852743,37.04579329223415,,,,Cisaranten Endah,Arcamanik,21356,107.67327668593605,-6.934369418542798
<NA>,13887852743,33.129256044077074,,,,Cisaranten Endah,Arcamanik,21356,107.67325789551175,-6.934422179495302
<NA>,13887852743,29.981223248250497,,,,Cisaranten Endah,Arcamanik,21356,107.67323900448838,-6.93447492051118
<NA>,13887852743,59.22038181029632,,,,Cisaranten Endah,Arcamanik,21356,107.67344220000015,-6.93425140000249
<NA>,13887852743,54.74672586466713,,,,Cisaranten Endah,Arcamanik,21356,107.67342313105344,-6.93430484735063
<NA>,13887852743,50.65639211517612,,,,Cisaranten Endah,Arcamanik,21356,107.67340405000016,-6.934358300002474
<NA>,13887852743,47.052477029719675,,,,Cisaranten Endah,Arcamanik,21356,107.67338496893963,-6.934411702642862
<NA>,13887852743,44.05660804889385,,,,Cisaranten Endah,Arcamanik,21356,107.67336593106067,-6.93446509736213
<NA>,13887852743,41.78916873898671,,,,Cisaranten Endah,Arcamanik,21356,107.67334685000016,-6.934518500002486
<NA>,13887852743,73.8075828450519,,,,Cisaranten Endah,Arcamanik,21356,107.67359868093322,-6.934280547096846
<NA>,13887852743,69.81422228777632,,,,Cisaranten Endah,Arcamanik,21356,107.67357850727298,-6.934337021976941
<NA>,13887852743,66.25306663922937,,,,Cisaranten Endah,Arcamanik,21356,107.67355839272743,-6.934393478028027
<NA>,13887852743,63.18251127884181,,,,Cisaranten Endah,Arcamanik,21356,107.67353821906718,-6.934449952908156
<NA>,13887852743,60.684165622693314,,,,Cisaranten Endah,Arcamanik,21356,107.67351803820222,-6.934506419069982
<NA>,13887852743,58.83758936237898,,,,Cisaranten Endah,Arcamanik,21356,107.67349791181033,-6.934562880930448
<NA>,13887852743,70.19014270403842,,,,Cisaranten Endah,Arcamanik,21356,107.67358390000005,-6.934660900002733
<NA>,13887852743,70.92441471969178,,,,Cisaranten Endah,Arcamanik,21356,107.67360110000006,-6.934612700002738
<NA>,13887852743,72.09889855973773,,,,Cisaranten Endah,Arcamanik,21356,107.67361831853563,-6.934564451967833
<NA>,13887852743,73.69681952896859,,,,Cisaranten Endah,Arcamanik,21356,107.6736355814736,-6.934516198049581
<NA>,13887852743,94.33284717767229,,,,Cisaranten Endah,Arcamanik,21356,107.67382205,-6.934524300003692
<NA>,13887852743,92.65606524251308,,,,Cisaranten Endah,Arcamanik,21356,107.67380403367473,-6.934574833304228
<NA>,9189377337,90.78671602122506,,,,Cisaranten Endah,Arcamanik,21356,107.67378596632523,-6.9346253667031625
<NA>,9189377337,86.23667787523193,,,,Cisaranten Endah,Arcamanik,21356,107.67376794999998,-6.934675900003677
<NA>,9189377337,65.06060670311581,,,,Cisaranten Endah,Arcamanik,21356,107.67407395000157,-6.934812799998563
<NA>,9189377337,66.81312456131339,,,,Cisaranten Endah,Arcamanik,21356,107.67402960000157,-6.934797199998564
<NA>,9189377337,68.91424538609752,,,,Cisaranten Endah,Arcamanik,21356,107.67398525000159,-6.934781599998561
<NA>,9189377337,71.33415059894342,,,,Cisaranten Endah,Arcamanik,21356,107.67394085000157,-6.934765999998559
<NA>,9189377337,74.04137986570585,,,,Cisaranten Endah,Arcamanik,21356,107.67389645000159,-6.934750399998561
<NA>,9189377337,88.98261437713253,,,,Cisaranten Endah,Arcamanik,21356,107.67389669933911,-6.934612067412042
<NA>,9189377337,86.4444335848683,,,,Cisaranten Endah,Arcamanik,21356,107.67394090000191,-6.934627649998139
<NA>,9189377337,84.1488026373059,,,,Cisaranten Endah,Arcamanik,21356,107.67398515067687,-6.934643232571405
<NA>,9189377337,82.12253154094873,,,,Cisaranten Endah,Arcamanik,21356,107.6740293993391,-6.934658767412017
<NA>,9189377337,80.37684843003497,,,,Cisaranten Endah,Arcamanik,21356,107.67407360066468,-6.934674332584243
<NA>,13233908921,151.79656934720566,,,,Cisaranten Endah,Arcamanik,21356,107.6742923500008,-6.93393700000325
<NA>,13233908921,150.30359513613956,,,,Cisaranten Endah,Arcamanik,21356,107.67427230000081,-6.93401230000325
<NA>,9189377337,146.90879194444634,,,,Cisaranten Endah,Arcamanik,21356,107.6742522500008,-6.9340876000032745
<NA>,9189377337,138.34218698612688,,,,Cisaranten Endah,Arcamanik,21356,107.6742322000008,-6.934162900003253
<NA>,9189377337,129.7830608417131,,,,Cisaranten Endah,Arcamanik,21356,107.67421215000081,-6.934238200003237
<NA>,13233908921,136.1657391436974,,,,Cisaranten Endah,Arcamanik,21356,107.67415287019836,-6.933890453431617
<NA>,13233908921,134.62368796793558,,,,Cisaranten Endah,Arcamanik,21356,107.67413535000068,-6.933956250003653
<NA>,13233908921,133.49125602322565,,,,Cisaranten Endah,Arcamanik,21356,107.67411785000068,-6.9340220000036625
<NA>,13233908921,132.7767761804736,,,,Cisaranten Endah,Arcamanik,21356,107.67410035000069,-6.934087750003642
<NA>,13233908921,109.3983246332589,,,,Cisaranten Endah,Arcamanik,21356,107.67389154694526,-6.93405386934639
<NA>,13233908921,101.99172717160376,,,,Cisaranten Endah,Arcamanik,21356,107.67382740304843,-6.9340330306571625
<NA>,13233908921,94.5915636524013,,,,Cisaranten Endah,Arcamanik,21356,107.67376324694527,-6.934012169346369
<NA>,13233908921,101.20284817450133,,,,Cisaranten Endah,Arcamanik,21356,107.67383655000071,-6.933824350003195
<NA>,13233908921,103.53468145055244,,,,Cisaranten Endah,Arcamanik,21356,107.67385305000072,-6.933759150003201
<NA>,13233908921,106.33826881878154,,,,Cisaranten Endah,Arcamanik,21356,107.67386955000072,-6.93369390000319
<NA>,13233908921,109.5772210485544,,,,Cisaranten Endah,Arcamanik,21356,107.67388605000072,-6.93362865000317
<NA>,13233908921,124.00699898938606,,,,Cisaranten Endah,Arcamanik,21356,107.67393151923334,-6.93336966547441
<NA>,13233908921,128.7022871290577,,,,Cisaranten Endah,Arcamanik,21356,107.67398565233684,-6.9333854807657325
<NA>,13233908921,133.5238649338656,,,,Cisaranten Endah,Arcamanik,21356,107.67403978076909,-6.933401284506729
<NA>,13233908921,141.26414656102946,,,,Cisaranten Endah,Arcamanik,21356,107.67419252056878,-6.933725054455369
<NA>,13233908921,145.4087622979768,,,,Cisaranten Endah,Arcamanik,21356,107.67421735000121,-6.933631800004532
<NA>,13233908921,150.19968027292424,,,,Cisaranten Endah,Arcamanik,21356,107.67424217943363,-6.933538545553725
<NA>,13233908921,170.1383216902953,,,,Cisaranten Endah,Arcamanik,21356,107.6744132000011,-6.933479150002424
<NA>,13233908921,165.15894539109058,,,,Cisaranten Endah,Arcamanik,21356,107.67438815000109,-6.933573250002421
<NA>,13233908921,160.74869253472406,,,,Cisaranten Endah,Arcamanik,21356,107.67436310000112,-6.933667350002419
<NA>,5346598789,169.94291245552324,,,,Cisaranten Endah,Arcamanik,21356,107.67445745000165,-6.93335745000017
<NA>,13233908921,169.335090561161,,,,Cisaranten Endah,Arcamanik,21356,107.67435937054309,-6.933329958982531
<NA>,13233908921,160.34493927687018,,,,Cisaranten Endah,Arcamanik,21356,107.67426133498292,-6.933302420487018
<NA>,13233908921,151.65261065667164,,,,Cisaranten Endah,Arcamanik,21356,107.67416325000166,-6.933274900000197
<NA>,13233908921,143.3166469076077,,,,Cisaranten Endah,Arcamanik,21356,107.67406515000167,-6.93324740000016
<NA>,13233908921,135.41044642503942,,,,Cisaranten Endah,Arcamanik,21356,107.67396710000166,-6.933219900000183
<NA>,11201566004,125.20311652092605,,,,Cisaranten Endah,Arcamanik,21356,107.67386904447555,-6.933192370543045
<NA>,11201566004,114.73648875925767,,,,Cisaranten Endah,Arcamanik,21356,107.67377095000168,-6.933164850000166
<NA>,11201566004,104.44109716442988,,,,Cisaranten Endah,Arcamanik,21356,107.67367290000168,-6.933137350000165
<NA>,11201566004,94.36785099515816,,,,Cisaranten Endah,Arcamanik,21356,107.67357485552776,-6.933109829457291
<NA>,11201566004,84.58872077540269,,,,Cisaranten Endah,Arcamanik,21356,107.67347675000167,-6.933082300000163
<NA>,13233908921,57.5058170444888,,,,Cisaranten Endah,Arcamanik,21356,107.6733483248296,-6.933559959848168
<NA>,13233908921,86.35212089852973,,,,Cisaranten Endah,Arcamanik,21356,107.67360176928975,-6.933473516693316
<NA>,13233908921,138.45843497399792,,,,Cisaranten Endah,Arcamanik,21356,107.67409391923387,-6.933417115489943
<NA>,13233908921,113.21258759392721,,,,Cisaranten Endah,Arcamanik,21356,107.67390255000072,-6.933563450003178
<NA>,13233908921,84.09026405684698,,,,Cisaranten Endah,Arcamanik,21356,107.67368228716892,-6.933844021195732
<NA>,11201566004,62.04002583813444,,,,Cisaranten Endah,Arcamanik,21356,107.67328970000149,-6.93317419999894
<NA>,11201566004,67.70939104656165,,,,Cisaranten Endah,Arcamanik,21356,107.67329505000163,-6.933031349998532
<NA>,11201566004,75.2321431761051,,,,Cisaranten Endah,Arcamanik,21356,107.67337870000166,-6.933054800000179
<NA>,13233908921,155.574355977561,,,,Cisaranten Endah,Arcamanik,21356,107.67426700000124,-6.933445350004541
<NA>,13233908921,156.95554533934154,,,,Cisaranten Endah,Arcamanik,21356,107.6743380500011,-6.93376145000242
<NA>,13887852743,129.05584218119833,,,,Cisaranten Endah,Arcamanik,21356,107.67408285000069,-6.934153550003664
<NA>,9189377337,121.2275075918774,,,,Cisaranten Endah,Arcamanik,21356,107.67419210000081,-6.934313550003254
<NA>,13233908921,50.675665021896556,,,,Cisaranten Endah,Arcamanik,21356,107.67337955000131,-6.933882750000415
<NA>,13233908921,51.47773899609304,,,,Cisaranten Endah,Arcamanik,21356,107.67335363126948,-6.934031686920752
<NA>,13887852743,27.88709777547586,,,,Cisaranten Endah,Arcamanik,21356,107.67322021406409,-6.934527681463665
<NA>,13887852743,40.37873167619949,,,,Cisaranten Endah,Arcamanik,21356,107.67332776893963,-6.934571902642847
<NA>,13887852743,57.695132381036764,,,,Cisaranten Endah,Arcamanik,21356,107.6734777500002,-6.934619350002499
<NA>,13887852743,75.68172010137538,,,,Cisaranten Endah,Arcamanik,21356,107.67365280000006,-6.934468000002717
<NA>,9189377337,78.93722689356287,,,,Cisaranten Endah,Arcamanik,21356,107.67411784932693,-6.934689867424892
<NA>,9189377337,77.01092827034385,,,,Cisaranten Endah,Arcamanik,21356,107.67385205000157,-6.934734749998578
<NA>,9189377337,81.86836724087533,,,,Cisaranten Endah,Arcamanik,21356,107.67374991815883,-6.934726401461403
<NA>,11778621908,36.657434848080285,,,,Cisaranten Endah,Arcamanik,21356,107.67556396989504,-6.931677203691581
<NA>,11778621908,40.33643003511197,,,,Cisaranten Endah,Arcamanik,21356,107.67554525000045,-6.9317389000025456
<NA>,11778621908,44.8545645770423,,,,Cisaranten Endah,Arcamanik,21356,107.67552655000044,-6.931800600002516
<NA>,11778621908,49.98634607818588,,,,Cisaranten Endah,Arcamanik,21356,107.67550785000046,-6.931862300002518
<NA>,11778621908,55.56200206384354,,,,Cisaranten Endah,Arcamanik,21356,107.67548915000044,-6.931924000002535
<NA>,11778621908,61.46084764260316,,,,Cisaranten Endah,Arcamanik,21356,107.67547045000045,-6.93198570000252
<NA>,11778621908,67.59832798350152,,,,Cisaranten Endah,Arcamanik,21356,107.67545175000043,-6.93204740000252
<NA>,11778621908,73.91502232724127,,,,Cisaranten Endah,Arcamanik,21356,107.67543305000045,-6.932109100002537
<NA>,11778621908,80.37120119732637,,,,Cisaranten Endah,Arcamanik,21356,107.67541433823675,-6.932170819908447
<NA>,5346598789,82.61164652882862,,,,Cisaranten Endah,Arcamanik,21356,107.67536285000054,-6.93230145000269
<NA>,5346598789,79.4166224405637,,,,Cisaranten Endah,Arcamanik,21356,107.67534520000054,-6.932364200002679
<NA>,5346598789,76.76697291194978,,,,Cisaranten Endah,Arcamanik,21356,107.67532760000054,-6.932426900002681
<NA>,5346598789,74.71812100063491,,,,Cisaranten Endah,Arcamanik,21356,107.67531000000056,-6.932489650002683
<NA>,5346598789,73.32932594545908,,,,Cisaranten Endah,Arcamanik,21356,107.67529235000055,-6.932552400002691
<NA>,5346598789,72.63540374116202,,,,Cisaranten Endah,Arcamanik,21356,107.67527470000054,-6.932615100002683
<NA>,5346598789,72.64685033727584,,,,Cisaranten Endah,Arcamanik,21356,107.67525710000054,-6.932677850002687
<NA>,5346598789,73.37612340348095,,,,Cisaranten Endah,Arcamanik,21356,107.67523945000053,-6.932740600002697
<NA>,5346598789,74.79729269733522,,,,Cisaranten Endah,Arcamanik,21356,107.67522180000053,-6.932803300002687
<NA>,5346598789,36.068409571290225,,,,Cisaranten Endah,Arcamanik,21356,107.67578895000129,-6.933129599999181
<NA>,5346598789,37.4719338604321,,,,Cisaranten Endah,Arcamanik,21356,107.675719279764,-6.933110138487759
<NA>,5346598789,40.44564309236492,,,,Cisaranten Endah,Arcamanik,21356,107.67564962023859,-6.933090761510613
<NA>,5346598789,44.66381642888695,,,,Cisaranten Endah,Arcamanik,21356,107.67557997570657,-6.933071308720906
<NA>,5346598789,49.81996533020955,,,,Cisaranten Endah,Arcamanik,21356,107.675510324296,-6.933051891277474
<NA>,5346598789,55.652731961770414,,,,Cisaranten Endah,Arcamanik,21356,107.67544065000129,-6.933032449999171
<NA>,5346598789,61.971795630785095,,,,Cisaranten Endah,Arcamanik,21356,107.675370979764,-6.9330130384877675
<NA>,5346598789,68.64043709253076,,,,Cisaranten Endah,Arcamanik,21356,107.67530132023319,-6.93299361150226
<NA>,5346598789,75.5677870511899,,,,Cisaranten Endah,Arcamanik,21356,107.6752316500013,-6.93297414999917
<NA>,5346598780,45.29900264199137,,,,Cisaranten Endah,Arcamanik,21356,107.67595438170925,-6.933232548824109
<NA>,5346598789,97.27117031989908,,,,Cisaranten Endah,Arcamanik,21356,107.67511151707706,-6.932428616563443
<NA>,5346598789,96.19838319052594,,,,Cisaranten Endah,Arcamanik,21356,107.67509408292398,-6.9324900834425325
<NA>,5346598789,95.6398950932987,,,,Cisaranten Endah,Arcamanik,21356,107.67507663707781,-6.932551520018434
<NA>,5346598789,95.59678573492779,,,,Cisaranten Endah,Arcamanik,21356,107.67505922997972,-6.932612996542346
<NA>,5346598789,96.07956459528761,,,,Cisaranten Endah,Arcamanik,21356,107.67504178292397,-6.932674483442514
<NA>,5346598789,97.07702281096131,,,,Cisaranten Endah,Arcamanik,21356,107.67502433707779,-6.932735920018412
<NA>,5346598789,98.56794678618874,,,,Cisaranten Endah,Arcamanik,21356,107.67500692997972,-6.932797396542354
<NA>,5346598789,100.54089350043303,,,,Cisaranten Endah,Arcamanik,21356,107.67498947001587,-6.932858853454163
<NA>,5346598789,114.31538093814565,,,,Cisaranten Endah,Arcamanik,21356,107.6750102202232,-6.932293061633076
<NA>,5346598789,106.21870243595917,,,,Cisaranten Endah,Arcamanik,21356,107.67508355000147,-6.932313449999041
<NA>,5346598789,110.32879414887671,,,,Cisaranten Endah,Arcamanik,21356,107.67499255912864,-6.932403529409328
<NA>,5346598789,109.25493269406103,,,,Cisaranten Endah,Arcamanik,21356,107.67497024087292,-6.932482770594569
<NA>,5346598789,108.92519969998617,,,,Cisaranten Endah,Arcamanik,21356,107.674948009136,-6.932562029402901
<NA>,5346598789,109.35966779691014,,,,Cisaranten Endah,Arcamanik,21356,107.67492575000078,-6.932641250001948
<NA>,5346598789,110.54924149643543,,,,Cisaranten Endah,Arcamanik,21356,107.67490345000077,-6.932720500001938
<NA>,5346598789,112.4610484344831,,,,Cisaranten Endah,Arcamanik,21356,107.67488120000077,-6.932799750001949
<NA>,5346598789,126.11963699720552,,,,Cisaranten Endah,Arcamanik,21356,107.67478329762693,-6.9330637193426785
<NA>,5346598789,119.75648833941226,,,,Cisaranten Endah,Arcamanik,21356,107.67484650000198,-6.933081599997675
<NA>,5346598789,113.50238336276422,,,,Cisaranten Endah,Arcamanik,21356,107.67490970000196,-6.933099499997661
<NA>,5346598789,107.37554350642544,,,,Cisaranten Endah,Arcamanik,21356,107.67497290000195,-6.933117399997639
<NA>,5346598789,101.39904066369893,,,,Cisaranten Endah,Arcamanik,21356,107.67503610000195,-6.933135299997638
<NA>,5346598789,95.60107398302058,,,,Cisaranten Endah,Arcamanik,21356,107.67509930000196,-6.9331531999976495
<NA>,5346598789,90.01614880740074,,,,Cisaranten Endah,Arcamanik,21356,107.67516250000196,-6.933171099997667
<NA>,5346598789,84.68642483018868,,,,Cisaranten Endah,Arcamanik,21356,107.67522570000195,-6.9331889999976575
<NA>,5346598789,79.66177441939827,,,,Cisaranten Endah,Arcamanik,21356,107.67528890237698,-6.933206880652613
<NA>,5346598789,75.00460125366052,,,,Cisaranten Endah,Arcamanik,21356,107.67535210000196,-6.933224749997649
<NA>,5346598789,70.78763829254153,,,,Cisaranten Endah,Arcamanik,21356,107.67541529762694,-6.933242619342679
<NA>,5346598789,67.09448206083067,,,,Cisaranten Endah,Arcamanik,21356,107.67547850000194,-6.9332604999976475
<NA>,5346598789,64.01732801203019,,,,Cisaranten Endah,Arcamanik,21356,107.67554170000197,-6.933278399997648
<NA>,5346598789,61.64664536388401,,,,Cisaranten Endah,Arcamanik,21356,107.67560490000194,-6.933296299997655
<NA>,5346598789,60.06614124562904,,,,Cisaranten Endah,Arcamanik,21356,107.67566810000194,-6.933314199997635
<NA>,5346598216,74.68169352474271,,,,Cisaranten Endah,Arcamanik,21356,107.67565301566071,-6.933462080512945
<NA>,5346598789,77.36274110940774,,,,Cisaranten Endah,Arcamanik,21356,107.67556348434287,-6.93343641948594
<NA>,5346598789,80.2381787529016,,,,Cisaranten Endah,Arcamanik,21356,107.6754739156607,-6.93341078051295
<NA>,5346598789,84.27653781524889,,,,Cisaranten Endah,Arcamanik,21356,107.67538437969132,-6.933385089796821
<NA>,5346598789,89.33062970810299,,,,Cisaranten Endah,Arcamanik,21356,107.67529482496762,-6.933359439888228
<NA>,5346598789,95.23238512415405,,,,Cisaranten Endah,Arcamanik,21356,107.67520527503598,-6.933333760110671
<NA>,5346598789,101.84034138649429,,,,Cisaranten Endah,Arcamanik,21356,107.67511572496761,-6.93330813988821
<NA>,5346598789,109.01947452935818,,,,Cisaranten Endah,Arcamanik,21356,107.67502617503597,-6.933282460110671
<NA>,5346598789,116.67032373680473,,,,Cisaranten Endah,Arcamanik,21356,107.6749366249676,-6.933256839888206
<NA>,5346598789,124.69954706330276,,,,Cisaranten Endah,Arcamanik,21356,107.67484707969234,-6.933231139806397
<NA>,5346598780,49.10209071234188,,,,Cisaranten Endah,Arcamanik,21356,107.67594165000034,-6.933277150004546
<NA>,5346598789,82.68997127049813,,,,Cisaranten Endah,Arcamanik,21356,107.675161979764,-6.932954738487772
<NA>,5346598789,76.86532381909791,,,,Cisaranten Endah,Arcamanik,21356,107.67520420000054,-6.932866000002706
<NA>,5346598782,83.67248860339998,,,,Cisaranten Endah,Arcamanik,21356,107.67539565000047,-6.932232550002511
<NA>,5346598789,98.17801196776696,,,,Cisaranten Endah,Arcamanik,21356,107.67515685000146,-6.932333849999046
<NA>,5346598789,102.957958399044,,,,Cisaranten Endah,Arcamanik,21356,107.67497205000052,-6.932920300002958
<NA>,5346598789,115.06425896295777,,,,Cisaranten Endah,Arcamanik,21356,107.67485895000077,-6.932879000001953
<NA>,5346598789,59.338988957424036,,,,Cisaranten Endah,Arcamanik,21356,107.67573130000196,-6.933332099997672
<NA>,5346598789,133.04582531484655,,,,Cisaranten Endah,Arcamanik,21356,107.67475751566073,-6.933205480512956
<NA>,5346598789,134.6592833938371,,,,Cisaranten Endah,Arcamanik,21356,107.67477605501959,-6.9323492225979155
<NA>,5346598789,133.9446022262183,,,,Cisaranten Endah,Arcamanik,21356,107.67475883024133,-6.9324108971526055
<NA>,5346598789,133.60212395307104,,,,Cisaranten Endah,Arcamanik,21356,107.67474160000059,-6.932472600004032
<NA>,5346598789,133.6311438909583,,,,Cisaranten Endah,Arcamanik,21356,107.67472441473008,-6.93253428025171
<NA>,5346598789,134.03866214523447,,,,Cisaranten Endah,Arcamanik,21356,107.67470720000057,-6.932595950004038
<NA>,5346598789,134.8157565655733,,,,Cisaranten Endah,Arcamanik,21356,107.67469000000058,-6.932657650004034
<NA>,5346598789,135.96033385113043,,,,Cisaranten Endah,Arcamanik,21356,107.67467278527107,-6.932719319756358
<NA>,5346598789,137.45774964879615,,,,Cisaranten Endah,Arcamanik,21356,107.67465560000058,-6.932781000004027
<NA>,5346598789,139.30156546343292,,,,Cisaranten Endah,Arcamanik,21356,107.67463840000059,-6.9328427000040165
<NA>,5346598789,141.47844753199925,,,,Cisaranten Endah,Arcamanik,21356,107.67462118448256,-6.932904383096906
<NA>,5346598789,143.97561393482124,,,,Cisaranten Endah,Arcamanik,21356,107.67460393025273,-6.932966047160079
<NA>,5346598789,134.7368979914644,,,,Cisaranten Endah,Arcamanik,21356,107.67482500000159,-6.932245449999877
<NA>,11778621908,143.8646675551256,,,,Cisaranten Endah,Arcamanik,21356,107.67473515510315,-6.9322192796540225
<NA>,5346598736,157.60877249166737,,,,Cisaranten Endah,Arcamanik,21356,107.67427877058664,-6.932092108555862
<NA>,5346598736,162.62852221756958,,,,Cisaranten Endah,Arcamanik,21356,107.67438025000163,-6.932120500000456
<NA>,5346598736,145.35168680304832,,,,Cisaranten Endah,Arcamanik,21356,107.67389802952441,-6.931982341226402
<NA>,5346598736,147.35112683225762,,,,Cisaranten Endah,Arcamanik,21356,107.67399637047365,-6.932010508768047
<NA>,5348106111,157.41010128623682,,,,Cisaranten Endah,Arcamanik,21356,107.67391580000077,-6.932110550003481
<NA>,5348106111,159.02304376855608,,,,Cisaranten Endah,Arcamanik,21356,107.67389300000079,-6.93218910000348
<NA>,5346598736,162.18549100275044,,,,Cisaranten Endah,Arcamanik,21356,107.67405316121653,-6.932146979629969
<NA>,5346598736,171.037478707173,,,,Cisaranten Endah,Arcamanik,21356,107.67403100915483,-6.932226424655792
<NA>,5346598736,170.35629135642054,,,,Cisaranten Endah,Arcamanik,21356,107.67426643339181,-6.932209883324992
<NA>,5346598736,178.61276333522136,,,,Cisaranten Endah,Arcamanik,21356,107.67424423647923,-6.932287419874668
<NA>,5346598789,174.8390936632399,,,,Cisaranten Endah,Arcamanik,21356,107.67442258506618,-6.93225441968591
<NA>,5346598789,174.2284722850648,,,,Cisaranten Endah,Arcamanik,21356,107.6744009000009,-6.932331650006549
<NA>,11201566003,174.89148214473337,,,,Cisaranten Endah,Arcamanik,21356,107.67400887962683,-6.932305845723374
<NA>,5348106111,161.1290194235017,,,,Cisaranten Endah,Arcamanik,21356,107.67387020000078,-6.932267650003485
<NA>,5346598736,150.18013011473792,,,,Cisaranten Endah,Arcamanik,21356,107.67409472952966,-6.93203869123251
<NA>,5346598789,174.0682955576888,,,,Cisaranten Endah,Arcamanik,21356,107.67437923031804,-6.932408847251358
<NA>,5346598736,186.93397437431375,,,,Cisaranten Endah,Arcamanik,21356,107.67422211353012,-6.932364980132141
<NA>,11778621908,166.36738751081637,,,,Cisaranten Endah,Arcamanik,21356,107.67448172941663,-6.9321488914450535
<NA>,5346598789,150.87804539497233,,,,Cisaranten Endah,Arcamanik,21356,107.67463358011966,-6.932309996717306
<NA>,5346598789,150.2915023185928,,,,Cisaranten Endah,Arcamanik,21356,107.67461506314572,-6.932374030123256
<NA>,5346598789,150.06645630297857,,,,Cisaranten Endah,Arcamanik,21356,107.67459653685535,-6.932438069883595
<NA>,5346598789,150.199852559218,,,,Cisaranten Endah,Arcamanik,21356,107.67457805000053,-6.932502100003423
<NA>,5346598789,150.69449346439148,,,,Cisaranten Endah,Arcamanik,21356,107.67455956314573,-6.932566130123235
<NA>,5346598789,151.55100987141452,,,,Cisaranten Endah,Arcamanik,21356,107.67454103685533,-6.932630169883583
<NA>,5346598789,152.75515268895026,,,,Cisaranten Endah,Arcamanik,21356,107.67452255000053,-6.932694200003419
<NA>,5346598789,154.30412138773679,,,,Cisaranten Endah,Arcamanik,21356,107.67450405000054,-6.932758250003425
<NA>,5346598789,156.18656011485524,,,,Cisaranten Endah,Arcamanik,21356,107.67448555000054,-6.9328223000034335
<NA>,11201566003,149.56718987667693,,,,Cisaranten Endah,Arcamanik,21356,107.67381470000166,-6.932427149998382
<NA>,11201566003,154.9894414879001,,,,Cisaranten Endah,Arcamanik,21356,107.67388339674592,-6.932446069939753
<NA>,11201566003,160.61061856699166,,,,Cisaranten Endah,Arcamanik,21356,107.67395207320064,-6.932465043535
<NA>,11201566003,166.41842543543535,,,,Cisaranten Endah,Arcamanik,21356,107.67402075000163,-6.932483949998376
<NA>,11201566003,172.39201672664396,,,,Cisaranten Endah,Arcamanik,21356,107.67408944673893,-6.932502869949946
<NA>,11201566004,178.38697262471433,,,,Cisaranten Endah,Arcamanik,21356,107.67415815326432,-6.93252183004684
<NA>,11201566004,184.1387159015389,,,,Cisaranten Endah,Arcamanik,21356,107.67422683005518,-6.932540736507414
<NA>,5346598789,179.57334276276111,,,,Cisaranten Endah,Arcamanik,21356,107.67429549674591,-6.9325596699397565
<NA>,5346598789,174.9428422495498,,,,Cisaranten Endah,Arcamanik,21356,107.67431865000204,-6.932729949997554
<NA>,11201566004,178.81174212054523,,,,Cisaranten Endah,Arcamanik,21356,107.67425000000202,-6.932711149997578
<NA>,11201566004,172.5348277085534,,,,Cisaranten Endah,Arcamanik,21356,107.67418130000202,-6.9326923499975495
<NA>,11201566004,166.39407573427349,,,,Cisaranten Endah,Arcamanik,21356,107.67411260000202,-6.932673549997571
<NA>,11201566004,160.4039138478119,,,,Cisaranten Endah,Arcamanik,21356,107.67404390268692,-6.932654780351885
<NA>,11201566004,154.58301936104624,,,,Cisaranten Endah,Arcamanik,21356,107.67397520000202,-6.932635999997563
<NA>,11201566003,148.7710344615809,,,,Cisaranten Endah,Arcamanik,21356,107.67390649731713,-6.932617219643245
<NA>,11201566003,142.6929333990835,,,,Cisaranten Endah,Arcamanik,21356,107.67383780000202,-6.932598449997595
<NA>,11778621908,151.5306137954106,,,,Cisaranten Endah,Arcamanik,21356,107.67464530000159,-6.932193099999885
<NA>,5346598789,171.73792325534686,,,,Cisaranten Endah,Arcamanik,21356,107.67436420325735,-6.932578630057042
<NA>,11201566003,136.7996079142486,,,,Cisaranten Endah,Arcamanik,21356,107.67376910000202,-6.932579649997552
<NA>,5346598789,146.77073282856685,,,,Cisaranten Endah,Arcamanik,21356,107.67458670000057,-6.933027750004035
<NA>,5346598789,158.39033250092194,,,,Cisaranten Endah,Arcamanik,21356,107.67446705000054,-6.93288630000341
<NA>,11201566003,89.32528477004685,,,,Cisaranten Endah,Arcamanik,21356,107.67331035000147,-6.932655049999149
<NA>,11201566003,94.48981322148305,,,,Cisaranten Endah,Arcamanik,21356,107.67338285000147,-6.932676249999174
<NA>,11201566003,100.0860226219417,,,,Cisaranten Endah,Arcamanik,21356,107.67345535000148,-6.932697449999173
<NA>,11201566003,106.04559336135466,,,,Cisaranten Endah,Arcamanik,21356,107.67352785000146,-6.9327186499991615
<NA>,11201566003,112.31069695616837,,,,Cisaranten Endah,Arcamanik,21356,107.6736003500015,-6.932739849999172
<NA>,11201566004,118.6174114640208,,,,Cisaranten Endah,Arcamanik,21356,107.67367285000147,-6.93276104999914
<NA>,11201566004,124.56284817721915,,,,Cisaranten Endah,Arcamanik,21356,107.67374537402563,-6.932782291265137
<NA>,11201566004,130.77405654043585,,,,Cisaranten Endah,Arcamanik,21356,107.67381790000147,-6.932803499999156
<NA>,11201566004,137.2132450310304,,,,Cisaranten Endah,Arcamanik,21356,107.6738904259773,-6.9328247087331905
<NA>,11201566004,143.8483622518969,,,,Cisaranten Endah,Arcamanik,21356,107.67396295000147,-6.932845949999153
<NA>,11201566004,150.6538892285765,,,,Cisaranten Endah,Arcamanik,21356,107.67403545000145,-6.932867149999176
<NA>,11201566004,157.60839507206245,,,,Cisaranten Endah,Arcamanik,21356,107.67410795000147,-6.932888349999172
<NA>,11201566004,164.6930080539546,,,,Cisaranten Endah,Arcamanik,21356,107.67418045000147,-6.932909549999173
<NA>,11201566004,171.8916416267746,,,,Cisaranten Endah,Arcamanik,21356,107.67425295000149,-6.932930749999145
<NA>,11201566003,84.92286625718954,,,,Cisaranten Endah,Arcamanik,21356,107.67335818512638,-6.932806370957998
<NA>,11201566003,93.33205295647454,,,,Cisaranten Endah,Arcamanik,21356,107.67345420000166,-6.9328350500002545
<NA>,11201566004,101.25856767693753,,,,Cisaranten Endah,Arcamanik,21356,107.67355024456454,-6.9328637203096
<NA>,11201566004,109.43447740757047,,,,Cisaranten Endah,Arcamanik,21356,107.67364630543086,-6.932892379693437
<NA>,11201566004,118.08057269623794,,,,Cisaranten Endah,Arcamanik,21356,107.67374232031119,-6.932921058732352
<NA>,11201566004,127.1099088749231,,,,Cisaranten Endah,Arcamanik,21356,107.67383837969211,-6.932949741268157
<NA>,11201566004,136.4402052092092,,,,Cisaranten Endah,Arcamanik,21356,107.67393441487694,-6.932978429042523
<NA>,11201566004,146.02085405626752,,,,Cisaranten Endah,Arcamanik,21356,107.67403048512637,-6.933007070957993
<NA>,11201566004,155.79668657683777,,,,Cisaranten Endah,Arcamanik,21356,107.67412652031119,-6.933035758732335
<NA>,11201566004,165.73995710285152,,,,Cisaranten Endah,Arcamanik,21356,107.67422257425396,-6.9330644115809585
<NA>,11201566004,175.8162973137259,,,,Cisaranten Endah,Arcamanik,21356,107.67431860000165,-6.933093100000254
<NA>,5346598789,167.33903720515616,,,,Cisaranten Endah,Arcamanik,21356,107.67441465543878,-6.93312177969092
<NA>,5346598789,174.48139898754607,,,,Cisaranten Endah,Arcamanik,21356,107.67432545000148,-6.932951949999157
<NA>,5346598789,157.6424760922389,,,,Cisaranten Endah,Arcamanik,21356,107.67451070000166,-6.933150450000247
<NA>,5346598736,118.2072292251807,,,,Cisaranten Endah,Arcamanik,21356,107.67433765000219,-6.9317185999969135
<NA>,5346598736,115.57052320457709,,,,Cisaranten Endah,Arcamanik,21356,107.67429085000218,-6.931704749996886
<NA>,5346598736,113.13552814542679,,,,Cisaranten Endah,Arcamanik,21356,107.6742440500022,-6.93169094999692
<NA>,5346598736,124.0131405211389,,,,Cisaranten Endah,Arcamanik,21356,107.67443125000217,-6.93174624999689
<NA>,11778621908,89.39455826012085,,,,Cisaranten Endah,Arcamanik,21356,107.67515670000216,-6.93196049999915
<NA>,11778621908,97.7742978840334,,,,Cisaranten Endah,Arcamanik,21356,107.67506310000216,-6.931932849999161
<NA>,11778621908,106.5902694573636,,,,Cisaranten Endah,Arcamanik,21356,107.67496949565188,-6.931905220134967
<NA>,11778621908,115.74009607339201,,,,Cisaranten Endah,Arcamanik,21356,107.67487590435245,-6.93187757986329
<NA>,11778621908,125.1568673165405,,,,Cisaranten Endah,Arcamanik,21356,107.67478226578501,-6.931849930651164
<NA>,11778621908,134.77793431914662,,,,Cisaranten Endah,Arcamanik,21356,107.67468865434668,-6.931822279870487
<NA>,5346598736,135.6514631671467,,,,Cisaranten Endah,Arcamanik,21356,107.67459505000218,-6.931794649999139
<NA>,5346598736,128.79144305043877,,,,Cisaranten Endah,Arcamanik,21356,107.67450145000217,-6.93176699999913
<NA>,5346598736,121.02735790372526,,,,Cisaranten Endah,Arcamanik,21356,107.67438445000218,-6.931732449996894
<NA>,5346598736,110.90719175705014,,,,Cisaranten Endah,Arcamanik,21356,107.67419723236762,-6.93167712827815
<NA>,5346598736,107.98579395703717,,,,Cisaranten Endah,Arcamanik,21356,107.67412700000216,-6.931656399999143
<NA>,5346598736,104.93810476732017,,,,Cisaranten Endah,Arcamanik,21356,107.67403340000217,-6.931628749999135
<NA>,5346598736,102.9373041597992,,,,Cisaranten Endah,Arcamanik,21356,107.67393980000219,-6.931601099999176
<NA>,5346598736,81.81597631470339,,,,Cisaranten Endah,Arcamanik,21356,107.67389885000183,-6.931398249999764
<NA>,5346598736,82.9430688634898,,,,Cisaranten Endah,Arcamanik,21356,107.67399245000182,-6.9314259499997695
<NA>,5346598736,85.43025125615539,,,,Cisaranten Endah,Arcamanik,21356,107.67408605000182,-6.931453649999772
<NA>,5346598736,89.15980025680095,,,,Cisaranten Endah,Arcamanik,21356,107.67417967482062,-6.9314813107177615
<NA>,5346598736,93.98905380174457,,,,Cisaranten Endah,Arcamanik,21356,107.67427330491755,-6.931508979746052
<NA>,5346598736,99.75654180007783,,,,Cisaranten Endah,Arcamanik,21356,107.67436690000183,-6.9315366499997495
<NA>,5346598736,106.31504949714058,,,,Cisaranten Endah,Arcamanik,21356,107.67446052025863,-6.931564359541829
<NA>,5346598736,113.52214920161398,,,,Cisaranten Endah,Arcamanik,21356,107.67455415000181,-6.93159204999976
<NA>,5346598736,121.26282908151833,,,,Cisaranten Endah,Arcamanik,21356,107.67464775000181,-6.931619749999767
<NA>,11778621908,127.15479356492455,,,,Cisaranten Endah,Arcamanik,21356,107.67474135000182,-6.931647449999766
<NA>,11778621908,116.91917898332072,,,,Cisaranten Endah,Arcamanik,21356,107.67483495000182,-6.931675149999776
<NA>,11778621908,106.79383681037832,,,,Cisaranten Endah,Arcamanik,21356,107.67492855000182,-6.9317028499997635
<NA>,11778621908,96.81337222634774,,,,Cisaranten Endah,Arcamanik,21356,107.67502215000182,-6.931730549999761
<NA>,11778621908,87.02764395784955,,,,Cisaranten Endah,Arcamanik,21356,107.67511575000182,-6.931758249999768
<NA>,5346598736,102.04498980655343,,,,Cisaranten Endah,Arcamanik,21356,107.67384620000217,-6.931573449999136
<NA>,11778621908,77.5069990632478,,,,Cisaranten Endah,Arcamanik,21356,107.67520937974501,-6.931785940457709
<NA>,11778621908,54.78538251507139,,,,Cisaranten Endah,Arcamanik,21356,107.67539553044178,-6.931628584274765
<NA>,11778621908,57.72868692846228,,,,Cisaranten Endah,Arcamanik,21356,107.67537428959164,-6.931697420048853
<NA>,11778621908,61.56608491753958,,,,Cisaranten Endah,Arcamanik,21356,107.67535309035571,-6.931766275643812
<NA>,11778621908,92.67755848731592,,,,Cisaranten Endah,Arcamanik,21356,107.67522845000153,-6.932135449999856
<NA>,11778621908,98.90991633268075,,,,Cisaranten Endah,Arcamanik,21356,107.67514125000154,-6.932109999999851
<NA>,11778621908,105.72960630765965,,,,Cisaranten Endah,Arcamanik,21356,107.67505407032206,-6.9320845594548945
<NA>,11778621908,113.02459040305571,,,,Cisaranten Endah,Arcamanik,21356,107.67496693471053,-6.93205907022374
<NA>,11778621908,120.72166760488807,,,,Cisaranten Endah,Arcamanik,21356,107.67487974496262,-6.932033620327744
<NA>,11778621908,128.7430674313456,,,,Cisaranten Endah,Arcamanik,21356,107.67479255504041,-6.932008179671971
<NA>,11778621908,137.03115644976603,,,,Cisaranten Endah,Arcamanik,21356,107.67470536529252,-6.931982729775984
<NA>,11778621908,145.53755543129526,,,,Cisaranten Endah,Arcamanik,21356,107.67461820503402,-6.931957279679645
<NA>,5346598736,147.0235318208124,,,,Cisaranten Endah,Arcamanik,21356,107.67453102464738,-6.931931810868897
<NA>,5346598736,141.34560460976425,,,,Cisaranten Endah,Arcamanik,21356,107.67444385504042,-6.931906379671957
<NA>,5346598736,136.16840218312177,,,,Cisaranten Endah,Arcamanik,21356,107.67435664496261,-6.931880920327776
<NA>,5346598736,131.5598095053051,,,,Cisaranten Endah,Arcamanik,21356,107.67426947535569,-6.931855489130808
<NA>,5346598736,127.57173922856974,,,,Cisaranten Endah,Arcamanik,21356,107.67418232464738,-6.931830010868903
<NA>,5346598736,124.27418162913013,,,,Cisaranten Endah,Arcamanik,21356,107.67409515504042,-6.931804579671969
<NA>,5346598736,121.71525732644382,,,,Cisaranten Endah,Arcamanik,21356,107.67400794496263,-6.931779120327752
<NA>,5346598736,119.94452028488234,,,,Cisaranten Endah,Arcamanik,21356,107.67392075000153,-6.931753649999857
<NA>,5348106111,93.55037058291175,,,,Cisaranten Endah,Arcamanik,21356,107.67346347024784,-6.9316170089819735
<NA>,5348106111,103.6229186247354,,,,Cisaranten Endah,Arcamanik,21356,107.67355182975517,-6.931643591018171
<NA>,5348106111,113.71861011452744,,,,Cisaranten Endah,Arcamanik,21356,107.67364017545846,-6.931670238739137
<NA>,5348106111,93.31484676455861,,,,Cisaranten Endah,Arcamanik,21356,107.67346665242049,-6.931471030669095
<NA>,5348106111,100.45195527210826,,,,Cisaranten Endah,Arcamanik,21356,107.67353195000207,-6.931489799997644
<NA>,5346598736,105.99643382270396,,,,Cisaranten Endah,Arcamanik,21356,107.67359724758364,-6.931508569326191
<NA>,5346598736,104.3982779680212,,,,Cisaranten Endah,Arcamanik,21356,107.6736625524205,-6.931527330669082
<NA>,5346598736,93.16611403236615,,,,Cisaranten Endah,Arcamanik,21356,107.67348270000217,-6.931274399997938
<NA>,5346598736,89.46773021694403,,,,Cisaranten Endah,Arcamanik,21356,107.67355470000217,-6.931295699997939
<NA>,5346598736,86.41140951614534,,,,Cisaranten Endah,Arcamanik,21356,107.67362670000217,-6.931316999997954
<NA>,5346598736,84.06720908537743,,,,Cisaranten Endah,Arcamanik,21356,107.67369870000216,-6.93133829999795
<NA>,11778621908,66.15407914519683,,,,Cisaranten Endah,Arcamanik,21356,107.67533180964541,-6.931835124360819
<NA>,11778621908,80.48669801587144,,,,Cisaranten Endah,Arcamanik,21356,107.6752693500023,-6.932000899999146
<NA>,5346598736,119.00122849952082,,,,Cisaranten Endah,Arcamanik,21356,107.67383357032736,-6.931728209461789
<NA>,5346598736,118.91359620145138,,,,Cisaranten Endah,Arcamanik,21356,107.67372852454452,-6.931696861261024
<NA>,5346598736,103.32511457142725,,,,Cisaranten Endah,Arcamanik,21356,107.67372786933764,-6.931546115404562
<NA>,5346598736,82.49355827517512,,,,Cisaranten Endah,Arcamanik,21356,107.67377075000216,-6.931359599997963
<NA>,5348106111,68.55937248703718,,,,Cisaranten Endah,Arcamanik,21356,107.67279520000393,-6.932108800000117
<NA>,5348106111,77.13436319626817,,,,Cisaranten Endah,Arcamanik,21356,107.67288370000394,-6.932160250000128
<NA>,5348106111,86.34080191914437,,,,Cisaranten Endah,Arcamanik,21356,107.6729722327475,-6.932211642627863
<NA>,6411578803,93.75641749069948,,,,Cisaranten Endah,Arcamanik,21356,107.67306075000394,-6.932263050000119
<NA>,5348106111,70.1325734162147,,,,Cisaranten Endah,Arcamanik,21356,107.67314274575759,-6.931877821976014
<NA>,5348106111,62.3459084761995,,,,Cisaranten Endah,Arcamanik,21356,107.6730640719753,-6.931865414227471
<NA>,5348106111,63.73713715668273,,,,Cisaranten Endah,Arcamanik,21356,107.67316695000017,-6.931706349997934
<NA>,5348106111,55.3308932977662,,,,Cisaranten Endah,Arcamanik,21356,107.67308875000018,-6.931698349997964
<NA>,5348106111,60.116525224929504,,,,Cisaranten Endah,Arcamanik,21356,107.67316735962233,-6.931500375631407
<NA>,5348106111,54.86864643763663,,,,Cisaranten Endah,Arcamanik,21356,107.67298540000081,-6.931852999997975
<NA>,5348106111,47.02402044665776,,,,Cisaranten Endah,Arcamanik,21356,107.67301050000017,-6.931690349997952
<NA>,5348106111,46.270943982282986,,,,Cisaranten Endah,Arcamanik,21356,107.67304194038061,-6.931495724372972
<NA>,5348106111,65.7862909621545,,,,Cisaranten Endah,Arcamanik,21356,107.67319764999968,-6.9313563499985085
<NA>,5348106111,56.866946469531655,,,,Cisaranten Endah,Arcamanik,21356,107.67311244490081,-6.931353024260086
<NA>,5348106111,48.143502732114214,,,,Cisaranten Endah,Arcamanik,21356,107.67302724999966,-6.9313496999985
<NA>,5348106111,39.74343196713043,,,,Cisaranten Endah,Arcamanik,21356,107.67294205509855,-6.931346375736942
<NA>,5348106111,31.92791111793497,,,,Cisaranten Endah,Arcamanik,21356,107.67285689490684,-6.931343024259431
<NA>,5348106111,25.23565204153347,,,,Cisaranten Endah,Arcamanik,21356,107.67277174999968,-6.931339699998508
<NA>,4123957919,59.19153496712982,,,,Cisaranten Endah,Arcamanik,21356,107.67285651483675,-6.930240931603929
<NA>,4123957919,59.32336836161374,,,,Cisaranten Endah,Arcamanik,21356,107.67285268516554,-6.930338768399476
<NA>,4123957919,61.39187698641083,,,,Cisaranten Endah,Arcamanik,21356,107.67284880000115,-6.930436600001719
<NA>,4123957919,65.21550626405384,,,,Cisaranten Endah,Arcamanik,21356,107.67284490000115,-6.930534400001708
<NA>,9803141668,64.39273245236298,,,,Cisaranten Endah,Arcamanik,21356,107.67284101483676,-6.930632231603932
<NA>,9803141668,55.695357782525555,,,,Cisaranten Endah,Arcamanik,21356,107.67283717565314,-6.930730042746709
<NA>,9803141668,47.87324426307951,,,,Cisaranten Endah,Arcamanik,21356,107.67283330950475,-6.930827875661568
<NA>,9803141668,41.42719334665462,,,,Cisaranten Endah,Arcamanik,21356,107.67282940000115,-6.930925700001691
<NA>,9803141668,37.08733074137666,,,,Cisaranten Endah,Arcamanik,21356,107.67282550000115,-6.931023500001683
<NA>,7672683244,31.366279380328436,,,,Cisaranten Endah,Arcamanik,21356,107.67297715000075,-6.929791750002352
<NA>,7672683244,36.366665450234606,,,,Cisaranten Endah,Arcamanik,21356,107.67295075000074,-6.92987300000236
<NA>,7672683244,42.89649114600869,,,,Cisaranten Endah,Arcamanik,21356,107.67292434097124,-6.929954269995312
<NA>,7672683244,50.36365155923797,,,,Cisaranten Endah,Arcamanik,21356,107.67289795903028,-6.9300355300094
<NA>,9803141668,35.63017086579859,,,,Cisaranten Endah,Arcamanik,21356,107.67282161483676,-6.931121331603921
<NA>,7672683244,58.40635187139519,,,,Cisaranten Endah,Arcamanik,21356,107.67287154097123,-6.930116769995293
<NA>,9803141668,59.880763609921125,,,,Cisaranten Endah,Arcamanik,21356,107.6730413737606,-6.931107056261663
<NA>,9803141668,61.39367237105317,,,,Cisaranten Endah,Arcamanik,21356,107.67304802624231,-6.93101574374334
<NA>,9803141668,64.480956243618,,,,Cisaranten Endah,Arcamanik,21356,107.6730546737606,-6.930924456261661
<NA>,9803141668,68.93356118473956,,,,Cisaranten Endah,Arcamanik,21356,107.67306132624232,-6.93083314374333
<NA>,9803141668,74.50434861349021,,,,Cisaranten Endah,Arcamanik,21356,107.67306797376061,-6.930741856261674
<NA>,9803141668,80.96607371068038,,,,Cisaranten Endah,Arcamanik,21356,107.67307462624231,-6.930650543743328
<NA>,9803141668,88.11934292893304,,,,Cisaranten Endah,Arcamanik,21356,107.67308127376062,-6.93055925626166
<NA>,4123957919,87.73010651899341,,,,Cisaranten Endah,Arcamanik,21356,107.67308792624146,-6.930467893736299
<NA>,4123957919,86.39651627082523,,,,Cisaranten Endah,Arcamanik,21356,107.67309457376061,-6.93037655626166
<NA>,7672683244,84.35414249305184,,,,Cisaranten Endah,Arcamanik,21356,107.67310122624231,-6.930285243743309
<NA>,7672683244,75.74814316606101,,,,Cisaranten Endah,Arcamanik,21356,107.6731078737606,-6.930193956261667
<NA>,7672683244,85.9735302811603,,,,Cisaranten Endah,Arcamanik,21356,107.67325890998069,-6.9302023761111196
<NA>,7672683244,94.49835477150698,,,,Cisaranten Endah,Arcamanik,21356,107.67325219002218,-6.930303423893413
<NA>,5346598736,97.356895704256,,,,Cisaranten Endah,Arcamanik,21356,107.67324548387204,-6.9304044829469555
<NA>,5346598736,95.1635855269657,,,,Cisaranten Endah,Arcamanik,21356,107.67323872611786,-6.930505493173785
<NA>,5346598736,94.2556992328774,,,,Cisaranten Endah,Arcamanik,21356,107.67323200000143,-6.930606550002278
<NA>,9803141668,91.41997571277993,,,,Cisaranten Endah,Arcamanik,21356,107.67322530000143,-6.930707600002275
<NA>,9803141668,85.9284993860961,,,,Cisaranten Endah,Arcamanik,21356,107.67321860000143,-6.930808650002267
<NA>,9803141668,81.61500129366185,,,,Cisaranten Endah,Arcamanik,21356,107.67321190000143,-6.930909700002284
<NA>,9803141668,78.67276283314098,,,,Cisaranten Endah,Arcamanik,21356,107.67320519002219,-6.931010723893414
<NA>,7672683244,67.56383212642206,,,,Cisaranten Endah,Arcamanik,21356,107.67311452624232,-6.930102643743321
<NA>,9803141668,77.26186818140245,,,,Cisaranten Endah,Arcamanik,21356,107.67319850998071,-6.931111776111101
<NA>,13758446160,44.16696180640954,,,,Pasirjati,Ujungberung,19018,107.70376977844067,-6.914822279402161
